gw,fpl_id,minutes,starts,goals_scored,assists,clean_sheets,goals_conceded,own_goals,penalties_saved,penalties_missed,yellow_cards,red_cards,saves,bonus,bps,influence,creativity,threat,ict_index,clearances_blocks_interceptions,recoveries,tackles,defensive_contribution,total_points,in_dreamteam
1,1,90,1,0,0,1,0,0,0,0,0,0,1,0,24,11.8,0.0,0.0,1.2,1,8,0,0,6,False
1,2,0,0,0,0,0,0,0,0,0,0,0,0,0,0,0.0,0.0,0.0,0.0,0,0,0,0,0,False
1,3,0,0,0,0,0,0,0,0,0,0,0,0,0,0,0.0,0.0,0.0,0.0,0,0,0,0,0,False
1,4,90,1,0,0,1,0,0,0,0,1,0,0,0,21,6.6,1.8,1.0,0.9,4,2,0,4,5,False
1,5,0,0,0,0,0,0,0,0,0,0,0,0,0,0,0.0,0.0,0.0,0.0,0,0,0,0,0,False
1,6,0,0,0,0,0,0,0,0,0,0,0,0,0,0,0.0,0.0,0.0,0.0,0,0,0,0,0,False
1,7,90,1,0,0,1,0,0,0,0,0,0,0,0,15,11.0,22.9,7.0,4.1,1,5,1,7,3,False
1,8,80,1,0,1,1,0,0,0,0,0,0,0,0,31,26.0,12.2,4.0,4.2,4,1,1,5,9,False
1,9,9,0,0,0,0,0,0,0,0,0,0,0,0,3,0.4,0.5,0.0,0.1,0,0,0,0,1,False
1,10,90,1,0,1,1,0,0,0,0,0,0,0,2,37,33.2,26.8,13.0,7.3,4,3,1,5,11,False
1,11,90,1,0,0,1,0,0,0,0,0,0,0,0,27,14.4,0.6,0.0,1.5,6,3,0,6,6,False
1,12,67,1,1,0,1,0,0,0,0,0,0,0,1,36,42.8,26.1,33.0,10.2,2,4,1,7,9,False
1,13,67,1,0,0,1,0,0,0,0,0,0,0,0,10,6.8,6.4,2.0,1.5,3,3,0,6,3,False
1,14,14,0,0,0,0,0,0,0,0,0,0,0,0,4,0.0,1.8,1.0,0.1,0,2,0,2,1,False
1,15,75,1,1,0,1,0,0,0,0,0,0,0,3,41,50.6,41.5,31.0,12.3,1,4,3,8,11,False
1,16,22,0,0,0,0,0,0,0,0,0,0,0,0,8,9.4,43.1,0.0,5.3,0,2,0,2,1,False
1,17,14,0,0,0,0,0,0,0,0,0,0,0,0,5,3.6,1.2,14.0,1.9,0,2,0,2,1,False
1,18,0,0,0,0,0,0,0,0,0,0,0,0,0,0,0.0,0.0,0.0,0.0,0,0,0,0,0,False
1,19,22,0,0,0,0,0,0,0,0,0,0,0,0,3,3.8,2.3,0.0,0.6,0,2,1,3,1,False
1,20,0,0,0,0,0,0,0,0,0,0,0,0,0,0,0.0,0.0,0.0,0.0,0,0,0,0,0,False
1,21,0,0,0,0,0,0,0,0,0,0,0,0,0,0,0.0,0.0,0.0,0.0,0,0,0,0,0,False
1,22,0,0,0,0,0,0,0,0,0,0,0,0,0,0,0.0,0.0,0.0,0.0,0,0,0,0,0,False
1,23,0,0,0,0,0,0,0,0,0,0,0,0,0,0,0.0,0.0,0.0,0.0,0,0,0,0,0,False
1,24,0,0,0,0,0,0,0,0,0,0,0,0,0,0,0.0,0.0,0.0,0.0,0,0,0,0,0,False
1,25,0,0,0,0,0,0,0,0,0,0,0,0,0,0,0.0,0.0,0.0,0.0,0,0,0,0,0,False
1,26,90,1,1,0,1,0,0,0,0,0,0,0,0,34,37.2,13.2,25.0,7.5,2,0,0,2,6,False
1,27,0,0,0,0,0,0,0,0,0,0,0,0,0,0,0.0,0.0,0.0,0.0,0,0,0,0,0,False
1,28,0,0,0,0,0,0,0,0,0,0,0,0,0,0,0.0,0.0,0.0,0.0,0,0,0,0,0,False
1,29,90,1,0,0,0,4,0,0,0,0,0,3,0,1,28.2,0.0,0.0,2.8,2,6,0,0,1,False
1,30,0,0,0,0,0,0,0,0,0,0,0,0,0,0,0.0,0.0,0.0,0.0,0,0,0,0,0,False
1,31,0,0,0,0,0,0,0,0,0,0,0,0,0,0,0.0,0.0,0.0,0.0,0,0,0,0,0,False
1,32,90,1,0,0,0,4,0,0,0,1,0,0,0,-8,12.0,1.1,0.0,1.3,5,0,2,7,-1,False
1,33,16,0,0,0,0,0,0,0,0,0,0,0,0,5,2.0,0.0,0.0,0.2,0,0,1,1,1,False
1,34,73,1,0,0,0,4,0,0,0,0,0,0,0,-14,0.0,0.7,0.0,0.0,5,1,0,5,0,False
1,35,16,0,0,0,0,0,0,0,0,0,0,0,0,3,2.2,0.5,0.0,0.3,1,0,0,1,1,False
1,36,81,1,0,0,0,4,0,0,0,0,0,0,0,-9,9.2,0.8,3.0,1.3,7,2,2,9,0,False
1,37,90,1,0,0,0,4,1,0,0,0,0,0,0,-13,1.8,0.1,0.0,0.2,3,1,0,3,-2,False
1,38,0,0,0,0,0,0,0,0,0,0,0,0,0,0,0.0,0.0,0.0,0.0,0,0,0,0,0,False
1,39,0,0,0,0,0,0,0,0,0,0,0,0,0,0,0.0,0.0,0.0,0.0,0,0,0,0,0,False
1,40,81,1,1,0,0,2,0,0,0,0,0,0,1,37,48.8,53.5,29.0,13.1,0,5,2,7,8,False
1,41,85,1,0,0,0,4,0,0,0,0,0,0,0,4,0.0,16.3,8.0,2.2,3,3,1,7,2,False
1,42,27,0,0,0,0,0,0,0,0,0,0,0,0,3,3.2,1.8,7.0,1.2,0,0,1,1,1,False
1,43,66,1,0,0,0,2,0,0,0,0,0,0,0,13,5.0,11.3,4.0,2.0,0,5,0,5,2,False
1,44,0,0,0,0,0,0,0,0,0,0,0,0,0,0,0.0,0.0,0.0,0.0,0,0,0,0,0,False
1,45,81,1,0,0,0,4,0,0,0,1,0,0,0,8,1.6,2.4,1.0,0.5,2,3,1,6,1,False
1,46,73,1,0,0,0,4,0,0,0,0,0,0,0,11,9.4,21.4,7.0,3.8,1,0,0,1,2,False
1,47,90,1,0,0,0,4,0,0,0,0,0,0,0,9,11.2,2.8,0.0,1.4,3,2,2,7,2,False
1,48,0,0,0,0,0,0,0,0,0,0,0,0,0,0,0.0,0.0,0.0,0.0,0,0,0,0,0,False
1,49,0,0,0,0,0,0,0,0,0,0,0,0,0,0,0.0,0.0,0.0,0.0,0,0,0,0,0,False
1,50,0,0,0,0,0,0,0,0,0,0,0,0,0,0,0.0,0.0,0.0,0.0,0,0,0,0,0,False
1,51,90,1,0,0,0,4,0,0,0,0,0,0,0,12,10.6,11.6,2.0,2.4,0,2,3,5,2,False
1,52,8,0,0,0,0,0,0,0,0,0,0,0,0,5,4.0,0.0,0.0,0.4,1,1,1,3,1,False
1,53,0,0,0,0,0,0,0,0,0,0,0,0,0,0,0.0,0.0,0.0,0.0,0,0,0,0,0,False
1,54,39,1,0,0,0,4,0,0,0,0,1,0,0,-2,1.0,11.0,0.0,1.2,1,2,4,7,-2,False
1,55,0,0,0,0,0,0,0,0,0,0,0,0,0,0,0.0,0.0,0.0,0.0,0,0,0,0,0,False
1,56,0,0,0,0,0,0,0,0,0,0,0,0,0,0,0.0,0.0,0.0,0.0,0,0,0,0,0,False
1,57,90,1,0,0,0,2,0,0,0,0,0,4,0,13,36.8,0.0,0.0,3.7,2,5,0,0,2,False
1,58,0,0,0,0,0,0,0,0,0,0,0,0,0,0,0.0,0.0,0.0,0.0,0,0,0,0,0,False
1,59,0,0,0,0,0,0,0,0,0,0,0,0,0,0,0.0,0.0,0.0,0.0,0,0,0,0,0,False
1,60,90,1,0,0,0,2,0,0,0,0,0,0,0,0,11.6,0.3,0.0,1.2,5,1,1,6,1,False
1,61,90,1,0,0,0,2,0,0,0,0,0,0,0,0,15.4,1.3,0.0,1.7,5,7,2,7,1,False
1,62,0,0,0,0,0,0,0,0,0,0,0,0,0,0,0.0,0.0,0.0,0.0,0,0,0,0,0,False
1,63,0,0,0,0,0,0,0,0,0,0,0,0,0,0,0.0,0.0,0.0,0.0,0,0,0,0,0,False
1,64,90,1,0,0,0,2,0,0,0,0,0,0,0,4,7.0,0.6,0.0,0.8,4,3,1,5,1,False
1,65,0,0,0,0,0,0,0,0,0,0,0,0,0,0,0.0,0.0,0.0,0.0,0,0,0,0,0,False
1,66,0,0,0,0,0,0,0,0,0,0,0,0,0,0,0.0,0.0,0.0,0.0,0,0,0,0,0,False
1,67,88,1,0,0,0,1,0,0,0,0,0,0,0,9,6.2,11.3,17.0,3.5,1,0,0,1,2,False
1,68,90,1,1,0,0,2,0,0,0,0,0,0,3,32,40.0,17.2,18.0,7.5,2,4,2,8,10,False
1,69,90,1,0,0,0,2,0,0,0,0,0,0,0,17,11.4,4.8,0.0,1.6,1,6,4,11,2,False
1,70,74,1,0,0,1,0,0,0,0,0,0,0,0,15,11.0,14.3,17.0,4.2,1,5,3,9,3,False
1,71,75,1,0,0,1,0,0,0,0,0,0,0,0,8,4.6,2.1,0.0,0.7,3,3,1,7,3,False
1,72,1,0,0,0,0,1,0,0,0,0,0,0,0,3,0.2,0.1,2.0,0.2,0,1,0,1,1,False
1,73,15,0,0,0,0,2,0,0,0,0,0,0,0,4,3.6,0.6,0.0,0.4,3,0,0,3,1,False
1,74,0,0,0,0,0,0,0,0,0,0,0,0,0,0,0.0,0.0,0.0,0.0,0,0,0,0,0,False
1,75,0,0,0,0,0,0,0,0,0,0,0,0,0,0,0.0,0.0,0.0,0.0,0,0,0,0,0,False
1,76,15,0,0,0,0,2,0,0,0,0,0,0,0,5,2.8,0.6,0.0,0.3,0,1,1,2,1,False
1,77,0,0,0,0,0,0,0,0,0,0,0,0,0,0,0.0,0.0,0.0,0.0,0,0,0,0,0,False
1,78,0,0,0,0,0,0,0,0,0,0,0,0,0,0,0.0,0.0,0.0,0.0,0,0,0,0,0,False
1,79,74,1,0,1,1,0,0,0,0,1,0,0,0,17,19.4,11.9,2.0,3.3,4,3,1,8,4,False
1,80,0,0,0,0,0,0,0,0,0,0,0,0,0,0,0.0,0.0,0.0,0.0,0,0,0,0,0,False
1,81,0,0,0,0,0,0,0,0,0,0,0,0,0,0,0.0,0.0,0.0,0.0,0,0,0,0,0,False
1,82,90,1,0,0,1,0,0,0,0,0,0,4,0,34,31.4,0.0,0.0,3.1,0,5,0,0,7,False
1,83,0,0,0,0,0,0,0,0,0,0,0,0,0,0,0.0,0.0,0.0,0.0,0,0,0,0,0,False
1,84,90,1,0,0,1,0,0,0,0,0,0,0,0,21,11.6,21.5,17.0,5.0,3,3,0,3,6,False
1,85,0,0,0,0,0,0,0,0,0,0,0,0,0,0,0.0,0.0,0.0,0.0,0,0,0,0,0,False
1,86,90,1,1,0,1,0,0,0,0,0,0,0,2,37,47.2,15.9,19.0,8.2,4,5,1,10,10,False
1,87,90,1,0,0,1,0,0,0,0,0,0,0,0,29,20.0,0.9,35.0,5.6,8,3,2,10,8,False
1,88,75,1,1,0,1,0,0,0,0,0,0,0,1,36,33.8,1.5,46.0,8.1,4,5,0,4,13,True
1,89,0,0,0,0,0,0,0,0,0,0,0,0,0,0,0.0,0.0,0.0,0.0,0,0,0,0,0,False
1,90,14,0,0,0,0,0,0,0,0,0,0,0,0,2,0.0,0.3,0.0,0.0,0,2,0,0,1,False
1,91,0,0,0,0,0,0,0,0,0,0,0,0,0,0,0.0,0.0,0.0,0.0,0,0,0,0,0,False
1,92,0,0,0,0,0,0,0,0,0,0,0,0,0,0,0.0,0.0,0.0,0.0,0,0,0,0,0,False
1,93,0,0,0,0,0,0,0,0,0,0,0,0,0,0,0.0,0.0,0.0,0.0,0,0,0,0,0,False
1,94,90,1,0,0,1,0,0,0,0,0,0,0,0,17,14.4,11.8,59.0,8.5,1,5,3,9,3,False
1,95,66,1,0,0,1,0,0,0,0,0,0,0,0,6,1.0,30.8,15.0,4.7,2,4,0,6,3,False
1,96,14,0,0,0,0,0,0,0,0,0,0,0,0,6,7.6,26.3,0.0,3.4,0,3,1,4,1,False
1,97,66,1,0,1,1,0,0,0,0,0,0,0,0,22,12.6,46.2,13.0,7.2,0,3,2,5,6,False
1,98,90,1,1,0,1,0,0,0,0,1,0,0,0,35,53.2,38.8,24.0,11.6,6,3,4,13,9,False
1,99,0,0,0,0,0,0,0,0,0,0,0,0,0,0,0.0,0.0,0.0,0.0,0,0,0,0,0,False
1,100,0,0,0,0,0,0,0,0,0,0,0,0,0,0,0.0,0.0,0.0,0.0,0,0,0,0,0,False
1,101,0,0,0,0,0,0,0,0,0,0,0,0,0,0,0.0,0.0,0.0,0.0,0,0,0,0,0,False
1,102,23,0,0,0,0,0,0,0,0,0,0,0,0,7,2.2,0.8,3.0,0.6,1,3,2,6,1,False
1,103,0,0,0,0,0,0,0,0,0,0,0,0,0,0,0.0,0.0,0.0,0.0,0,0,0,0,0,False
1,104,90,1,0,0,0,3,0,0,0,0,0,0,0,8,3.6,1.6,0.0,0.5,3,5,1,9,2,False
1,105,23,0,0,0,0,0,0,0,0,0,0,0,0,9,10.6,34.9,1.0,4.7,0,6,2,8,1,False
1,106,82,1,0,0,1,0,0,0,1,0,0,0,0,-3,2.2,4.0,8.0,1.4,1,4,0,5,0,False
1,107,0,0,0,0,0,0,0,0,0,0,0,0,0,0,0.0,0.0,0.0,0.0,0,0,0,0,0,False
1,108,7,0,0,0,0,0,0,0,0,0,0,0,0,4,2.2,10.3,5.0,1.8,0,0,0,0,1,False
1,109,90,1,0,0,1,0,0,0,0,0,0,0,0,25,6.6,0.0,0.0,0.7,0,4,0,0,6,False
1,110,90,1,0,0,0,3,0,0,0,0,0,2,0,0,14.2,0.0,0.0,1.4,1,7,0,0,1,False
1,111,0,0,0,0,0,0,0,0,0,0,0,0,0,0,0.0,0.0,0.0,0.0,0,0,0,0,0,False
1,112,90,1,0,0,0,3,0,0,0,0,0,0,0,3,28.2,2.8,2.0,3.3,7,3,2,9,1,False
1,113,0,0,0,0,0,0,0,0,0,0,0,0,0,0,0.0,0.0,0.0,0.0,0,0,0,0,0,False
1,114,90,1,0,0,1,0,0,0,0,0,0,0,0,29,15.2,7.3,6.0,2.9,5,4,1,6,6,False
1,115,77,1,1,1,1,0,0,0,0,0,0,0,2,46,40.6,45.3,43.0,12.9,1,3,3,4,17,True
1,116,90,1,0,0,1,0,0,0,0,0,0,0,0,24,13.4,6.4,0.0,2.0,1,2,1,2,6,False
1,117,0,0,0,0,0,0,0,0,0,0,0,0,0,0,0.0,0.0,0.0,0.0,0,0,0,0,0,False
1,118,0,0,0,0,0,0,0,0,0,0,0,0,0,0,0.0,0.0,0.0,0.0,0,0,0,0,0,False
1,119,26,0,0,0,0,0,0,0,0,0,0,0,0,7,8.2,1.9,18.0,2.8,3,0,1,4,1,False
1,120,0,0,0,0,0,0,0,0,0,0,0,0,0,0,0.0,0.0,0.0,0.0,0,0,0,0,0,False
1,121,0,0,0,0,0,0,0,0,0,0,0,0,0,0,0.0,0.0,0.0,0.0,0,0,0,0,0,False
1,122,0,0,0,0,0,0,0,0,0,0,0,0,0,0,0.0,0.0,0.0,0.0,0,0,0,0,0,False
1,123,63,1,2,0,1,0,0,0,0,0,0,0,3,54,72.8,13.4,59.0,14.5,0,1,2,3,16,True
1,124,90,1,0,0,1,0,0,0,0,1,0,0,0,18,21.0,56.9,8.0,8.6,0,2,3,5,2,False
1,125,90,1,0,1,1,0,0,0,0,0,0,0,0,22,19.8,11.4,15.0,4.6,1,4,2,7,5,False
1,126,0,0,0,0,0,0,0,0,0,0,0,0,0,0,0.0,0.0,0.0,0.0,0,0,0,0,0,False
1,127,85,1,0,1,1,0,0,0,0,0,0,0,0,27,33.0,25.1,41.0,9.9,2,1,3,6,6,False
1,128,0,0,0,0,0,0,0,0,0,0,0,0,0,0,0.0,0.0,0.0,0.0,0,0,0,0,0,False
1,129,63,1,0,0,1,0,0,0,0,1,0,0,0,8,0.0,15.0,6.0,1.7,1,3,0,4,2,False
1,130,77,1,0,0,1,0,0,0,0,0,0,0,1,32,16.6,26.3,6.0,4.9,4,5,4,8,7,False
1,131,0,0,0,0,0,0,0,0,0,0,0,0,0,0,0.0,0.0,0.0,0.0,0,0,0,0,0,False
1,132,0,0,0,0,0,0,0,0,0,0,0,0,0,0,0.0,0.0,0.0,0.0,0,0,0,0,0,False
1,133,0,0,0,0,0,0,0,0,0,0,0,0,0,0,0.0,0.0,0.0,0.0,0,0,0,0,0,False
1,134,0,0,0,0,0,0,0,0,0,0,0,0,0,0,0.0,0.0,0.0,0.0,0,0,0,0,0,False
1,135,12,0,0,0,0,0,0,0,0,0,0,0,0,3,0.2,1.3,0.0,0.2,0,0,0,0,1,False
1,136,0,0,0,0,0,0,0,0,0,0,0,0,0,0,0.0,0.0,0.0,0.0,0,0,0,0,0,False
1,137,0,0,0,0,0,0,0,0,0,0,0,0,0,0,0.0,0.0,0.0,0.0,0,0,0,0,0,False
1,138,26,0,0,0,0,0,0,0,0,0,0,0,0,-1,0.0,0.4,10.0,0.9,0,1,1,2,1,False
1,139,0,0,0,0,0,0,0,0,0,0,0,0,0,0,0.0,0.0,0.0,0.0,0,0,0,0,0,False
1,140,90,1,0,0,0,2,0,0,0,0,0,4,0,6,21.4,0.0,0.0,2.1,1,5,0,0,2,False
1,141,0,0,0,0,0,0,0,0,0,0,0,0,0,0,0.0,0.0,0.0,0.0,0,0,0,0,0,False
1,142,90,1,0,0,0,2,0,0,0,1,0,0,0,5,23.4,16.8,19.0,5.9,6,4,0,6,0,False
1,143,0,0,0,0,0,0,0,0,0,0,0,0,0,0,0.0,0.0,0.0,0.0,0,0,0,0,0,False
1,144,75,1,0,0,0,2,0,0,0,0,0,0,0,2,7.2,9.8,6.0,2.3,2,4,1,3,1,False
1,145,0,0,0,0,0,0,0,0,0,0,0,0,0,0,0.0,0.0,0.0,0.0,0,0,0,0,0,False
1,146,0,0,0,0,0,0,0,0,0,0,0,0,0,0,0.0,0.0,0.0,0.0,0,0,0,0,0,False
1,147,0,0,0,0,0,0,0,0,0,0,0,0,0,0,0.0,0.0,0.0,0.0,0,0,0,0,0,False
1,148,64,1,0,0,0,2,0,0,0,0,0,0,0,5,8.4,12.3,11.0,3.2,1,2,2,3,1,False
1,149,90,1,0,0,0,2,0,0,0,1,0,0,0,6,6.0,1.6,7.0,1.5,2,3,2,4,0,False
1,150,0,0,0,0,0,0,0,0,0,0,0,0,0,0,0.0,0.0,0.0,0.0,0,0,0,0,0,False
1,151,90,1,0,0,0,2,0,0,0,0,0,0,0,13,33.2,2.2,2.0,3.7,10,6,5,15,3,False
1,152,0,0,0,0,0,0,0,0,0,0,0,0,0,0,0.0,0.0,0.0,0.0,0,0,0,0,0,False
1,153,0,0,0,0,0,0,0,0,0,0,0,0,0,0,0.0,0.0,0.0,0.0,0,0,0,0,0,False
1,154,82,1,1,1,0,2,0,0,0,0,0,0,3,60,65.2,41.3,54.0,16.1,0,7,2,9,13,True
1,155,25,0,0,0,0,0,0,0,0,0,0,0,0,6,3.4,12.0,0.0,1.5,0,3,0,3,1,False
1,156,14,0,0,0,0,0,0,0,0,0,0,0,0,9,5.2,4.1,4.0,1.3,0,3,1,4,1,False
1,157,7,0,0,0,0,0,0,0,0,0,0,0,0,3,0.2,0.4,0.0,0.1,0,1,0,1,1,False
1,158,0,0,0,0,0,0,0,0,0,0,0,0,0,0,0.0,0.0,0.0,0.0,0,0,0,0,0,False
1,159,0,0,0,0,0,0,0,0,0,0,0,0,0,0,0.0,0.0,0.0,0.0,0,0,0,0,0,False
1,160,4,0,0,0,0,0,0,0,0,0,0,0,0,2,0.0,0.0,0.0,0.0,0,0,0,0,1,False
1,161,64,1,0,0,0,2,0,0,0,1,0,0,0,8,13.6,21.9,33.0,6.9,2,4,3,9,1,False
1,162,66,1,0,0,0,2,0,0,0,0,0,0,0,17,11.4,4.2,2.0,1.8,3,5,1,9,2,False
1,163,0,0,0,0,0,0,0,0,0,0,0,0,0,0,0.0,0.0,0.0,0.0,0,0,0,0,0,False
1,164,8,0,0,0,0,0,0,0,0,0,0,0,0,2,1.2,0.3,2.0,0.4,1,0,0,1,1,False
1,165,90,1,1,1,0,2,0,0,0,0,0,0,2,45,51.2,23.0,37.0,11.1,1,2,0,3,11,True
1,166,0,0,0,0,0,0,0,0,0,0,0,0,0,0,0.0,0.0,0.0,0.0,0,0,0,0,0,False
1,167,0,0,0,0,0,0,0,0,0,0,0,0,0,0,0.0,0.0,0.0,0.0,0,0,0,0,0,False
1,168,0,0,0,0,0,0,0,0,0,0,0,0,0,0,0.0,0.0,0.0,0.0,0,0,0,0,0,False
1,169,0,0,0,0,0,0,0,0,0,0,0,0,0,0,0.0,0.0,0.0,0.0,0,0,0,0,0,False
1,170,0,0,0,0,0,0,0,0,0,0,0,0,0,0,0.0,0.0,0.0,0.0,0,0,0,0,0,False
1,171,0,0,0,0,0,0,0,0,0,0,0,0,0,0,0.0,0.0,0.0,0.0,0,0,0,0,0,False
1,172,0,0,0,0,0,0,0,0,0,0,0,0,0,0,0.0,0.0,0.0,0.0,0,0,0,0,0,False
1,173,90,1,0,0,0,3,0,0,0,0,0,0,0,11,23.2,11.2,1.0,3.5,9,2,1,10,3,False
1,174,0,0,0,0,0,0,0,0,0,0,0,0,0,0,0.0,0.0,0.0,0.0,0,0,0,0,0,False
1,175,90,1,0,0,0,3,0,0,0,0,0,0,0,-8,10.6,2.0,2.0,1.5,6,3,1,7,1,False
1,176,90,1,0,0,0,3,0,0,0,0,0,0,0,-4,13.8,3.8,0.0,1.8,6,1,0,6,1,False
1,177,0,0,0,0,0,0,0,0,0,0,0,0,0,0,0.0,0.0,0.0,0.0,0,0,0,0,0,False
1,178,0,0,0,0,0,0,0,0,0,0,0,0,0,0,0.0,0.0,0.0,0.0,0,0,0,0,0,False
1,179,0,0,0,0,0,0,0,0,0,0,0,0,0,0,0.0,0.0,0.0,0.0,0,0,0,0,0,False
1,180,0,0,0,0,0,0,0,0,0,0,0,0,0,0,0.0,0.0,0.0,0.0,0,0,0,0,0,False
1,181,0,0,0,0,0,0,0,0,0,0,0,0,0,0,0.0,0.0,0.0,0.0,0,0,0,0,0,False
1,182,90,1,0,0,0,3,0,0,0,0,0,0,0,1,28.8,0.8,0.0,3.0,9,4,0,9,1,False
1,183,20,0,0,0,0,0,0,0,0,0,0,0,0,3,5.6,3.8,17.0,2.6,0,4,1,5,1,False
1,184,90,1,0,0,0,3,0,0,0,0,0,0,0,14,13.4,3.7,0.0,1.7,4,3,0,7,2,False
1,185,0,0,0,0,0,0,0,0,0,0,0,0,0,0,0.0,0.0,0.0,0.0,0,0,0,0,0,False
1,186,0,0,0,0,0,0,0,0,0,0,0,0,0,0,0.0,0.0,0.0,0.0,0,0,0,0,0,False
1,187,0,0,0,0,0,0,0,0,0,0,0,0,0,0,0.0,0.0,0.0,0.0,0,0,0,0,0,False
1,188,28,0,0,0,0,0,0,0,0,0,0,0,0,8,6.8,16.4,0.0,2.3,1,0,0,1,1,False
1,189,0,0,0,0,0,0,0,0,0,0,0,0,0,0,0.0,0.0,0.0,0.0,0,0,0,0,0,False
1,190,81,1,0,0,0,3,0,0,0,0,0,0,0,11,1.8,6.0,3.0,1.1,3,5,0,8,2,False
1,191,0,0,0,0,0,0,0,0,0,0,0,0,0,0,0.0,0.0,0.0,0.0,0,0,0,0,0,False
1,192,0,0,0,0,0,0,0,0,0,0,0,0,0,0,0.0,0.0,0.0,0.0,0,0,0,0,0,False
1,193,0,0,0,0,0,0,0,0,0,0,0,0,0,0,0.0,0.0,0.0,0.0,0,0,0,0,0,False
1,194,69,1,0,0,0,3,0,0,0,0,0,0,0,9,4.6,1.1,0.0,0.6,5,1,0,6,2,False
1,195,69,1,0,0,0,3,0,0,0,0,0,0,0,7,2.6,12.3,2.0,1.7,1,2,0,3,2,False
1,196,0,0,0,0,0,0,0,0,0,0,0,0,0,0,0.0,0.0,0.0,0.0,0,0,0,0,0,False
1,197,0,0,0,0,0,0,0,0,0,0,0,0,0,0,0.0,0.0,0.0,0.0,0,0,0,0,0,False
1,198,90,1,0,0,0,2,0,0,0,0,0,3,0,14,28.2,0.0,0.0,2.8,3,13,0,0,2,False
1,199,0,0,0,0,0,0,0,0,0,0,0,0,0,0,0.0,0.0,0.0,0.0,0,0,0,0,0,False
1,200,90,1,0,1,0,2,0,0,0,0,0,0,0,25,44.2,11.2,2.0,5.7,7,2,5,12,6,False
1,201,54,1,0,0,0,2,0,0,0,0,0,0,0,-4,1.2,1.8,21.0,2.4,3,1,1,4,0,False
1,202,90,1,0,0,0,2,0,0,0,0,0,0,0,13,42.6,0.7,0.0,4.3,14,1,2,16,3,False
1,203,90,1,0,0,0,2,0,0,0,0,0,0,0,9,27.4,5.7,5.0,3.8,4,3,4,8,1,False
1,204,90,1,0,0,0,2,0,0,0,0,0,0,0,9,11.6,13.8,2.0,2.7,3,4,2,5,1,False
1,205,0,0,0,0,0,0,0,0,0,0,0,0,0,0,0.0,0.0,0.0,0.0,0,0,0,0,0,False
1,206,72,1,0,0,0,2,0,0,0,0,0,0,0,7,12.6,1.3,0.0,1.4,6,3,1,7,1,False
1,207,0,0,0,0,0,0,0,0,0,0,0,0,0,0,0.0,0.0,0.0,0.0,0,0,0,0,0,False
1,208,0,0,0,0,0,0,0,0,0,0,0,0,0,0,0.0,0.0,0.0,0.0,0,0,0,0,0,False
1,209,6,0,0,0,0,0,0,0,0,0,0,0,0,3,4.0,0.3,0.0,0.4,2,0,0,2,1,False
1,210,90,1,0,0,0,2,0,0,0,0,0,0,0,20,16.8,30.9,0.0,4.8,4,8,2,14,4,False
1,211,35,0,0,0,0,0,0,0,0,0,0,0,0,4,2.0,6.3,6.0,1.4,0,3,2,5,1,False
1,212,0,0,0,0,0,0,0,0,0,0,0,0,0,0,0.0,0.0,0.0,0.0,0,0,0,0,0,False
1,213,0,0,0,0,0,0,0,0,0,0,0,0,0,0,0.0,0.0,0.0,0.0,0,0,0,0,0,False
1,214,90,1,0,0,0,2,0,0,0,1,0,0,0,25,20.4,29.3,0.0,5.0,3,8,3,14,3,False
1,215,0,0,0,0,0,0,0,0,0,0,0,0,0,0,0.0,0.0,0.0,0.0,0,0,0,0,0,False
1,216,0,0,0,0,0,0,0,0,0,0,0,0,0,0,0.0,0.0,0.0,0.0,0,0,0,0,0,False
1,217,0,0,0,0,0,0,0,0,0,0,0,0,0,0,0.0,0.0,0.0,0.0,0,0,0,0,0,False
1,218,0,0,0,0,0,0,0,0,0,0,0,0,0,0,0.0,0.0,0.0,0.0,0,0,0,0,0,False
1,219,0,0,0,0,0,0,0,0,0,0,0,0,0,0,0.0,0.0,0.0,0.0,0,0,0,0,0,False
1,220,0,0,0,0,0,0,0,0,0,0,0,0,0,0,0.0,0.0,0.0,0.0,0,0,0,0,0,False
1,221,0,0,0,0,0,0,0,0,0,0,0,0,0,0,0.0,0.0,0.0,0.0,0,0,0,0,0,False
1,222,27,0,0,0,0,0,0,0,0,0,0,0,0,3,1.0,3.5,17.0,2.2,0,0,0,0,1,False
1,223,62,1,0,0,0,2,0,0,0,0,0,0,0,-3,1.4,12.3,11.0,2.5,1,2,2,5,2,False
1,224,55,1,0,0,0,2,0,0,0,0,0,0,0,12,10.4,24.5,23.0,5.8,1,1,1,3,1,False
1,225,0,0,0,0,0,0,0,0,0,0,0,0,0,0,0.0,0.0,0.0,0.0,0,0,0,0,0,False
1,226,90,1,0,0,1,0,0,0,0,0,0,4,0,34,31.8,0.0,0.0,3.2,0,12,0,0,7,False
1,227,0,0,0,0,0,0,0,0,0,0,0,0,0,0,0.0,0.0,0.0,0.0,0,0,0,0,0,False
1,228,0,0,0,0,0,0,0,0,0,0,0,0,0,0,0.0,0.0,0.0,0.0,0,0,0,0,0,False
1,229,90,1,0,0,1,0,0,0,0,0,0,0,0,25,15.2,0.8,4.0,2.0,8,4,1,9,6,False
1,230,90,1,0,0,1,0,0,0,0,0,0,0,0,27,18.6,0.8,6.0,2.5,6,2,2,8,6,False
1,231,0,0,0,0,0,0,0,0,0,0,0,0,0,0,0.0,0.0,0.0,0.0,0,0,0,0,0,False
1,232,0,0,0,0,0,0,0,0,0,0,0,0,0,0,0.0,0.0,0.0,0.0,0,0,0,0,0,False
1,233,90,1,0,0,1,0,0,0,0,0,0,0,0,27,12.8,13.8,2.0,2.9,4,4,0,4,6,False
1,234,0,0,0,0,0,0,0,0,0,0,0,0,0,0,0.0,0.0,0.0,0.0,0,0,0,0,0,False
1,235,0,0,0,0,0,0,0,0,0,0,0,0,0,0,0.0,0.0,0.0,0.0,0,0,0,0,0,False
1,236,90,1,1,0,1,0,0,0,0,0,0,0,3,40,42.8,28.3,27.0,9.8,1,5,2,8,11,False
1,237,90,1,0,1,1,0,0,0,0,0,0,0,1,36,40.8,39.8,48.0,12.9,0,8,4,12,9,False
1,238,8,0,0,0,0,0,0,0,0,0,0,0,0,2,1.0,0.6,0.0,0.2,0,0,1,1,1,False
1,239,11,0,0,0,0,0,0,0,0,0,0,0,0,6,4.8,11.8,2.0,1.9,0,0,1,1,1,False
1,240,0,0,0,0,0,0,0,0,0,0,0,0,0,0,0.0,0.0,0.0,0.0,0,0,0,0,0,False
1,241,62,1,0,0,0,2,0,0,0,0,0,0,0,11,9.6,4.7,2.0,1.6,3,2,0,5,2,False
1,242,83,1,0,0,1,0,0,0,0,0,0,0,0,13,7.0,23.4,25.0,5.5,3,4,0,7,3,False
1,243,1,0,0,0,0,0,0,0,0,0,0,0,0,7,5.0,0.3,17.0,2.2,0,2,1,3,1,False
1,244,90,1,0,1,1,0,0,0,0,0,0,0,0,25,28.8,14.7,4.0,4.8,3,11,2,16,8,False
1,245,0,0,0,0,0,0,0,0,0,0,0,0,0,0,0.0,0.0,0.0,0.0,0,0,0,0,0,False
1,246,90,1,0,0,1,0,0,0,0,0,0,0,0,12,13.8,13.0,2.0,2.9,2,5,2,9,3,False
1,247,78,1,0,0,1,0,0,0,0,0,0,0,0,16,8.6,12.2,5.0,2.6,1,4,2,7,3,False
1,248,11,0,0,0,0,0,0,0,0,0,0,0,0,3,0.0,0.0,2.0,0.2,0,0,0,0,1,False
1,249,78,1,1,0,1,0,0,0,0,0,0,0,2,37,38.0,19.0,41.0,9.8,0,2,1,3,8,False
1,250,90,1,0,0,0,3,0,0,0,0,0,3,0,11,29.6,0.0,0.0,3.0,1,9,0,0,2,False
1,251,0,0,0,0,0,0,0,0,0,0,0,0,0,0,0.0,0.0,0.0,0.0,0,0,0,0,0,False
1,252,0,0,0,0,0,0,0,0,0,0,0,0,0,0,0.0,0.0,0.0,0.0,0,0,0,0,0,False
1,253,0,0,0,0,0,0,0,0,0,0,0,0,0,0,0.0,0.0,0.0,0.0,0,0,0,0,0,False
1,254,81,1,0,0,0,3,0,0,0,0,0,0,0,4,21.6,25.2,3.0,5.0,4,5,3,7,1,False
1,255,90,1,0,0,0,3,0,0,0,0,0,0,0,7,32.8,21.3,0.0,5.4,9,3,1,10,3,False
1,256,0,0,0,0,0,0,0,0,0,0,0,0,0,0,0.0,0.0,0.0,0.0,0,0,0,0,0,False
1,257,90,1,0,0,0,3,0,0,0,1,0,0,0,1,13.8,3.8,2.0,2.0,3,4,1,4,0,False
1,258,90,1,0,2,0,3,0,0,0,1,0,0,0,21,38.0,27.8,23.0,8.9,5,4,1,6,6,False
1,259,90,1,0,0,0,1,0,0,0,0,0,0,0,7,7.2,0.8,2.0,1.0,4,6,1,5,2,False
1,260,65,1,0,0,1,0,0,0,0,0,0,0,0,8,6.2,15.3,4.0,2.6,0,0,2,2,3,False
1,261,90,1,0,0,0,3,0,0,0,0,0,0,0,17,12.4,11.3,0.0,2.4,3,6,1,10,2,False
1,262,0,0,0,0,0,0,0,0,0,0,0,0,0,0,0.0,0.0,0.0,0.0,0,0,0,0,0,False
1,263,17,0,0,0,0,0,0,0,0,0,0,0,0,2,5.2,1.9,0.0,0.7,0,1,2,3,1,False
1,264,66,1,0,0,0,3,0,0,0,0,0,0,0,10,9.8,13.8,6.0,3.0,1,2,3,6,2,False
1,265,72,1,0,0,0,3,0,0,0,0,0,0,0,14,13.6,23.1,7.0,4.4,1,2,1,4,2,False
1,266,0,0,0,0,0,0,0,0,0,0,0,0,0,0,0.0,0.0,0.0,0.0,0,0,0,0,0,False
1,267,90,1,0,1,0,1,0,0,0,0,0,0,0,22,23.4,14.8,2.0,4.0,2,3,1,6,5,False
1,268,90,1,1,0,0,3,0,0,0,0,0,0,0,34,41.6,15.6,41.0,9.8,2,4,2,8,7,False
1,269,17,0,0,0,0,0,0,0,0,0,0,0,0,7,6.6,0.5,19.0,2.6,1,1,0,1,1,False
1,270,0,0,0,0,0,0,0,0,0,0,0,0,0,0,0.0,0.0,0.0,0.0,0,0,0,0,0,False
1,271,8,0,0,0,0,0,0,0,0,0,0,0,0,6,6.0,11.5,7.0,2.5,1,0,0,1,1,False
1,272,0,0,0,0,0,0,0,0,0,0,0,0,0,0,0.0,0.0,0.0,0.0,0,0,0,0,0,False
1,273,0,0,0,0,0,0,0,0,0,0,0,0,0,0,0.0,0.0,0.0,0.0,0,0,0,0,0,False
1,274,0,0,0,0,0,0,0,0,0,0,0,0,0,0,0.0,0.0,0.0,0.0,0,0,0,0,0,False
1,275,0,0,0,0,0,0,0,0,0,0,0,0,0,0,0.0,0.0,0.0,0.0,0,0,0,0,0,False
1,276,0,0,0,0,0,0,0,0,0,0,0,0,0,0,0.0,0.0,0.0,0.0,0,0,0,0,0,False
1,277,90,1,0,0,1,0,0,0,0,0,0,0,0,27,43.4,0.1,2.0,4.6,20,3,1,21,8,False
1,278,0,0,0,0,0,0,0,0,0,0,0,0,0,0,0.0,0.0,0.0,0.0,0,0,0,0,0,False
1,279,63,1,1,0,1,0,0,0,0,0,0,0,2,39,44.2,0.2,35.0,7.9,7,3,0,7,14,True
1,280,69,1,0,0,1,0,0,0,0,0,0,0,0,23,5.8,11.3,0.0,1.7,1,3,1,2,6,False
1,281,20,0,0,0,0,0,0,0,0,0,0,0,0,4,2.2,0.0,1.0,0.3,2,2,1,3,1,False
1,282,84,1,0,0,1,0,0,0,0,0,0,0,0,24,13.8,18.8,4.0,3.7,5,1,1,6,6,False
1,283,0,0,0,0,0,0,0,0,0,0,0,0,0,0,0.0,0.0,0.0,0.0,0,0,0,0,0,False
1,284,0,0,0,0,0,0,0,0,0,0,0,0,0,0,0.0,0.0,0.0,0.0,0,0,0,0,0,False
1,285,26,0,0,0,0,0,0,0,0,0,0,0,0,3,4.2,0.0,0.0,0.4,2,1,0,2,1,False
1,286,90,1,0,0,1,0,0,0,0,0,0,0,0,8,10.6,2.2,7.0,2.0,3,3,4,10,3,False
1,287,19,0,0,0,0,0,0,0,0,1,0,0,0,2,2.0,0.3,2.0,0.4,1,1,1,3,0,False
1,288,0,0,0,0,0,0,0,0,0,0,0,0,0,0,0.0,0.0,0.0,0.0,0,0,0,0,0,False
1,289,90,1,0,0,1,0,0,0,0,1,0,0,0,9,19.0,2.4,0.0,2.1,4,1,4,9,2,False
1,290,90,1,0,1,1,0,0,0,0,0,0,0,0,20,18.4,19.3,0.0,3.8,0,2,1,3,6,False
1,291,0,0,0,0,0,0,0,0,0,0,0,0,0,0,0.0,0.0,0.0,0.0,0,0,0,0,0,False
1,292,0,0,0,0,0,0,0,0,0,0,0,0,0,0,0.0,0.0,0.0,0.0,0,0,0,0,0,False
1,293,0,0,0,0,0,0,0,0,0,0,0,0,0,0,0.0,0.0,0.0,0.0,0,0,0,0,0,False
1,294,0,0,0,0,0,0,0,0,0,0,0,0,0,0,0.0,0.0,0.0,0.0,0,0,0,0,0,False
1,295,90,1,0,1,1,0,0,0,0,0,0,0,0,21,17.2,21.1,52.0,9.0,3,2,0,5,5,False
1,296,0,0,0,0,0,0,0,0,0,0,0,0,0,0,0.0,0.0,0.0,0.0,0,0,0,0,0,False
1,297,0,0,0,0,0,0,0,0,0,0,0,0,0,0,0.0,0.0,0.0,0.0,0,0,0,0,0,False
1,298,0,0,0,0,0,0,0,0,0,0,0,0,0,0,0.0,0.0,0.0,0.0,0,0,0,0,0,False
1,299,0,0,0,0,0,0,0,0,0,0,0,0,0,0,0.0,0.0,0.0,0.0,0,0,0,0,0,False
1,300,0,0,0,0,0,0,0,0,0,0,0,0,0,0,0.0,0.0,0.0,0.0,0,0,0,0,0,False
1,301,0,0,0,0,0,0,0,0,0,0,0,0,0,0,0.0,0.0,0.0,0.0,0,0,0,0,0,False
1,302,0,0,0,0,0,0,0,0,0,0,0,0,0,0,0.0,0.0,0.0,0.0,0,0,0,0,0,False
1,303,0,0,0,0,0,0,0,0,0,0,0,0,0,0,0.0,0.0,0.0,0.0,0,0,0,0,0,False
1,304,90,1,0,0,0,1,0,0,0,0,0,0,0,16,48.0,24.5,2.0,7.5,16,6,2,18,4,False
1,305,90,1,0,0,0,1,0,0,0,0,0,0,0,10,15.2,2.3,0.0,1.8,7,4,0,7,2,False
1,306,90,1,0,0,0,1,0,0,0,0,0,0,0,12,16.4,1.3,0.0,1.8,4,1,3,7,2,False
1,307,0,0,0,0,0,0,0,0,0,0,0,0,0,0,0.0,0.0,0.0,0.0,0,0,0,0,0,False
1,308,0,0,0,0,0,0,0,0,0,0,0,0,0,0,0.0,0.0,0.0,0.0,0,0,0,0,0,False
1,309,79,1,0,0,0,1,0,0,0,0,0,0,0,26,13.0,7.3,4.0,2.4,4,6,2,12,4,False
1,310,0,0,0,0,0,0,0,0,0,0,0,0,0,0,0.0,0.0,0.0,0.0,0,0,0,0,0,False
1,311,0,0,0,0,0,0,0,0,0,0,0,0,0,0,0.0,0.0,0.0,0.0,0,0,0,0,0,False
1,312,0,0,0,0,0,0,0,0,0,0,0,0,0,0,0.0,0.0,0.0,0.0,0,0,0,0,0,False
1,313,19,0,1,0,0,0,0,0,0,0,0,0,1,27,33.6,0.6,18.0,5.2,0,1,1,2,7,False
1,314,0,0,0,0,0,0,0,0,0,0,0,0,0,0,0.0,0.0,0.0,0.0,0,0,0,0,0,False
1,315,65,1,0,0,0,1,0,0,0,0,0,0,0,22,18.6,28.4,8.0,5.5,1,2,4,7,2,False
1,316,65,1,1,0,0,1,0,0,0,0,0,0,3,41,45.6,26.3,40.0,11.2,1,1,1,3,9,False
1,317,0,0,0,0,0,0,0,0,0,0,0,0,0,0,0.0,0.0,0.0,0.0,0,0,0,0,0,False
1,318,0,0,0,0,0,0,0,0,0,0,0,0,0,0,0.0,0.0,0.0,0.0,0,0,0,0,0,False
1,319,0,0,0,0,0,0,0,0,0,0,0,0,0,0,0.0,0.0,0.0,0.0,0,0,0,0,0,False
1,320,24,0,0,0,0,0,0,0,0,0,0,0,0,3,1.4,0.0,2.0,0.3,0,2,1,3,1,False
1,321,10,0,0,0,0,0,0,0,0,0,0,0,0,3,0.0,0.1,0.0,0.0,0,0,0,0,1,False
1,322,0,0,0,0,0,0,0,0,0,0,0,0,0,0,0.0,0.0,0.0,0.0,0,0,0,0,0,False
1,323,24,0,0,0,0,0,0,0,0,0,0,0,0,4,1.2,1.3,0.0,0.3,0,2,1,3,1,False
1,324,0,0,0,0,0,0,0,0,0,0,0,0,0,0,0.0,0.0,0.0,0.0,0,0,0,0,0,False
1,325,0,0,0,0,0,0,0,0,0,0,0,0,0,0,0.0,0.0,0.0,0.0,0,0,0,0,0,False
1,326,0,0,0,0,0,0,0,0,0,0,0,0,0,0,0.0,0.0,0.0,0.0,0,0,0,0,0,False
1,327,90,1,0,0,1,0,0,0,0,0,0,0,2,28,23.6,0.4,15.0,3.9,11,5,1,12,10,False
1,328,0,0,0,0,0,0,0,0,0,0,0,0,0,0,0.0,0.0,0.0,0.0,0,0,0,0,0,False
1,329,90,1,0,0,1,0,0,0,0,0,0,0,0,21,14.4,14.4,5.0,3.4,6,1,1,7,6,False
1,330,90,1,0,0,1,0,0,0,0,0,0,0,0,24,7.0,1.1,0.0,0.8,2,3,1,3,6,False
1,331,0,0,0,0,0,0,0,0,0,0,0,0,0,0,0.0,0.0,0.0,0.0,0,0,0,0,0,False
1,332,90,1,0,0,1,0,0,0,0,0,0,0,2,28,24.6,2.3,2.0,2.9,6,4,6,12,10,False
1,333,0,0,0,0,0,0,0,0,0,0,0,0,0,0,0.0,0.0,0.0,0.0,0,0,0,0,0,False
1,334,90,1,0,0,1,0,0,0,0,0,0,0,0,25,15.6,0.6,17.0,3.3,7,1,0,7,6,False
1,335,90,1,1,0,1,0,0,0,0,0,0,0,3,37,47.8,2.3,16.0,6.6,8,5,3,16,13,True
1,336,24,0,0,0,0,0,0,0,0,0,0,0,0,10,10.0,14.0,4.0,2.8,1,2,2,5,1,False
1,337,81,1,0,0,1,0,0,0,0,0,0,0,0,16,8.0,1.1,7.0,1.6,0,6,1,7,3,False
1,338,90,1,0,0,1,0,0,0,0,0,0,0,0,18,18.6,23.3,0.0,4.2,6,5,2,13,5,False
1,339,8,0,0,0,0,0,0,0,0,0,0,0,0,3,0.0,0.2,0.0,0.0,0,0,0,0,1,False
1,340,0,0,0,0,0,0,0,0,0,0,0,0,0,0,0.0,0.0,0.0,0.0,0,0,0,0,0,False
1,341,0,0,0,0,0,0,0,0,0,0,0,0,0,0,0.0,0.0,0.0,0.0,0,0,0,0,0,False
1,342,0,0,0,0,0,0,0,0,0,0,0,0,0,0,0.0,0.0,0.0,0.0,0,0,0,0,0,False
1,343,0,0,0,0,0,0,0,0,0,0,0,0,0,0,0.0,0.0,0.0,0.0,0,0,0,0,0,False
1,344,0,0,0,0,0,0,0,0,0,0,0,0,0,0,0.0,0.0,0.0,0.0,0,0,0,0,0,False
1,345,0,0,0,0,0,0,0,0,0,0,0,0,0,0,0.0,0.0,0.0,0.0,0,0,0,0,0,False
1,346,90,1,0,0,1,0,0,0,0,1,0,0,0,-2,0.0,0.8,11.0,0.7,0,2,0,2,1,False
1,347,0,0,0,0,0,0,0,0,0,0,0,0,0,0,0.0,0.0,0.0,0.0,0,0,0,0,0,False
1,348,0,0,0,0,0,0,0,0,0,0,0,0,0,0,0.0,0.0,0.0,0.0,0,0,0,0,0,False
1,349,0,0,0,0,0,0,0,0,0,0,0,0,0,0,0.0,0.0,0.0,0.0,0,0,0,0,0,False
1,350,90,1,0,0,0,2,0,0,0,0,0,3,0,7,17.8,0.0,0.0,1.8,2,6,0,0,2,False
1,351,0,0,0,0,0,0,0,0,0,0,0,0,0,0,0.0,0.0,0.0,0.0,0,0,0,0,0,False
1,352,0,0,0,0,0,0,0,0,0,0,0,0,0,0,0.0,0.0,0.0,0.0,0,0,0,0,0,False
1,353,0,0,0,0,0,0,0,0,0,0,0,0,0,0,0.0,0.0,0.0,0.0,0,0,0,0,0,False
1,354,0,0,0,0,0,0,0,0,0,0,0,0,0,0,0.0,0.0,0.0,0.0,0,0,0,0,0,False
1,355,0,0,0,0,0,0,0,0,0,0,0,0,0,0,0.0,0.0,0.0,0.0,0,0,0,0,0,False
1,356,90,1,0,0,0,2,0,0,0,1,0,0,0,8,25.6,1.6,24.0,5.1,9,6,2,11,2,False
1,357,90,1,0,0,0,2,0,0,0,1,0,0,0,3,13.6,37.8,10.0,6.1,1,3,1,2,0,False
1,358,90,1,0,0,0,2,0,0,0,1,0,0,0,3,18.0,13.8,12.0,4.4,4,3,3,7,0,False
1,359,0,0,0,0,0,0,0,0,0,0,0,0,0,0,0.0,0.0,0.0,0.0,0,0,0,0,0,False
1,360,0,0,0,0,0,0,0,0,0,0,0,0,0,0,0.0,0.0,0.0,0.0,0,0,0,0,0,False
1,361,0,0,0,0,0,0,0,0,0,0,0,0,0,0,0.0,0.0,0.0,0.0,0,0,0,0,0,False
1,362,69,1,0,0,0,2,0,0,0,0,0,0,0,9,12.4,11.9,0.0,2.4,2,3,1,3,1,False
1,363,0,0,0,0,0,0,0,0,0,0,0,0,0,0,0.0,0.0,0.0,0.0,0,0,0,0,0,False
1,364,0,0,0,0,0,0,0,0,0,0,0,0,0,0,0.0,0.0,0.0,0.0,0,0,0,0,0,False
1,365,0,0,0,0,0,0,0,0,0,0,0,0,0,0,0.0,0.0,0.0,0.0,0,0,0,0,0,False
1,366,62,1,0,0,0,2,0,0,0,0,0,0,0,16,9.8,17.9,29.0,5.7,0,4,1,5,2,False
1,367,90,1,1,0,0,2,0,0,0,0,0,0,3,33,44.0,34.0,37.0,11.5,4,5,3,12,12,True
1,368,90,1,1,0,0,2,0,0,0,0,0,0,1,29,50.4,47.1,21.0,11.9,2,4,1,7,8,False
1,369,62,1,0,0,0,2,0,0,0,0,0,0,0,9,2.4,6.0,5.0,1.3,0,2,1,3,2,False
1,370,0,0,0,0,0,0,0,0,0,0,0,0,0,0,0.0,0.0,0.0,0.0,0,0,0,0,0,False
1,371,77,1,0,1,0,2,0,0,0,0,0,0,0,26,24.4,16.0,4.0,4.4,2,8,1,11,5,False
1,372,27,0,0,0,0,0,0,0,0,0,0,0,0,9,5.8,1.4,0.0,0.7,0,1,2,3,1,False
1,373,0,0,0,0,0,0,0,0,0,0,0,0,0,0,0.0,0.0,0.0,0.0,0,0,0,0,0,False
1,374,0,0,0,0,0,0,0,0,0,0,0,0,0,0,0.0,0.0,0.0,0.0,0,0,0,0,0,False
1,375,0,0,0,0,0,0,0,0,0,0,0,0,0,0,0.0,0.0,0.0,0.0,0,0,0,0,0,False
1,376,0,0,0,0,0,0,0,0,0,0,0,0,0,0,0.0,0.0,0.0,0.0,0,0,0,0,0,False
1,377,27,0,0,1,0,0,0,0,0,0,0,0,0,15,4.0,8.9,14.0,2.7,0,0,0,0,4,False
1,378,0,0,0,0,0,0,0,0,0,0,0,0,0,0,0.0,0.0,0.0,0.0,0,0,0,0,0,False
1,379,90,1,0,0,0,2,0,0,0,0,0,0,0,6,11.4,14.6,66.0,9.2,1,0,0,1,2,False
1,380,0,0,0,0,0,0,0,0,0,0,0,0,0,0,0.0,0.0,0.0,0.0,0,0,0,0,0,False
1,381,12,0,0,0,0,0,0,0,0,0,0,0,0,4,1.2,0.5,7.0,0.9,0,1,0,1,1,False
1,382,0,0,0,0,0,0,0,0,0,0,0,0,0,0,0.0,0.0,0.0,0.0,0,0,0,0,0,False
1,383,0,0,0,0,0,0,0,0,0,0,0,0,0,0,0.0,0.0,0.0,0.0,0,0,0,0,0,False
1,384,90,1,0,0,0,1,0,0,0,0,0,3,0,12,26.8,0.0,0.0,2.7,1,4,0,0,3,False
1,385,90,1,0,0,1,0,0,0,0,0,0,3,2,28,19.4,0.0,0.0,1.9,0,9,0,0,9,False
1,386,0,0,0,0,0,0,0,0,0,0,0,0,0,0,0.0,0.0,0.0,0.0,0,0,0,0,0,False
1,387,62,1,0,0,0,1,0,0,0,0,0,0,0,5,8.8,30.4,11.0,5.0,1,5,1,2,2,False
1,388,90,1,1,0,0,1,0,0,0,0,0,0,2,31,43.6,17.5,28.0,8.9,1,4,3,4,10,False
1,389,33,0,0,0,0,0,0,0,0,0,0,0,0,4,3.8,1.5,4.0,0.9,1,2,0,1,1,False
1,390,90,1,0,0,0,1,0,0,0,0,0,0,0,11,24.4,17.9,2.0,4.4,6,8,0,6,2,False
1,391,90,1,1,0,0,1,0,0,0,0,0,0,1,28,47.6,13.3,17.0,7.8,5,5,2,7,9,False
1,392,0,0,0,0,0,0,0,0,0,0,0,0,0,0,0.0,0.0,0.0,0.0,0,0,0,0,0,False
1,393,90,1,0,0,0,1,0,0,0,0,0,0,0,14,17.0,3.4,0.0,2.0,2,6,2,4,2,False
1,394,0,0,0,0,0,0,0,0,0,0,0,0,0,0,0.0,0.0,0.0,0.0,0,0,0,0,0,False
1,395,56,1,0,0,0,1,0,0,0,0,0,0,0,-1,3.8,3.8,39.0,4.7,2,0,0,2,1,False
1,396,0,0,0,0,0,0,0,0,0,0,0,0,0,0,0.0,0.0,0.0,0.0,0,0,0,0,0,False
1,397,90,1,0,0,0,1,0,0,0,0,0,0,0,16,5.8,8.9,31.0,4.6,0,4,1,5,2,False
1,398,81,1,0,0,0,1,0,0,0,1,0,0,0,15,10.4,49.6,15.0,7.5,0,3,3,6,1,False
1,399,27,0,0,2,0,0,0,0,0,0,0,0,1,28,39.2,48.8,4.0,9.2,0,0,0,0,8,False
1,400,0,0,0,0,0,0,0,0,0,0,0,0,0,0,0.0,0.0,0.0,0.0,0,0,0,0,0,False
1,401,0,0,0,0,0,0,0,0,0,0,0,0,0,0,0.0,0.0,0.0,0.0,0,0,0,0,0,False
1,402,0,0,0,0,0,0,0,0,0,0,0,0,0,0,0.0,0.0,0.0,0.0,0,0,0,0,0,False
1,403,0,0,0,0,0,0,0,0,0,0,0,0,0,0,0.0,0.0,0.0,0.0,0,0,0,0,0,False
1,404,0,0,0,0,0,0,0,0,0,0,0,0,0,0,0.0,0.0,0.0,0.0,0,0,0,0,0,False
1,405,0,0,0,0,0,0,0,0,0,0,0,0,0,0,0.0,0.0,0.0,0.0,0,0,0,0,0,False
1,406,27,0,0,0,0,0,0,0,0,0,0,0,0,3,2.2,2.1,0.0,0.4,0,2,0,2,1,False
1,407,0,0,0,0,0,0,0,0,0,0,0,0,0,0,0.0,0.0,0.0,0.0,0,0,0,0,0,False
1,408,0,0,0,0,0,0,0,0,0,0,0,0,0,0,0.0,0.0,0.0,0.0,0,0,0,0,0,False
1,409,0,0,0,0,0,0,0,0,0,0,0,0,0,0,0.0,0.0,0.0,0.0,0,0,0,0,0,False
1,410,0,0,0,0,0,0,0,0,0,0,0,0,0,0,0.0,0.0,0.0,0.0,0,0,0,0,0,False
1,411,90,1,0,0,0,1,0,0,0,0,0,0,0,6,3.8,5.2,50.0,5.9,0,3,0,3,2,False
1,412,90,1,0,0,0,2,0,0,0,0,0,2,0,7,20.2,0.0,0.0,2.0,2,8,0,0,1,False
1,413,0,0,0,0,0,0,0,0,0,0,0,0,0,0,0.0,0.0,0.0,0.0,0,0,0,0,0,False
1,414,0,0,0,0,0,0,0,0,0,0,0,0,0,0,0.0,0.0,0.0,0.0,0,0,0,0,0,False
1,415,45,1,0,0,0,2,0,0,0,1,0,0,0,-11,0.0,1.2,16.0,0.7,1,0,0,1,0,False
1,416,0,0,0,0,0,0,0,0,0,0,0,0,0,0,0.0,0.0,0.0,0.0,0,0,0,0,0,False
1,417,10,0,0,0,0,0,0,0,0,0,0,0,0,6,7.6,11.3,0.0,1.9,1,1,2,3,1,False
1,418,90,1,0,0,0,2,0,0,0,0,0,0,0,15,25.4,28.6,19.0,7.3,4,5,0,4,1,False
1,419,0,0,0,0,0,0,0,0,0,0,0,0,0,0,0.0,0.0,0.0,0.0,0,0,0,0,0,False
1,420,0,0,0,0,0,0,0,0,0,0,0,0,0,0,0.0,0.0,0.0,0.0,0,0,0,0,0,False
1,421,90,1,0,0,0,2,0,0,0,0,0,0,0,5,6.8,2.6,11.0,2.0,1,4,1,2,1,False
1,422,79,1,0,0,0,2,0,0,0,0,0,0,0,8,17.4,29.4,9.0,5.6,4,3,1,5,1,False
1,423,90,1,0,0,0,2,0,0,0,0,0,0,0,13,25.2,59.2,6.0,9.0,3,3,1,4,1,False
1,424,0,0,0,0,0,0,0,0,0,0,0,0,0,0,0.0,0.0,0.0,0.0,0,0,0,0,0,False
1,425,0,0,0,0,0,0,0,0,0,0,0,0,0,0,0.0,0.0,0.0,0.0,0,0,0,0,0,False
1,426,90,1,0,0,0,2,0,0,0,0,0,0,0,18,20.2,55.4,17.0,9.3,1,5,0,6,2,False
1,427,90,1,0,0,0,2,0,0,0,0,0,0,0,12,9.6,28.1,49.0,8.7,0,4,0,4,2,False
1,428,79,1,0,0,0,2,0,0,0,0,0,0,0,14,5.4,28.2,35.0,6.9,0,3,0,3,2,False
1,429,45,0,0,0,0,0,0,0,0,0,0,0,0,9,11.6,48.6,4.0,6.4,0,1,0,1,1,False
1,430,0,0,0,0,0,0,0,0,0,0,0,0,0,0,0.0,0.0,0.0,0.0,0,0,0,0,0,False
1,431,0,0,0,0,0,0,0,0,0,0,0,0,0,0,0.0,0.0,0.0,0.0,0,0,0,0,0,False
1,432,23,0,0,0,0,0,0,0,0,0,0,0,0,7,2.8,2.5,2.0,0.7,0,1,0,1,1,False
1,433,0,0,0,0,0,0,0,0,0,0,0,0,0,0,0.0,0.0,0.0,0.0,0,0,0,0,0,False
1,434,0,0,0,0,0,0,0,0,0,0,0,0,0,0,0.0,0.0,0.0,0.0,0,0,0,0,0,False
1,435,10,0,0,0,0,0,0,0,0,0,0,0,0,3,0.2,0.6,0.0,0.1,0,1,0,1,1,False
1,436,0,0,0,0,0,0,0,0,0,0,0,0,0,0,0.0,0.0,0.0,0.0,0,0,0,0,0,False
1,437,0,0,0,0,0,0,0,0,0,0,0,0,0,0,0.0,0.0,0.0,0.0,0,0,0,0,0,False
1,438,0,0,0,0,0,0,0,0,0,0,0,0,0,0,0.0,0.0,0.0,0.0,0,0,0,0,0,False
1,439,23,0,0,0,0,0,0,0,0,0,0,0,0,2,0.0,0.5,9.0,0.9,0,0,0,0,1,False
1,440,0,0,0,0,0,0,0,0,0,0,0,0,0,0,0.0,0.0,0.0,0.0,0,0,0,0,0,False
1,441,0,0,0,0,0,0,0,0,0,0,0,0,0,0,0.0,0.0,0.0,0.0,0,0,0,0,0,False
1,442,0,0,0,0,0,0,0,0,0,0,0,0,0,0,0.0,0.0,0.0,0.0,0,0,0,0,0,False
1,443,0,0,0,0,0,0,0,0,0,0,0,0,0,0,0.0,0.0,0.0,0.0,0,0,0,0,0,False
1,444,0,0,0,0,0,0,0,0,0,0,0,0,0,0,0.0,0.0,0.0,0.0,0,0,0,0,0,False
1,445,90,1,0,0,0,2,0,0,0,0,0,0,0,0,37.8,0.2,0.0,3.8,15,2,0,15,3,False
1,446,1,0,0,0,0,1,0,0,0,0,0,0,0,-1,0.0,0.0,0.0,0.0,0,0,0,0,1,False
1,447,90,1,0,0,0,2,0,0,0,0,0,0,0,4,32.4,0.3,0.0,3.3,10,2,0,10,3,False
1,448,0,0,0,0,0,0,0,0,0,0,0,0,0,0,0.0,0.0,0.0,0.0,0,0,0,0,0,False
1,449,90,1,0,0,0,2,0,0,0,0,0,0,0,8,22.0,15.2,0.0,3.7,6,8,5,11,3,False
1,450,0,0,0,0,0,0,0,0,0,0,0,0,0,0,0.0,0.0,0.0,0.0,0,0,0,0,0,False
1,451,0,0,0,0,0,0,0,0,0,0,0,0,0,0,0.0,0.0,0.0,0.0,0,0,0,0,0,False
1,452,0,0,0,0,0,0,0,0,0,0,0,0,0,0,0.0,0.0,0.0,0.0,0,0,0,0,0,False
1,453,90,1,0,0,0,2,0,0,0,0,0,0,0,12,5.2,2.4,9.0,1.7,3,4,1,8,2,False
1,454,75,1,1,0,0,1,0,0,0,0,0,0,2,31,37.4,3.5,28.0,6.9,1,1,0,2,9,False
1,455,90,1,0,0,0,3,0,0,0,0,0,0,0,14,6.2,6.4,8.0,2.1,0,3,1,4,2,False
1,456,34,0,0,0,0,1,0,0,0,1,0,0,0,1,7.8,1.3,4.0,1.3,3,1,2,6,0,False
1,457,14,0,0,0,0,1,0,0,0,1,0,0,0,-1,0.0,0.1,2.0,0.1,1,1,0,2,0,False
1,458,0,0,0,0,0,0,0,0,0,0,0,0,0,0,0.0,0.0,0.0,0.0,0,0,0,0,0,False
1,459,75,1,0,0,0,1,0,0,0,1,0,0,0,13,15.6,21.4,3.0,4.0,6,6,1,13,3,False
1,460,34,0,1,0,0,1,0,0,0,0,0,0,0,28,38.4,13.9,9.0,6.1,0,1,2,3,6,False
1,461,0,0,0,0,0,0,0,0,0,0,0,0,0,0,0.0,0.0,0.0,0.0,0,0,0,0,0,False
1,462,55,1,0,0,0,1,0,0,0,0,0,0,0,3,0.4,1.2,0.0,0.2,0,2,0,2,1,False
1,463,0,0,0,0,0,0,0,0,0,0,0,0,0,0,0.0,0.0,0.0,0.0,0,0,0,0,0,False
1,464,90,1,0,1,0,1,0,0,0,1,0,0,0,7,20.0,16.3,28.0,6.4,1,3,4,8,4,False
1,465,55,1,0,1,0,1,0,0,0,0,0,0,0,18,28.2,13.7,8.0,5.0,2,2,1,5,4,False
1,466,0,0,0,0,0,0,0,0,0,0,0,0,0,0,0.0,0.0,0.0,0.0,0,0,0,0,0,False
1,467,90,1,0,0,0,1,0,0,0,0,0,2,0,11,14.2,0.0,0.0,1.4,0,9,0,0,2,False
1,468,0,0,0,0,0,0,0,0,0,0,0,0,0,0,0.0,0.0,0.0,0.0,0,0,0,0,0,False
1,469,90,1,0,0,0,1,0,0,0,0,0,0,0,13,15.2,5.8,6.0,2.7,3,10,3,6,2,False
1,470,0,0,0,0,0,0,0,0,0,0,0,0,0,0,0.0,0.0,0.0,0.0,0,0,0,0,0,False
1,471,90,1,0,0,0,1,0,0,0,0,0,0,0,4,7.6,0.6,14.0,2.2,7,6,0,7,2,False
1,472,90,1,0,0,0,1,0,0,0,0,0,0,0,15,32.2,25.9,0.0,5.8,12,3,2,14,4,False
1,473,73,1,0,0,1,0,0,0,0,1,0,0,0,24,16.0,35.6,11.0,6.3,2,4,0,2,5,False
1,474,90,1,0,0,0,1,0,0,0,1,0,0,0,5,20.8,1.3,0.0,2.2,7,0,1,8,1,False
1,475,0,0,0,0,0,0,0,0,0,0,0,0,0,0,0.0,0.0,0.0,0.0,0,0,0,0,0,False
1,476,0,0,0,0,0,0,0,0,0,0,0,0,0,0,0.0,0.0,0.0,0.0,0,0,0,0,0,False
1,477,0,0,0,0,0,0,0,0,0,0,0,0,0,0,0.0,0.0,0.0,0.0,0,0,0,0,0,False
1,478,16,0,0,0,0,1,0,0,0,0,0,0,0,-2,0.0,0.9,0.0,0.1,0,1,0,0,1,False
1,479,0,0,0,0,0,0,0,0,0,0,0,0,0,0,0.0,0.0,0.0,0.0,0,0,0,0,0,False
1,480,90,1,0,0,0,1,0,0,0,0,0,0,0,10,0.0,9.3,16.0,2.4,1,2,0,3,2,False
1,481,62,1,0,0,0,1,0,0,0,0,0,0,0,14,7.2,20.8,0.0,2.8,1,3,2,6,2,False
1,482,0,0,0,0,0,0,0,0,0,0,0,0,0,0,0.0,0.0,0.0,0.0,0,0,0,0,0,False
1,483,61,1,0,0,1,0,0,0,0,0,0,0,0,5,1.4,2.5,0.0,0.4,1,1,1,3,3,False
1,484,0,0,0,0,0,0,0,0,0,0,0,0,0,0,0.0,0.0,0.0,0.0,0,0,0,0,0,False
1,485,0,0,0,0,0,0,0,0,0,0,0,0,0,0,0.0,0.0,0.0,0.0,0,0,0,0,0,False
1,486,73,1,0,0,1,0,0,0,0,0,0,0,0,18,11.6,42.5,0.0,5.4,2,5,1,8,3,False
1,487,0,0,0,0,0,0,0,0,0,0,0,0,0,0,0.0,0.0,0.0,0.0,0,0,0,0,0,False
1,488,90,1,0,0,0,1,0,0,0,0,0,0,0,10,17.8,13.0,3.0,3.4,3,3,0,6,2,False
1,489,0,0,0,0,0,0,0,0,0,0,0,0,0,0,0.0,0.0,0.0,0.0,0,0,0,0,0,False
1,490,28,0,0,0,0,1,0,0,0,0,0,0,0,3,0.0,2.4,3.0,0.4,0,1,0,1,1,False
1,491,90,1,0,0,0,1,0,0,0,0,0,0,0,8,5.2,6.8,31.0,4.3,2,1,0,3,2,False
1,492,20,0,0,0,0,0,0,0,0,0,0,0,0,4,0.0,1.4,0.0,0.1,0,1,0,1,1,False
1,493,1,0,0,0,0,0,0,0,0,0,0,0,0,3,0.0,0.0,0.0,0.0,0,0,0,0,1,False
1,494,0,0,0,0,0,0,0,0,0,0,0,0,0,0,0.0,0.0,0.0,0.0,0,0,0,0,0,False
1,495,0,0,0,0,0,0,0,0,0,0,0,0,0,0,0.0,0.0,0.0,0.0,0,0,0,0,0,False
1,496,90,1,0,0,0,3,0,0,0,0,0,5,0,15,43.6,0.0,0.0,4.4,4,12,0,0,2,False
1,497,0,0,0,0,0,0,0,0,0,0,0,0,0,0,0.0,0.0,0.0,0.0,0,0,0,0,0,False
1,498,90,1,0,0,0,3,0,0,0,0,0,0,0,10,36.6,2.2,0.0,3.9,11,2,5,16,3,False
1,499,0,0,0,0,0,0,0,0,0,0,0,0,0,0,0.0,0.0,0.0,0.0,0,0,0,0,0,False
1,500,0,0,0,0,0,0,0,0,0,0,0,0,0,0,0.0,0.0,0.0,0.0,0,0,0,0,0,False
1,501,0,0,0,0,0,0,0,0,0,0,0,0,0,0,0.0,0.0,0.0,0.0,0,0,0,0,0,False
1,502,90,1,0,0,0,3,0,0,0,0,0,0,0,13,31.8,19.2,2.0,5.3,9,3,2,11,3,False
1,503,0,0,0,0,0,0,0,0,0,0,0,0,0,0,0.0,0.0,0.0,0.0,0,0,0,0,0,False
1,504,90,1,0,0,1,0,0,0,0,0,0,0,0,19,12.4,4.5,12.0,2.9,4,2,0,4,6,False
1,505,0,0,0,0,0,0,0,0,0,0,0,0,0,0,0.0,0.0,0.0,0.0,0,0,0,0,0,False
1,506,4,0,0,0,0,0,0,0,0,0,0,0,0,3,0.0,0.7,0.0,0.0,0,2,0,0,1,False
1,507,0,0,0,0,0,0,0,0,0,0,0,0,0,0,0.0,0.0,0.0,0.0,0,0,0,0,0,False
1,508,0,0,0,0,0,0,0,0,0,0,0,0,0,0,0.0,0.0,0.0,0.0,0,0,0,0,0,False
1,509,0,0,0,0,0,0,0,0,0,0,0,0,0,0,0.0,0.0,0.0,0.0,0,0,0,0,0,False
1,510,0,0,0,0,0,0,0,0,0,0,0,0,0,0,0.0,0.0,0.0,0.0,0,0,0,0,0,False
1,511,0,0,0,0,0,0,0,0,0,0,0,0,0,0,0.0,0.0,0.0,0.0,0,0,0,0,0,False
1,512,0,0,0,0,0,0,0,0,0,0,0,0,0,0,0.0,0.0,0.0,0.0,0,0,0,0,0,False
1,513,0,0,0,0,0,0,0,0,0,0,0,0,0,0,0.0,0.0,0.0,0.0,0,0,0,0,0,False
1,514,90,1,0,0,0,3,0,0,0,0,0,0,0,17,10.4,26.0,9.0,4.5,1,7,0,8,2,False
1,515,22,0,0,0,0,0,0,0,0,0,0,0,0,6,4.4,8.3,8.0,2.1,1,1,0,2,1,False
1,516,45,0,0,0,0,1,0,0,0,0,0,0,0,8,2.0,14.7,0.0,1.7,0,2,3,5,1,False
1,517,0,0,0,0,0,0,0,0,0,0,0,0,0,0,0.0,0.0,0.0,0.0,0,0,0,0,0,False
1,518,0,0,0,0,0,0,0,0,0,0,0,0,0,0,0.0,0.0,0.0,0.0,0,0,0,0,0,False
1,519,45,1,0,0,0,2,0,0,0,1,0,0,0,1,0.0,5.5,1.0,0.5,0,2,1,3,0,False
1,520,45,1,0,0,0,2,0,0,0,0,0,0,0,2,0.0,2.0,2.0,0.0,0,7,1,8,1,False
1,521,0,0,0,0,0,0,0,0,0,0,0,0,0,0,0.0,0.0,0.0,0.0,0,0,0,0,0,False
1,522,85,1,0,0,0,3,0,0,0,0,0,0,0,15,6.2,3.3,0.0,1.0,2,2,1,5,2,False
1,523,67,1,0,0,0,3,0,0,0,0,0,0,0,10,14.2,5.9,55.0,7.5,0,1,1,2,2,False
1,524,0,0,0,0,0,0,0,0,0,0,0,0,0,0,0.0,0.0,0.0,0.0,0,0,0,0,0,False
1,525,45,0,0,0,0,1,0,0,0,0,0,0,0,16,7.2,27.2,2.0,3.6,0,1,1,2,1,False
1,526,22,0,0,0,0,0,0,0,0,0,0,0,0,3,0.0,0.0,5.0,0.5,0,0,0,0,1,False
1,527,67,1,0,0,0,3,0,0,0,0,0,0,0,6,0.0,2.2,0.0,0.2,1,0,0,1,2,False
1,528,0,0,0,0,0,0,0,0,0,0,0,0,0,0,0.0,0.0,0.0,0.0,0,0,0,0,0,False
1,529,90,1,0,0,0,2,0,0,0,0,0,1,0,7,15.2,0.0,0.0,1.5,1,8,0,0,1,False
1,530,0,0,0,0,0,0,0,0,0,0,0,0,0,0,0.0,0.0,0.0,0.0,0,0,0,0,0,False
1,531,0,0,0,0,0,0,0,0,0,0,0,0,0,0,0.0,0.0,0.0,0.0,0,0,0,0,0,False
1,532,90,1,0,0,0,2,0,0,0,1,0,0,0,4,18.2,1.2,0.0,1.9,7,0,2,9,0,False
1,533,0,0,0,0,0,0,0,0,0,0,0,0,0,0,0.0,0.0,0.0,0.0,0,0,0,0,0,False
1,534,79,1,0,0,0,1,0,0,0,0,0,0,0,14,9.4,39.4,13.0,6.2,1,6,3,4,2,False
1,535,23,0,0,0,0,1,0,0,0,0,0,0,0,2,0.0,0.6,0.0,0.0,0,2,0,0,1,False
1,536,90,1,0,0,0,2,0,0,0,0,0,0,0,9,23.0,27.5,4.0,5.5,5,5,3,8,1,False
1,537,0,0,0,0,0,0,0,0,0,0,0,0,0,0,0.0,0.0,0.0,0.0,0,0,0,0,0,False
1,538,0,0,0,0,0,0,0,0,0,0,0,0,0,0,0.0,0.0,0.0,0.0,0,0,0,0,0,False
1,539,66,1,0,0,0,1,0,0,0,1,0,0,0,1,11.4,1.4,4.0,1.7,4,4,1,5,1,False
1,540,0,0,0,0,0,0,0,0,0,0,0,0,0,0,0.0,0.0,0.0,0.0,0,0,0,0,0,False
1,541,90,1,0,0,0,2,0,0,0,0,0,0,0,5,13.8,5.3,11.0,3.0,2,3,2,4,1,False
1,542,79,1,0,0,0,1,0,0,0,0,0,0,0,13,4.6,9.9,0.0,1.5,0,1,1,2,2,False
1,543,10,0,0,0,0,1,0,0,0,0,0,0,0,3,0.4,0.6,2.0,0.3,0,0,0,0,1,False
1,544,90,1,0,1,0,2,0,0,0,0,0,0,2,31,18.8,31.4,0.0,5.0,2,8,3,13,9,False
1,545,90,1,0,0,0,2,0,0,0,0,0,0,0,18,14.6,32.1,25.0,7.2,0,2,0,2,2,False
1,546,0,0,0,0,0,0,0,0,0,0,0,0,0,0,0.0,0.0,0.0,0.0,0,0,0,0,0,False
1,547,0,0,0,0,0,0,0,0,0,0,0,0,0,0,0.0,0.0,0.0,0.0,0,0,0,0,0,False
1,548,10,0,0,0,0,1,0,0,0,0,0,0,0,3,0.0,0.3,0.0,0.0,0,1,0,1,1,False
1,549,31,0,0,0,0,1,0,0,0,0,0,0,0,1,0.0,0.9,0.0,0.0,0,2,0,2,1,False
1,550,0,0,0,0,0,0,0,0,0,0,0,0,0,0,0.0,0.0,0.0,0.0,0,0,0,0,0,False
1,551,58,1,1,0,0,1,0,0,0,1,0,0,0,23,32.8,3.3,16.0,5.2,1,5,1,7,5,False
1,552,66,1,0,0,0,1,0,0,0,0,0,0,0,1,0.0,1.5,9.0,1.1,0,0,0,0,2,False
1,553,23,0,0,0,0,1,0,0,0,0,0,0,0,3,0.0,0.2,0.0,0.0,0,0,0,0,1,False
1,554,0,0,0,0,0,0,0,0,0,0,0,0,0,0,0.0,0.0,0.0,0.0,0,0,0,0,0,False
1,555,0,0,0,0,0,0,0,0,0,0,0,0,0,0,0.0,0.0,0.0,0.0,0,0,0,0,0,False
1,556,5,0,0,0,0,0,0,0,0,0,0,0,0,3,0.4,0.0,0.0,0.0,0,1,0,0,1,False
1,557,75,1,0,1,1,0,0,0,0,0,0,0,0,30,17.0,39.8,30.0,8.7,2,3,1,6,6,False
1,558,16,0,0,0,0,1,0,0,0,0,0,0,0,3,0.6,1.0,2.0,0.4,0,1,0,1,1,False
1,559,14,0,0,0,0,1,0,0,0,0,0,0,0,5,4.0,0.0,0.0,0.4,1,0,1,2,1,False
1,560,0,0,0,0,0,0,0,0,0,0,0,0,0,0,0.0,0.0,0.0,0.0,0,0,0,0,0,False
1,561,0,0,0,0,0,0,0,0,0,0,0,0,0,0,0.0,0.0,0.0,0.0,0,0,0,0,0,False
1,562,79,1,0,0,0,1,0,0,0,0,0,0,0,7,12.6,1.4,7.0,2.1,3,2,4,9,2,False
1,563,0,0,0,0,0,0,0,0,0,0,0,0,0,0,0.0,0.0,0.0,0.0,0,0,0,0,0,False
1,564,90,1,0,0,0,1,0,0,0,0,0,2,0,12,14.4,0.0,0.0,1.4,1,10,0,0,2,False
1,565,75,1,0,2,1,0,0,0,0,0,0,0,3,41,31.6,21.8,21.0,7.4,4,7,2,13,14,True
1,566,90,1,0,0,0,2,0,0,0,1,0,0,0,5,31.4,0.3,0.0,3.2,13,1,0,13,2,False
1,567,90,1,0,0,0,2,0,0,0,1,0,5,0,12,41.2,0.0,0.0,4.1,3,5,0,0,1,False
1,568,0,0,0,0,0,0,0,0,0,0,0,0,0,0,0.0,0.0,0.0,0.0,0,0,0,0,0,False
1,569,90,1,1,0,0,3,0,0,0,0,0,0,0,33,37.2,4.3,40.0,8.2,0,1,1,2,6,False
1,570,72,1,0,0,0,3,0,0,0,0,0,0,0,10,2.8,7.3,8.0,1.8,0,2,2,4,2,False
1,571,0,0,0,0,0,0,0,0,0,0,0,0,0,0,0.0,0.0,0.0,0.0,0,0,0,0,0,False
1,572,90,1,0,0,1,0,0,0,0,0,0,5,3,41,34.6,0.0,0.0,3.5,0,22,0,0,10,True
1,573,0,0,0,0,0,0,0,0,0,0,0,0,0,0,0.0,0.0,0.0,0.0,0,0,0,0,0,False
1,574,0,0,0,0,0,0,0,0,0,0,0,0,0,0,0.0,0.0,0.0,0.0,0,0,0,0,0,False
1,575,61,1,0,0,0,3,0,0,0,1,0,0,0,2,0.0,3.1,0.0,0.0,0,3,0,3,1,False
1,576,70,1,0,0,1,0,0,0,0,0,0,0,0,11,8.4,4.8,0.0,1.3,1,2,3,6,3,False
1,577,18,0,0,0,0,0,0,0,0,0,0,0,0,3,2.4,2.4,0.0,0.5,1,1,0,1,1,False
1,578,0,0,0,0,0,0,0,0,0,0,0,0,0,0,0.0,0.0,0.0,0.0,0,0,0,0,0,False
1,579,20,0,0,0,0,0,0,0,0,0,0,0,0,3,13.2,1.2,0.0,1.4,3,1,1,4,1,False
1,580,23,0,0,0,0,0,0,0,0,0,0,0,0,5,3.4,1.3,0.0,0.5,0,2,1,3,1,False
1,581,0,0,0,0,0,0,0,0,0,0,0,0,0,0,0.0,0.0,0.0,0.0,0,0,0,0,0,False
1,582,0,0,0,0,0,0,0,0,0,0,0,0,0,0,0.0,0.0,0.0,0.0,0,0,0,0,0,False
1,583,25,0,0,0,0,0,0,0,0,0,0,0,0,3,2.4,0.2,2.0,0.5,1,1,0,1,1,False
1,584,8,0,0,0,0,0,0,0,0,0,0,0,0,3,0.4,0.3,0.0,0.1,0,1,0,1,1,False
1,585,26,0,0,0,0,0,0,0,0,0,0,0,0,4,8.0,0.0,0.0,0.8,4,0,0,4,1,False
1,586,63,1,1,0,1,0,0,0,0,0,0,0,1,35,51.8,0.6,33.0,8.5,13,2,0,13,15,True
1,587,0,0,0,0,0,0,0,0,0,0,0,0,0,0,0.0,0.0,0.0,0.0,0,0,0,0,0,False
1,588,35,0,0,0,0,0,0,0,0,0,0,0,0,12,24.0,26.5,4.0,5.5,5,3,4,9,1,False
1,589,0,0,0,0,0,0,0,0,0,0,0,0,0,0,0.0,0.0,0.0,0.0,0,0,0,0,0,False
1,590,0,0,0,0,0,0,0,0,0,0,0,0,0,0,0.0,0.0,0.0,0.0,0,0,0,0,0,False
1,591,70,1,0,1,0,1,0,0,0,0,0,0,0,24,21.6,14.0,18.0,5.4,2,5,1,8,5,False
1,592,10,0,0,0,0,0,0,0,0,0,0,0,0,4,5.2,10.0,0.0,1.5,2,0,0,2,1,False
1,593,90,1,0,0,0,2,0,0,0,0,0,0,0,-1,16.4,1.2,5.0,2.3,7,2,2,9,1,False
1,594,0,0,0,0,0,0,0,0,0,0,0,0,0,0,0.0,0.0,0.0,0.0,0,0,0,0,0,False
1,595,0,0,0,0,0,0,0,0,0,0,0,0,0,0,0.0,0.0,0.0,0.0,0,0,0,0,0,False
1,596,8,0,0,0,0,0,0,0,0,0,0,0,0,3,4.0,0.0,0.0,0.4,0,0,2,2,1,False
1,597,0,0,0,0,0,0,0,0,0,0,0,0,0,0,0.0,0.0,0.0,0.0,0,0,0,0,0,False
1,598,0,0,0,0,0,0,0,0,0,0,0,0,0,0,0.0,0.0,0.0,0.0,0,0,0,0,0,False
1,599,0,0,0,0,0,0,0,0,0,0,0,0,0,0,0.0,0.0,0.0,0.0,0,0,0,0,0,False
1,600,12,0,0,0,0,0,0,0,0,0,0,0,0,7,4.2,15.4,4.0,2.4,0,2,0,2,1,False
1,601,0,0,0,0,0,0,0,0,0,0,0,0,0,0,0.0,0.0,0.0,0.0,0,0,0,0,0,False
1,602,0,0,0,0,0,0,0,0,0,0,0,0,0,0,0.0,0.0,0.0,0.0,0,0,0,0,0,False
1,603,0,0,0,0,0,0,0,0,0,0,0,0,0,0,0.0,0.0,0.0,0.0,0,0,0,0,0,False
1,604,0,0,0,0,0,0,0,0,0,0,0,0,0,0,0.0,0.0,0.0,0.0,0,0,0,0,0,False
1,605,4,0,0,0,0,0,0,0,0,0,0,0,0,3,0.6,2.7,0.0,0.3,0,0,0,0,1,False
1,606,0,0,0,0,0,0,0,0,0,0,0,0,0,0,0.0,0.0,0.0,0.0,0,0,0,0,0,False
1,607,0,0,0,0,0,0,0,0,0,0,0,0,0,0,0.0,0.0,0.0,0.0,0,0,0,0,0,False
1,608,15,0,0,0,0,2,0,0,0,0,0,0,0,6,3.4,0.8,17.0,2.1,0,1,0,1,1,False
1,609,0,0,0,0,0,0,0,0,0,0,0,0,0,0,0.0,0.0,0.0,0.0,0,0,0,0,0,False
1,610,0,0,0,0,0,0,0,0,0,0,0,0,0,0,0.0,0.0,0.0,0.0,0,0,0,0,0,False
2,1,90,1,0,0,1,0,0,0,0,0,0,0,0,21,5.6,0.0,0.0,0.6,1,11,0,0,6,False
2,2,0,0,0,0,0,0,0,0,0,0,0,0,0,0,0.0,0.0,0.0,0.0,0,0,0,0,0,False
2,3,0,0,0,0,0,0,0,0,0,0,0,0,0,0,0.0,0.0,0.0,0.0,0,0,0,0,0,False
2,4,90,1,0,0,1,0,0,0,0,0,0,0,0,23,18.2,3.2,6.0,2.7,8,5,2,10,8,False
2,5,0,0,0,0,0,0,0,0,0,0,0,0,0,0,0.0,0.0,0.0,0.0,0,0,0,0,0,False
2,6,0,0,0,0,0,0,0,0,0,0,0,0,0,0,0.0,0.0,0.0,0.0,0,0,0,0,0,False
2,7,70,1,0,0,1,0,0,0,0,0,0,0,0,15,10.6,3.2,5.0,1.9,4,1,0,5,3,False
2,8,90,1,0,1,1,0,0,0,0,0,0,0,2,30,21.2,11.9,9.0,4.2,2,4,1,3,11,True
2,9,0,0,0,0,0,0,0,0,0,0,0,0,0,0,0.0,0.0,0.0,0.0,0,0,0,0,0,False
2,10,90,1,0,0,1,0,0,0,0,0,0,0,1,26,16.4,20.3,0.0,3.7,3,2,1,4,7,False
2,11,78,1,0,0,1,0,0,0,0,0,0,0,0,25,10.2,1.4,0.0,1.2,4,0,0,4,6,False
2,12,90,1,1,0,1,0,0,0,0,0,0,0,3,46,41.0,8.0,44.0,9.3,3,6,2,11,11,False
2,13,84,1,0,0,1,0,0,0,0,0,0,0,0,19,24.0,27.6,0.0,5.2,2,7,3,12,5,False
2,14,45,0,0,0,0,0,0,0,0,0,0,0,0,6,1.6,2.0,2.0,0.6,0,3,0,3,1,False
2,15,70,1,0,0,1,0,0,0,0,0,0,0,0,13,6.8,6.8,5.0,1.9,2,1,2,5,3,False
2,16,0,0,0,0,0,0,0,0,0,0,0,0,0,0,0.0,0.0,0.0,0.0,0,0,0,0,0,False
2,17,19,0,0,0,0,0,0,0,0,0,0,0,0,7,2.8,1.0,0.0,0.4,0,4,0,4,1,False
2,18,0,0,0,0,0,0,0,0,0,0,0,0,0,0,0.0,0.0,0.0,0.0,0,0,0,0,0,False
2,19,5,0,0,0,0,0,0,0,0,0,0,0,0,5,4.8,0.9,0.0,0.6,0,0,2,2,1,False
2,20,0,0,0,0,0,0,0,0,0,0,0,0,0,0,0.0,0.0,0.0,0.0,0,0,0,0,0,False
2,21,0,0,0,0,0,0,0,0,0,0,0,0,0,0,0.0,0.0,0.0,0.0,0,0,0,0,0,False
2,22,0,0,0,0,0,0,0,0,0,0,0,0,0,0,0.0,0.0,0.0,0.0,0,0,0,0,0,False
2,23,0,0,0,0,0,0,0,0,0,0,0,0,0,0,0.0,0.0,0.0,0.0,0,0,0,0,0,False
2,24,0,0,0,0,0,0,0,0,0,0,0,0,0,0,0.0,0.0,0.0,0.0,0,0,0,0,0,False
2,25,0,0,0,0,0,0,0,0,0,0,0,0,0,0,0.0,0.0,0.0,0.0,0,0,0,0,0,False
2,26,90,1,0,0,1,0,0,0,0,0,0,0,0,5,2.4,3.4,23.0,2.9,0,5,0,5,2,False
2,27,0,0,0,0,0,0,0,0,0,0,0,0,0,0,0.0,0.0,0.0,0.0,0,0,0,0,0,False
2,28,90,1,0,0,0,3,0,0,0,0,0,4,0,18,36.2,20.0,0.0,5.6,1,13,0,0,2,False
2,29,0,0,0,0,0,0,0,0,0,0,0,0,0,0,0.0,0.0,0.0,0.0,0,0,0,0,0,False
2,30,0,0,0,0,0,0,0,0,0,0,0,0,0,0,0.0,0.0,0.0,0.0,0,0,0,0,0,False
2,31,11,0,0,0,0,0,0,0,0,0,0,0,0,3,3.2,0.1,0.0,0.3,1,0,0,1,1,False
2,32,77,1,0,0,0,1,0,0,0,0,0,0,0,8,14.0,1.8,7.0,2.3,2,1,4,6,2,False
2,33,0,0,0,0,0,0,0,0,0,0,0,0,0,0,0.0,0.0,0.0,0.0,0,0,0,0,0,False
2,34,90,1,0,0,0,1,0,0,0,0,0,0,0,6,11.0,0.8,0.0,1.2,3,8,1,4,2,False
2,35,0,0,0,0,0,0,0,0,0,0,0,0,0,0,0.0,0.0,0.0,0.0,0,0,0,0,0,False
2,36,90,1,0,0,0,1,0,0,0,1,0,0,0,-5,4.8,0.5,12.0,1.7,5,2,3,8,1,False
2,37,90,1,0,0,0,1,0,0,0,0,0,0,0,10,15.0,1.2,0.0,1.6,6,1,1,7,2,False
2,38,0,0,0,0,0,0,0,0,0,0,0,0,0,0,0.0,0.0,0.0,0.0,0,0,0,0,0,False
2,39,0,0,0,0,0,0,0,0,0,0,0,0,0,0,0.0,0.0,0.0,0.0,0,0,0,0,0,False
2,40,90,1,0,1,0,3,0,0,0,0,0,0,0,28,26.8,46.5,23.0,9.6,1,3,1,5,5,False
2,41,90,1,0,0,0,1,0,0,0,0,0,0,0,9,5.0,13.2,9.0,2.7,0,4,1,5,2,False
2,42,27,0,0,0,0,1,0,0,0,0,0,0,0,3,2.2,0.3,0.0,0.3,1,0,0,1,1,False
2,43,90,1,0,0,0,2,0,0,0,0,0,0,0,26,33.2,46.3,20.0,10.0,4,7,2,13,4,False
2,44,0,0,0,0,0,0,0,0,0,0,0,0,0,0,0.0,0.0,0.0,0.0,0,0,0,0,0,False
2,45,90,1,0,0,0,1,0,0,0,1,0,0,0,2,0.0,12.0,10.0,1.7,1,2,1,4,1,False
2,46,77,1,0,0,0,1,0,0,0,0,0,0,0,23,12.8,23.3,2.0,3.8,1,6,3,10,2,False
2,47,90,1,0,0,0,1,0,0,0,0,0,0,0,13,10.6,14.2,0.0,2.5,3,4,1,8,2,False
2,48,0,0,0,0,0,0,0,0,0,0,0,0,0,0,0.0,0.0,0.0,0.0,0,0,0,0,0,False
2,49,0,0,0,0,0,0,0,0,0,0,0,0,0,0,0.0,0.0,0.0,0.0,0,0,0,0,0,False
2,50,0,0,0,0,0,0,0,0,0,0,0,0,0,0,0.0,0.0,0.0,0.0,0,0,0,0,0,False
2,51,70,1,0,0,0,1,0,0,0,0,0,0,0,5,1.8,4.3,0.0,0.6,0,4,2,6,2,False
2,52,19,0,0,0,0,0,0,0,0,1,0,0,0,2,1.2,0.8,2.0,0.4,0,1,1,2,0,False
2,53,0,0,0,0,0,0,0,0,0,0,0,0,0,0,0.0,0.0,0.0,0.0,0,0,0,0,0,False
2,54,0,0,0,0,0,0,0,0,0,0,0,0,0,0,0.0,0.0,0.0,0.0,0,0,0,0,0,False
2,55,0,0,0,0,0,0,0,0,0,0,0,0,0,0,0.0,0.0,0.0,0.0,0,0,0,0,0,False
2,56,19,0,0,0,0,0,0,0,0,0,0,0,0,3,0.0,1.3,0.0,0.1,0,0,0,0,1,False
2,57,90,1,0,0,0,1,0,0,0,0,0,5,0,20,33.8,0.0,0.0,3.4,3,8,0,0,3,False
2,58,0,0,0,0,0,0,0,0,0,0,0,0,0,0,0.0,0.0,0.0,0.0,0,0,0,0,0,False
2,59,0,0,0,0,0,0,0,0,0,0,0,0,0,0,0.0,0.0,0.0,0.0,0,0,0,0,0,False
2,60,90,1,0,0,0,1,0,0,0,0,0,0,0,19,25.6,21.0,4.0,5.1,9,3,3,12,4,False
2,61,90,1,0,0,0,1,0,0,0,0,0,0,2,27,27.8,23.7,4.0,5.6,7,6,2,9,4,False
2,62,0,0,0,0,0,0,0,0,0,0,0,0,0,0,0.0,0.0,0.0,0.0,0,0,0,0,0,False
2,63,0,0,0,0,0,0,0,0,0,0,0,0,0,0,0.0,0.0,0.0,0.0,0,0,0,0,0,False
2,64,90,1,0,0,0,1,0,0,0,1,0,0,0,5,15.6,15.7,0.0,3.1,4,0,2,6,1,False
2,65,0,0,0,0,0,0,0,0,0,0,0,0,0,0,0.0,0.0,0.0,0.0,0,0,0,0,0,False
2,66,0,0,0,0,0,0,0,0,0,0,0,0,0,0,0.0,0.0,0.0,0.0,0,0,0,0,0,False
2,67,90,1,0,0,0,1,0,0,0,0,0,0,0,4,8.6,3.5,44.0,5.6,1,3,1,5,2,False
2,68,90,1,0,0,0,1,0,0,0,1,0,0,0,20,15.0,38.3,11.0,6.4,1,6,4,11,1,False
2,69,86,1,1,0,1,0,0,0,0,1,0,0,3,39,47.6,32.1,21.0,10.1,3,9,3,15,12,True
2,70,80,1,0,0,1,0,0,0,0,0,0,0,0,12,11.2,26.9,57.0,9.5,0,5,0,5,3,False
2,71,68,1,0,0,1,0,0,0,0,0,0,0,0,13,3.8,12.8,0.0,1.7,0,2,0,2,3,False
2,72,0,0,0,0,0,0,0,0,0,0,0,0,0,0,0.0,0.0,0.0,0.0,0,0,0,0,0,False
2,73,21,0,0,0,0,1,0,0,0,0,0,0,0,4,1.6,1.3,0.0,0.3,0,3,0,3,1,False
2,74,9,0,0,0,0,1,0,0,0,0,0,0,0,3,0.0,1.6,0.0,0.1,0,0,0,0,1,False
2,75,3,0,0,0,0,1,0,0,0,0,0,0,0,5,2.8,0.3,0.0,0.3,0,1,1,2,1,False
2,76,0,0,0,0,0,0,0,0,0,0,0,0,0,0,0.0,0.0,0.0,0.0,0,0,0,0,0,False
2,77,0,0,0,0,0,0,0,0,0,0,0,0,0,0,0.0,0.0,0.0,0.0,0,0,0,0,0,False
2,78,0,0,0,0,0,0,0,0,0,0,0,0,0,0,0.0,0.0,0.0,0.0,0,0,0,0,0,False
2,79,80,1,0,1,1,0,0,0,0,0,0,0,0,11,15.0,22.2,22.0,5.9,1,2,0,3,5,False
2,80,0,0,0,0,0,0,0,0,0,0,0,0,0,0,0.0,0.0,0.0,0.0,0,0,0,0,0,False
2,81,9,0,0,0,0,1,0,0,0,0,0,0,0,4,0.0,0.0,0.0,0.0,0,1,0,1,1,False
2,82,90,1,0,0,0,1,0,0,0,0,0,1,0,7,9.4,0.0,0.0,0.9,2,4,0,0,2,False
2,83,0,0,0,0,0,0,0,0,0,0,0,0,0,0,0.0,0.0,0.0,0.0,0,0,0,0,0,False
2,84,90,1,0,0,0,1,0,0,0,1,0,0,0,14,28.0,0.9,34.0,6.3,11,8,2,13,3,False
2,85,0,0,0,0,0,0,0,0,0,0,0,0,0,0,0.0,0.0,0.0,0.0,0,0,0,0,0,False
2,86,87,1,0,1,0,1,0,0,0,0,0,0,1,29,38.4,31.6,2.0,7.2,3,6,2,11,6,False
2,87,90,1,0,0,0,1,0,0,0,1,0,0,0,7,37.8,21.0,2.0,6.1,17,2,0,17,3,False
2,88,87,1,0,0,0,1,0,0,0,0,0,0,0,9,14.4,16.0,8.0,3.8,3,4,1,4,2,False
2,89,2,0,0,0,0,0,0,0,0,0,0,0,0,3,0.0,0.0,0.0,0.0,0,0,0,0,1,False
2,90,2,0,0,0,0,0,0,0,0,0,0,0,0,6,4.0,4.1,0.0,0.8,0,0,1,1,1,False
2,91,12,0,0,0,0,1,0,0,0,0,0,0,0,-1,3.8,0.7,0.0,0.5,2,0,0,2,1,False
2,92,0,0,0,0,0,0,0,0,0,0,0,0,0,0,0.0,0.0,0.0,0.0,0,0,0,0,0,False
2,93,0,0,0,0,0,0,0,0,0,0,0,0,0,0,0.0,0.0,0.0,0.0,0,0,0,0,0,False
2,94,87,1,1,0,0,1,0,0,0,0,0,0,3,34,45.6,11.1,34.0,9.1,3,4,2,9,10,False
2,95,29,0,0,0,0,1,0,0,0,0,0,0,0,16,15.4,15.5,2.0,3.3,3,3,1,7,1,False
2,96,68,1,0,0,1,0,0,0,0,0,0,0,0,20,16.6,32.4,25.0,7.4,2,5,2,9,3,False
2,97,0,0,0,0,0,0,0,0,0,0,0,0,0,0,0.0,0.0,0.0,0.0,0,0,0,0,0,False
2,98,90,1,0,0,0,1,0,0,0,1,0,0,0,11,16.4,35.4,4.0,5.6,5,2,3,10,1,False
2,99,0,0,0,0,0,0,0,0,0,0,0,0,0,0,0.0,0.0,0.0,0.0,0,0,0,0,0,False
2,100,0,0,0,0,0,0,0,0,0,0,0,0,0,0,0.0,0.0,0.0,0.0,0,0,0,0,0,False
2,101,0,0,0,0,0,0,0,0,0,0,0,0,0,0,0.0,0.0,0.0,0.0,0,0,0,0,0,False
2,102,21,0,0,0,0,1,0,0,0,0,0,0,0,4,3.0,12.5,4.0,2.0,0,0,0,0,1,False
2,103,0,0,0,0,0,0,0,0,0,0,0,0,0,0,0.0,0.0,0.0,0.0,0,0,0,0,0,False
2,104,0,0,0,0,0,0,0,0,0,0,0,0,0,0,0.0,0.0,0.0,0.0,0,0,0,0,0,False
2,105,60,1,0,0,1,0,0,0,0,1,0,0,0,4,3.2,25.9,15.0,4.4,0,1,0,1,2,False
2,106,90,1,0,0,0,1,0,0,0,0,0,0,0,2,2.4,6.2,55.0,6.4,0,3,1,4,2,False
2,107,0,0,0,0,0,0,0,0,0,0,0,0,0,0,0.0,0.0,0.0,0.0,0,0,0,0,0,False
2,108,2,0,0,0,0,0,0,0,0,0,0,0,0,3,0.0,0.1,7.0,0.7,0,1,0,1,1,False
2,109,90,1,0,0,0,4,0,0,0,0,0,1,0,-1,10.2,0.0,0.0,1.0,0,14,0,0,0,False
2,110,90,1,0,0,0,1,0,0,0,0,0,1,0,10,10.6,0.0,0.0,1.1,1,13,0,0,2,False
2,111,0,0,0,0,0,0,0,0,0,0,0,0,0,0,0.0,0.0,0.0,0.0,0,0,0,0,0,False
2,112,90,1,0,0,0,2,0,0,0,0,0,0,0,9,26.6,13.7,33.0,7.3,6,4,2,8,1,False
2,113,90,1,0,0,0,4,0,0,0,0,0,0,0,-4,2.8,16.7,8.0,2.8,0,2,0,0,0,False
2,114,90,1,0,0,0,4,0,0,0,1,0,0,0,-2,16.8,26.6,11.0,5.4,3,2,0,3,-1,False
2,115,90,1,0,0,0,4,0,0,0,0,0,0,0,-2,8.8,23.7,5.0,3.8,2,3,0,2,0,False
2,116,90,1,0,0,0,4,0,0,0,1,0,0,0,-4,14.8,2.0,0.0,1.7,2,4,1,3,-1,False
2,117,0,0,0,0,0,0,0,0,0,0,0,0,0,0,0.0,0.0,0.0,0.0,0,0,0,0,0,False
2,118,0,0,0,0,0,0,0,0,0,0,0,0,0,0,0.0,0.0,0.0,0.0,0,0,0,0,0,False
2,119,10,0,0,0,0,0,0,0,0,1,0,0,0,-1,0.0,0.3,0.0,0.0,0,0,0,0,0,False
2,120,0,0,0,0,0,0,0,0,0,0,0,0,0,0,0.0,0.0,0.0,0.0,0,0,0,0,0,False
2,121,0,0,0,0,0,0,0,0,0,0,0,0,0,0,0.0,0.0,0.0,0.0,0,0,0,0,0,False
2,122,0,0,0,0,0,0,0,0,0,0,0,0,0,0,0.0,0.0,0.0,0.0,0,0,0,0,0,False
2,123,0,0,0,0,0,0,0,0,0,0,0,0,0,0,0.0,0.0,0.0,0.0,0,0,0,0,0,False
2,124,90,1,1,1,0,4,0,0,0,0,0,0,3,46,47.8,33.2,23.0,10.4,2,3,1,6,13,True
2,125,0,0,0,0,0,0,0,0,0,0,0,0,0,0,0.0,0.0,0.0,0.0,0,0,0,0,0,False
2,126,0,0,0,0,0,0,0,0,0,0,0,0,0,0,0.0,0.0,0.0,0.0,0,0,0,0,0,False
2,127,90,1,0,1,0,4,0,0,0,0,0,0,0,15,4.6,20.3,42.0,6.7,1,2,2,5,5,False
2,128,0,0,0,0,0,0,0,0,0,0,0,0,0,0,0.0,0.0,0.0,0.0,0,0,0,0,0,False
2,129,0,0,0,0,0,0,0,0,0,0,0,0,0,0,0.0,0.0,0.0,0.0,0,0,0,0,0,False
2,130,79,1,0,0,0,4,0,0,0,0,0,0,0,6,20.4,9.2,4.0,3.4,7,4,0,7,0,False
2,131,0,0,0,0,0,0,0,0,0,0,0,0,0,0,0.0,0.0,0.0,0.0,0,0,0,0,0,False
2,132,0,0,0,0,0,0,0,0,0,0,0,0,0,0,0.0,0.0,0.0,0.0,0,0,0,0,0,False
2,133,0,0,0,0,0,0,0,0,0,0,0,0,0,0,0.0,0.0,0.0,0.0,0,0,0,0,0,False
2,134,0,0,0,0,0,0,0,0,0,0,0,0,0,0,0.0,0.0,0.0,0.0,0,0,0,0,0,False
2,135,0,0,0,0,0,0,0,0,0,0,0,0,0,0,0.0,0.0,0.0,0.0,0,0,0,0,0,False
2,136,0,0,0,0,0,0,0,0,0,0,0,0,0,0,0.0,0.0,0.0,0.0,0,0,0,0,0,False
2,137,0,0,0,0,0,0,0,0,0,0,0,0,0,0,0.0,0.0,0.0,0.0,0,0,0,0,0,False
2,138,79,1,0,1,0,4,0,0,0,0,0,0,0,17,5.0,15.1,17.0,3.7,0,6,0,6,5,False
2,139,0,0,0,0,0,0,0,0,0,0,0,0,0,0,0.0,0.0,0.0,0.0,0,0,0,0,0,False
2,140,0,0,0,0,0,0,0,0,0,0,0,0,0,0,0.0,0.0,0.0,0.0,0,0,0,0,0,False
2,141,0,0,0,0,0,0,0,0,0,0,0,0,0,0,0.0,0.0,0.0,0.0,0,0,0,0,0,False
2,142,22,0,0,0,0,1,0,0,0,0,0,0,0,-1,0.4,0.4,2.0,0.3,0,1,0,0,1,False
2,143,0,0,0,0,0,0,0,0,0,0,0,0,0,0,0.0,0.0,0.0,0.0,0,0,0,0,0,False
2,144,90,1,0,0,0,3,0,0,0,0,0,0,0,-1,7.8,0.7,0.0,0.9,4,3,1,5,1,False
2,145,67,1,0,0,0,2,0,0,0,1,0,0,0,-2,19.4,0.9,0.0,2.0,9,0,0,9,0,False
2,146,0,0,0,0,0,0,0,0,0,0,0,0,0,0,0.0,0.0,0.0,0.0,0,0,0,0,0,False
2,147,0,0,0,0,0,0,0,0,0,0,0,0,0,0,0.0,0.0,0.0,0.0,0,0,0,0,0,False
2,148,90,1,0,1,0,3,0,0,0,0,0,0,0,12,30.0,20.7,0.0,5.1,4,3,2,6,4,False
2,149,71,1,0,0,0,2,0,0,0,0,0,0,0,2,13.2,0.4,0.0,1.4,8,2,1,9,1,False
2,150,0,0,0,0,0,0,0,0,0,0,0,0,0,0,0.0,0.0,0.0,0.0,0,0,0,0,0,False
2,151,22,0,0,0,0,1,0,0,0,0,0,0,0,-1,6.2,0.1,0.0,0.6,2,0,1,3,1,False
2,152,0,0,0,0,0,0,0,0,0,0,0,0,0,0,0.0,0.0,0.0,0.0,0,0,0,0,0,False
2,153,16,0,0,0,0,1,0,0,0,0,0,0,0,-2,1.2,0.0,0.0,0.1,0,1,1,1,1,False
2,154,90,1,1,0,0,3,0,0,0,0,0,0,0,28,40.8,25.3,26.0,9.2,2,4,2,8,7,False
2,155,0,0,0,0,0,0,0,0,0,0,0,0,0,0,0.0,0.0,0.0,0.0,0,0,0,0,0,False
2,156,67,1,1,0,0,2,0,0,0,0,0,0,0,32,45.2,25.6,38.0,10.9,3,1,0,4,7,False
2,157,0,0,0,0,0,0,0,0,0,0,0,0,0,0,0.0,0.0,0.0,0.0,0,0,0,0,0,False
2,158,0,0,0,0,0,0,0,0,0,0,0,0,0,0,0.0,0.0,0.0,0.0,0,0,0,0,0,False
2,159,13,0,0,0,0,0,0,0,0,0,0,0,0,3,0.0,0.1,0.0,0.0,0,0,0,0,1,False
2,160,12,0,0,0,0,0,0,0,0,0,0,0,0,3,0.2,2.0,0.0,0.2,0,2,0,2,1,False
2,161,67,1,1,0,0,2,0,0,0,0,0,0,0,32,39.0,0.8,33.0,7.3,3,3,1,7,7,False
2,162,10,0,0,0,0,1,0,0,0,0,0,0,0,2,6.2,0.7,0.0,0.7,0,2,3,5,1,False
2,163,0,0,0,0,0,0,0,0,0,0,0,0,0,0,0.0,0.0,0.0,0.0,0,0,0,0,0,False
2,164,0,0,0,0,0,0,0,0,0,0,0,0,0,0,0.0,0.0,0.0,0.0,0,0,0,0,0,False
2,165,90,1,1,1,0,3,1,0,0,0,0,0,2,44,52.8,22.5,46.0,12.1,0,2,1,3,9,False
2,166,70,1,0,0,0,1,0,0,0,0,0,0,0,11,4.2,5.9,2.0,1.2,0,3,0,3,2,False
2,167,24,0,0,0,0,1,0,0,0,0,0,0,0,9,4.0,10.1,7.0,2.1,0,0,0,0,1,False
2,168,0,0,0,0,0,0,0,0,0,0,0,0,0,0,0.0,0.0,0.0,0.0,0,0,0,0,0,False
2,169,0,0,0,0,0,0,0,0,0,0,0,0,0,0,0.0,0.0,0.0,0.0,0,0,0,0,0,False
2,170,0,0,0,0,0,0,0,0,0,0,0,0,0,0,0.0,0.0,0.0,0.0,0,0,0,0,0,False
2,171,0,0,0,0,0,0,0,0,0,0,0,0,0,0,0.0,0.0,0.0,0.0,0,0,0,0,0,False
2,172,0,0,0,0,0,0,0,0,0,0,0,0,0,0,0.0,0.0,0.0,0.0,0,0,0,0,0,False
2,173,77,1,0,0,1,0,0,0,0,0,0,0,2,28,17.0,0.7,0.0,1.8,9,6,0,9,8,False
2,174,0,0,0,0,0,0,0,0,0,0,0,0,0,0,0.0,0.0,0.0,0.0,0,0,0,0,0,False
2,175,90,1,0,0,0,1,0,0,0,0,0,0,0,15,15.4,33.9,6.0,5.5,1,3,1,2,2,False
2,176,90,1,0,0,0,1,0,0,0,0,0,0,0,15,15.2,7.3,17.0,4.0,1,3,2,3,2,False
2,177,0,0,0,0,0,0,0,0,0,0,0,0,0,0,0.0,0.0,0.0,0.0,0,0,0,0,0,False
2,178,0,0,0,0,0,0,0,0,0,0,0,0,0,0,0.0,0.0,0.0,0.0,0,0,0,0,0,False
2,179,0,0,0,0,0,0,0,0,0,0,0,0,0,0,0.0,0.0,0.0,0.0,0,0,0,0,0,False
2,180,0,0,0,0,0,0,0,0,0,0,0,0,0,0,0.0,0.0,0.0,0.0,0,0,0,0,0,False
2,181,0,0,0,0,0,0,0,0,0,0,0,0,0,0,0.0,0.0,0.0,0.0,0,0,0,0,0,False
2,182,90,1,0,0,0,1,0,0,0,1,0,0,0,4,11.4,2.1,5.0,1.9,4,1,0,4,1,False
2,183,70,1,0,0,1,0,0,0,0,0,0,0,0,12,6.8,27.7,4.0,3.9,1,4,1,6,3,False
2,184,90,1,0,0,0,1,0,0,0,0,0,0,0,14,14.2,20.9,2.0,3.7,1,9,0,10,2,False
2,185,31,0,0,0,0,1,0,0,0,0,0,0,0,8,6.2,5.9,7.0,1.9,0,2,2,4,1,False
2,186,57,1,0,0,0,0,0,0,0,0,0,0,0,4,4.2,16.0,0.0,2.0,2,2,0,4,1,False
2,187,0,0,0,0,0,0,0,0,0,0,0,0,0,0,0.0,0.0,0.0,0.0,0,0,0,0,0,False
2,188,19,0,0,0,0,1,0,0,0,0,0,0,0,2,0.0,3.6,0.0,0.3,0,2,0,2,1,False
2,189,0,0,0,0,0,0,0,0,0,0,0,0,0,0,0.0,0.0,0.0,0.0,0,0,0,0,0,False
2,190,58,1,0,0,0,0,0,0,0,0,0,0,0,7,7.0,18.5,5.0,3.1,2,3,1,6,1,False
2,191,0,0,0,0,0,0,0,0,0,0,0,0,0,0,0.0,0.0,0.0,0.0,0,0,0,0,0,False
2,192,0,0,0,0,0,0,0,0,0,0,0,0,0,0,0.0,0.0,0.0,0.0,0,0,0,0,0,False
2,193,0,0,0,0,0,0,0,0,0,0,0,0,0,0,0.0,0.0,0.0,0.0,0,0,0,0,0,False
2,194,32,0,0,0,0,1,0,0,0,0,0,0,0,5,1.2,2.0,2.0,0.5,0,2,0,2,1,False
2,195,0,0,0,0,0,0,0,0,0,0,0,0,0,0,0.0,0.0,0.0,0.0,0,0,0,0,0,False
2,196,0,0,0,0,0,0,0,0,0,0,0,0,0,0,0.0,0.0,0.0,0.0,0,0,0,0,0,False
2,197,0,0,0,0,0,0,0,0,0,0,0,0,0,0,0.0,0.0,0.0,0.0,0,0,0,0,0,False
2,198,90,1,0,0,0,4,0,0,0,0,0,4,0,4,30.2,0.0,0.0,3.0,2,11,0,0,1,False
2,199,0,0,0,0,0,0,0,0,0,0,0,0,0,0,0.0,0.0,0.0,0.0,0,0,0,0,0,False
2,200,90,1,0,0,0,3,0,0,0,0,0,0,0,-3,13.0,0.1,6.0,1.9,8,1,1,9,1,False
2,201,0,0,0,0,0,0,0,0,0,0,0,0,0,0,0.0,0.0,0.0,0.0,0,0,0,0,0,False
2,202,90,1,0,0,0,4,0,0,0,0,0,0,0,-4,15.0,0.1,17.0,3.2,4,2,2,6,0,False
2,203,90,1,0,0,0,4,0,0,0,0,0,0,0,-1,22.8,0.5,0.0,2.3,6,1,1,7,0,False
2,204,90,1,0,0,0,4,0,0,0,0,0,0,0,-8,11.6,21.6,7.0,4.0,3,1,2,5,0,False
2,205,0,0,0,0,0,0,0,0,0,0,0,0,0,0,0.0,0.0,0.0,0.0,0,0,0,0,0,False
2,206,0,0,0,0,0,0,0,0,0,0,0,0,0,0,0.0,0.0,0.0,0.0,0,0,0,0,0,False
2,207,15,0,0,0,0,1,0,0,0,0,0,0,0,1,2.2,0.1,0.0,0.2,0,0,1,1,1,False
2,208,0,0,0,0,0,0,0,0,0,0,0,0,0,0,0.0,0.0,0.0,0.0,0,0,0,0,0,False
2,209,28,0,0,0,0,0,0,0,0,0,0,0,0,1,1.2,0.0,0.0,0.1,0,1,1,2,1,False
2,210,90,1,0,0,0,4,0,0,0,0,0,0,0,21,16.2,24.7,0.0,4.1,0,3,4,7,2,False
2,211,67,1,0,1,0,3,0,0,0,0,0,0,0,27,10.8,34.2,9.0,5.4,2,6,2,10,5,False
2,212,0,0,0,0,0,0,0,0,0,0,0,0,0,0,0.0,0.0,0.0,0.0,0,0,0,0,0,False
2,213,0,0,0,0,0,0,0,0,0,0,0,0,0,0,0.0,0.0,0.0,0.0,0,0,0,0,0,False
2,214,90,1,0,0,0,4,0,0,0,0,0,0,0,21,17.6,2.8,7.0,2.7,1,2,6,9,2,False
2,215,0,0,0,0,0,0,0,0,0,0,0,0,0,0,0.0,0.0,0.0,0.0,0,0,0,0,0,False
2,216,0,0,0,0,0,0,0,0,0,0,0,0,0,0,0.0,0.0,0.0,0.0,0,0,0,0,0,False
2,217,0,0,0,0,0,0,0,0,0,0,0,0,0,0,0.0,0.0,0.0,0.0,0,0,0,0,0,False
2,218,0,0,0,0,0,0,0,0,0,0,0,0,0,0,0.0,0.0,0.0,0.0,0,0,0,0,0,False
2,219,0,0,0,0,0,0,0,0,0,0,0,0,0,0,0.0,0.0,0.0,0.0,0,0,0,0,0,False
2,220,0,0,0,0,0,0,0,0,0,0,0,0,0,0,0.0,0.0,0.0,0.0,0,0,0,0,0,False
2,221,0,0,0,0,0,0,0,0,0,0,0,0,0,0,0.0,0.0,0.0,0.0,0,0,0,0,0,False
2,222,62,1,0,0,0,3,0,0,0,0,0,0,0,13,5.2,0.3,4.0,1.0,2,1,1,4,2,False
2,223,0,0,0,0,0,0,0,0,0,0,0,0,0,0,0.0,0.0,0.0,0.0,0,0,0,0,0,False
2,224,67,1,0,0,0,3,0,0,0,0,0,0,0,8,2.6,10.6,8.0,2.1,1,3,2,6,2,False
2,225,0,0,0,0,0,0,0,0,0,0,0,0,0,0,0.0,0.0,0.0,0.0,0,0,0,0,0,False
2,226,90,1,0,0,0,1,0,0,0,0,0,4,0,22,31.6,0.0,0.0,3.2,4,11,0,0,3,False
2,227,0,0,0,0,0,0,0,0,0,0,0,0,0,0,0.0,0.0,0.0,0.0,0,0,0,0,0,False
2,228,0,0,0,0,0,0,0,0,0,0,0,0,0,0,0.0,0.0,0.0,0.0,0,0,0,0,0,False
2,229,90,1,1,0,0,1,0,0,0,0,0,0,2,27,54.8,11.3,19.0,8.5,9,3,1,10,12,True
2,230,90,1,0,0,0,1,0,0,0,0,0,0,0,6,22.6,1.5,33.0,5.7,11,3,1,12,4,False
2,231,0,0,0,0,0,0,0,0,0,0,0,0,0,0,0.0,0.0,0.0,0.0,0,0,0,0,0,False
2,232,0,0,0,0,0,0,0,0,0,0,0,0,0,0,0.0,0.0,0.0,0.0,0,0,0,0,0,False
2,233,90,1,0,0,0,1,0,0,0,0,0,0,0,7,36.8,1.0,0.0,3.8,11,7,1,12,4,False
2,234,0,0,0,0,0,0,0,0,0,0,0,0,0,0,0.0,0.0,0.0,0.0,0,0,0,0,0,False
2,235,0,0,0,0,0,0,0,0,0,0,0,0,0,0,0.0,0.0,0.0,0.0,0,0,0,0,0,False
2,236,90,1,0,0,0,1,0,0,0,0,0,0,0,24,19.4,52.3,9.0,8.1,0,7,3,10,2,False
2,237,90,1,0,0,0,1,0,0,0,0,0,0,0,16,12.6,14.5,10.0,3.7,5,7,1,13,4,False
2,238,0,0,0,0,0,0,0,0,0,0,0,0,0,0,0.0,0.0,0.0,0.0,0,0,0,0,0,False
2,239,61,1,0,0,0,1,0,0,0,1,0,0,0,9,3.4,1.1,0.0,0.5,0,7,3,10,1,False
2,240,4,0,0,0,0,0,0,0,0,0,0,0,0,2,0.0,0.0,0.0,0.0,0,0,0,0,1,False
2,241,22,0,0,0,0,1,0,0,0,0,0,0,0,2,0.4,0.3,0.0,0.1,1,1,0,2,1,False
2,242,61,1,0,0,0,1,0,0,0,0,0,0,0,12,6.0,12.2,16.0,3.4,0,1,1,2,2,False
2,243,4,0,0,0,0,0,0,0,0,1,0,0,0,-2,0.0,0.5,8.0,0.5,0,0,0,0,0,False
2,244,86,1,0,0,0,1,0,0,0,0,0,0,0,12,11.2,12.3,0.0,2.4,3,3,3,9,2,False
2,245,0,0,0,0,0,0,0,0,0,0,0,0,0,0,0.0,0.0,0.0,0.0,0,0,0,0,0,False
2,246,85,1,0,0,0,1,0,0,0,0,0,0,0,13,8.4,2.3,0.0,1.1,2,4,3,9,2,False
2,247,28,0,0,0,0,0,0,0,0,0,0,0,0,3,7.8,1.4,2.0,1.1,2,1,0,3,1,False
2,248,20,0,0,0,0,0,0,0,0,0,0,0,0,2,3.0,0.3,3.0,0.6,1,0,0,1,1,False
2,249,69,1,0,0,0,1,0,0,0,0,0,0,0,6,10.0,11.7,58.0,8.0,2,1,0,3,2,False
2,250,90,1,0,0,0,1,0,0,0,0,0,3,0,11,19.2,0.0,0.0,1.9,2,8,0,0,3,False
2,251,0,0,0,0,0,0,0,0,0,0,0,0,0,0,0.0,0.0,0.0,0.0,0,0,0,0,0,False
2,252,0,0,0,0,0,0,0,0,0,0,0,0,0,0,0.0,0.0,0.0,0.0,0,0,0,0,0,False
2,253,90,1,0,0,0,1,0,0,0,1,0,0,0,4,17.8,12.9,2.0,3.3,8,2,0,8,1,False
2,254,90,1,0,0,0,1,0,0,0,0,0,0,0,10,9.8,4.6,0.0,1.4,0,2,3,3,2,False
2,255,0,0,0,0,0,0,0,0,0,0,0,0,0,0,0.0,0.0,0.0,0.0,0,0,0,0,0,False
2,256,0,0,0,0,0,0,0,0,0,0,0,0,0,0,0.0,0.0,0.0,0.0,0,0,0,0,0,False
2,257,90,1,0,0,0,1,0,0,0,0,0,0,0,13,19.4,2.6,0.0,2.2,6,6,1,7,2,False
2,258,67,1,0,0,1,0,0,0,0,0,0,0,0,18,0.0,0.7,0.0,0.0,1,2,1,2,6,False
2,259,90,1,0,0,0,5,0,0,0,0,0,0,0,7,40.8,0.3,0.0,4.1,12,4,0,12,2,False
2,260,45,0,0,0,0,0,0,0,0,0,0,0,0,7,8.4,12.1,6.0,2.7,2,3,1,6,1,False
2,261,90,1,0,0,0,1,0,0,0,0,0,0,0,20,12.0,35.5,2.0,5.0,1,2,1,4,2,False
2,262,14,0,0,0,0,0,0,0,0,0,0,0,0,5,5.2,22.8,7.0,3.5,0,1,0,1,1,False
2,263,7,0,0,0,0,0,0,0,0,0,0,0,0,2,0.0,1.5,0.0,0.1,0,0,0,0,1,False
2,264,67,1,0,0,1,0,0,0,0,0,0,0,0,8,7.0,12.4,6.0,2.5,1,2,2,5,3,False
2,265,82,1,0,0,0,1,0,0,0,0,0,0,0,14,6.0,27.9,2.0,3.6,0,2,0,2,2,False
2,266,0,0,0,0,0,0,0,0,0,0,0,0,0,0,0.0,0.0,0.0,0.0,0,0,0,0,0,False
2,267,72,1,0,0,0,4,0,0,0,1,0,0,0,11,17.4,11.9,2.0,3.1,7,1,3,11,1,False
2,268,90,1,0,0,0,1,0,0,0,0,0,0,0,8,10.6,4.5,21.0,3.6,1,1,2,4,2,False
2,269,22,0,0,0,0,1,0,0,0,0,0,0,0,3,8.6,11.0,8.0,2.8,0,1,1,1,1,False
2,270,0,0,0,0,0,0,0,0,0,0,0,0,0,0,0.0,0.0,0.0,0.0,0,0,0,0,0,False
2,271,0,0,0,0,0,0,0,0,0,0,0,0,0,0,0.0,0.0,0.0,0.0,0,0,0,0,0,False
2,272,0,0,0,0,0,0,0,0,0,0,0,0,0,0,0.0,0.0,0.0,0.0,0,0,0,0,0,False
2,273,0,0,0,0,0,0,0,0,0,0,0,0,0,0,0.0,0.0,0.0,0.0,0,0,0,0,0,False
2,274,0,0,0,0,0,0,0,0,0,0,0,0,0,0,0.0,0.0,0.0,0.0,0,0,0,0,0,False
2,275,0,0,0,0,0,0,0,0,0,0,0,0,0,0,0.0,0.0,0.0,0.0,0,0,0,0,0,False
2,276,0,0,0,0,0,0,0,0,0,0,0,0,0,0,0.0,0.0,0.0,0.0,0,0,0,0,0,False
2,277,90,1,0,0,1,0,0,0,0,0,0,0,1,25,23.8,0.4,0.0,2.4,12,1,1,13,9,False
2,278,0,0,0,0,0,0,0,0,0,0,0,0,0,0,0.0,0.0,0.0,0.0,0,0,0,0,0,False
2,279,90,1,0,0,1,0,0,0,0,0,0,0,0,24,15.6,0.8,0.0,1.6,5,5,2,7,6,False
2,280,45,1,0,0,0,0,0,0,0,1,0,0,0,2,4.6,0.3,0.0,0.5,4,1,0,4,0,False
2,281,45,0,0,0,0,0,0,0,0,0,0,0,0,4,4.2,0.4,0.0,0.5,3,2,0,3,1,False
2,282,90,1,0,0,1,0,0,0,0,0,0,0,0,21,9.6,15.0,2.0,2.7,1,4,1,2,6,False
2,283,0,0,0,0,0,0,0,0,0,0,0,0,0,0,0.0,0.0,0.0,0.0,0,0,0,0,0,False
2,284,0,0,0,0,0,0,0,0,0,0,0,0,0,0,0.0,0.0,0.0,0.0,0,0,0,0,0,False
2,285,0,0,0,0,0,0,0,0,0,0,0,0,0,0,0.0,0.0,0.0,0.0,0,0,0,0,0,False
2,286,82,1,0,1,1,0,0,0,0,0,0,0,0,23,23.2,12.1,11.0,4.6,3,5,2,10,6,False
2,287,31,0,1,0,0,0,0,0,0,0,0,0,0,24,34.0,0.8,13.0,4.8,1,0,0,1,6,False
2,288,0,0,0,0,0,0,0,0,0,0,0,0,0,0,0.0,0.0,0.0,0.0,0,0,0,0,0,False
2,289,0,0,0,0,0,0,0,0,0,0,0,0,0,0,0.0,0.0,0.0,0.0,0,0,0,0,0,False
2,290,90,1,0,0,1,0,0,0,0,1,0,0,0,6,9.8,2.8,2.0,1.5,2,4,4,10,2,False
2,291,0,0,0,0,0,0,0,0,0,0,0,0,0,0,0.0,0.0,0.0,0.0,0,0,0,0,0,False
2,292,0,0,0,0,0,0,0,0,0,0,0,0,0,0,0.0,0.0,0.0,0.0,0,0,0,0,0,False
2,293,0,0,0,0,0,0,0,0,0,0,0,0,0,0,0.0,0.0,0.0,0.0,0,0,0,0,0,False
2,294,0,0,0,0,0,0,0,0,0,0,0,0,0,0,0.0,0.0,0.0,0.0,0,0,0,0,0,False
2,295,90,1,0,0,1,0,0,0,0,1,0,0,0,7,0.8,13.3,8.0,2.2,0,4,0,4,1,False
2,296,0,0,0,0,0,0,0,0,0,0,0,0,0,0,0.0,0.0,0.0,0.0,0,0,0,0,0,False
2,297,0,0,0,0,0,0,0,0,0,0,0,0,0,0,0.0,0.0,0.0,0.0,0,0,0,0,0,False
2,298,0,0,0,0,0,0,0,0,0,0,0,0,0,0,0.0,0.0,0.0,0.0,0,0,0,0,0,False
2,299,0,0,0,0,0,0,0,0,0,0,0,0,0,0,0.0,0.0,0.0,0.0,0,0,0,0,0,False
2,300,0,0,0,0,0,0,0,0,0,0,0,0,0,0,0.0,0.0,0.0,0.0,0,0,0,0,0,False
2,301,0,0,0,0,0,0,0,0,0,0,0,0,0,0,0.0,0.0,0.0,0.0,0,0,0,0,0,False
2,302,0,0,0,0,0,0,0,0,0,0,0,0,0,0,0.0,0.0,0.0,0.0,0,0,0,0,0,False
2,303,0,0,0,0,0,0,0,0,0,0,0,0,0,0,0.0,0.0,0.0,0.0,0,0,0,0,0,False
2,304,90,1,0,0,0,5,0,0,0,0,0,0,0,-14,0.0,0.8,9.0,0.9,1,2,0,1,0,False
2,305,90,1,1,0,0,5,0,0,0,0,0,0,0,1,47.0,14.7,50.0,11.2,4,1,0,4,6,False
2,306,90,1,0,0,0,5,1,0,0,1,0,0,0,-13,18.4,1.3,0.0,2.0,9,4,1,10,-1,False
2,307,0,0,0,0,0,0,0,0,0,0,0,0,0,0,0.0,0.0,0.0,0.0,0,0,0,0,0,False
2,308,17,0,0,0,0,1,0,0,0,0,0,0,0,-1,5.0,0.5,0.0,0.6,2,0,1,3,1,False
2,309,61,1,0,0,0,3,0,0,0,0,0,0,0,6,11.6,12.1,2.0,2.6,4,4,1,9,2,False
2,310,0,0,0,0,0,0,0,0,0,0,0,0,0,0,0.0,0.0,0.0,0.0,0,0,0,0,0,False
2,311,0,0,0,0,0,0,0,0,0,0,0,0,0,0,0.0,0.0,0.0,0.0,0,0,0,0,0,False
2,312,0,0,0,0,0,0,0,0,0,0,0,0,0,0,0.0,0.0,0.0,0.0,0,0,0,0,0,False
2,313,0,0,0,0,0,0,0,0,0,0,0,0,0,0,0.0,0.0,0.0,0.0,0,0,0,0,0,False
2,314,0,0,0,0,0,0,0,0,0,0,0,0,0,0,0.0,0.0,0.0,0.0,0,0,0,0,0,False
2,315,82,1,0,1,0,5,0,0,0,1,0,0,0,25,26.6,42.3,2.0,7.1,1,2,1,4,4,False
2,316,45,1,0,0,0,1,0,0,0,0,0,0,0,7,1.0,11.1,2.0,1.4,1,0,0,1,1,False
2,317,0,0,0,0,0,0,0,0,0,0,0,0,0,0,0.0,0.0,0.0,0.0,0,0,0,0,0,False
2,318,0,0,0,0,0,0,0,0,0,0,0,0,0,0,0.0,0.0,0.0,0.0,0,0,0,0,0,False
2,319,0,0,0,0,0,0,0,0,0,0,0,0,0,0,0.0,0.0,0.0,0.0,0,0,0,0,0,False
2,320,45,0,1,0,0,4,0,0,0,0,0,0,0,30,33.2,1.7,17.0,5.2,0,0,0,0,5,False
2,321,0,0,0,0,0,0,0,0,0,0,0,0,0,0,0.0,0.0,0.0,0.0,0,0,0,0,0,False
2,322,0,0,0,0,0,0,0,0,0,0,0,0,0,0,0.0,0.0,0.0,0.0,0,0,0,0,0,False
2,323,7,0,0,0,0,0,0,0,0,0,0,0,0,3,0.2,0.0,0.0,0.0,0,1,0,1,1,False
2,324,0,0,0,0,0,0,0,0,0,0,0,0,0,0,0.0,0.0,0.0,0.0,0,0,0,0,0,False
2,325,0,0,0,0,0,0,0,0,0,0,0,0,0,0,0.0,0.0,0.0,0.0,0,0,0,0,0,False
2,326,0,0,0,0,0,0,0,0,0,0,0,0,0,0,0.0,0.0,0.0,0.0,0,0,0,0,0,False
2,327,45,1,0,0,0,1,0,0,0,0,0,0,0,0,8.4,0.2,0.0,0.9,5,2,0,5,1,False
2,328,0,0,0,0,0,0,0,0,0,0,0,0,0,0,0.0,0.0,0.0,0.0,0,0,0,0,0,False
2,329,33,1,0,0,0,0,0,0,0,0,0,0,0,4,8.6,0.3,2.0,1.1,4,1,0,4,1,False
2,330,67,1,0,0,0,1,0,0,0,0,0,0,0,9,18.6,11.3,4.0,3.4,5,5,2,7,2,False
2,331,0,0,0,0,0,0,0,0,0,0,0,0,0,0,0.0,0.0,0.0,0.0,0,0,0,0,0,False
2,332,90,1,0,0,0,1,0,0,0,0,0,0,0,12,24.6,11.8,9.0,4.5,6,3,2,8,2,False
2,333,0,0,0,0,0,0,0,0,0,0,0,0,0,0,0.0,0.0,0.0,0.0,0,0,0,0,0,False
2,334,90,1,0,0,0,1,0,0,0,0,0,0,0,17,51.6,0.8,2.0,5.4,17,3,2,19,4,False
2,335,90,1,0,0,0,1,0,0,0,0,0,0,0,13,24.6,17.0,4.0,4.6,8,4,4,16,4,False
2,336,68,1,0,0,0,1,0,0,0,0,0,0,0,11,6.4,7.5,10.0,2.4,1,0,1,2,2,False
2,337,45,1,0,0,0,1,0,0,0,0,0,0,0,6,2.2,0.6,0.0,0.3,1,1,1,3,1,False
2,338,90,1,0,0,0,1,0,0,0,0,0,0,0,12,19.6,16.6,1.0,3.7,5,3,2,10,2,False
2,339,0,0,0,0,0,0,0,0,0,0,0,0,0,0,0.0,0.0,0.0,0.0,0,0,0,0,0,False
2,340,0,0,0,0,0,0,0,0,0,0,0,0,0,0,0.0,0.0,0.0,0.0,0,0,0,0,0,False
2,341,0,0,0,0,0,0,0,0,0,0,0,0,0,0,0.0,0.0,0.0,0.0,0,0,0,0,0,False
2,342,0,0,0,0,0,0,0,0,0,0,0,0,0,0,0.0,0.0,0.0,0.0,0,0,0,0,0,False
2,343,22,0,0,0,0,0,0,0,0,0,0,0,0,2,0.0,1.1,12.0,1.1,0,2,0,2,1,False
2,344,0,0,0,0,0,0,0,0,0,0,0,0,0,0,0.0,0.0,0.0,0.0,0,0,0,0,0,False
2,345,45,0,0,0,0,0,0,0,0,0,0,0,0,6,20.0,1.8,0.0,2.2,5,3,3,11,1,False
2,346,90,1,1,0,0,1,0,0,0,0,0,0,2,31,38.4,4.0,35.0,7.7,3,1,0,4,8,False
2,347,21,0,0,1,0,0,0,0,0,0,0,0,0,18,18.2,20.3,6.0,4.5,0,1,0,1,4,False
2,348,0,0,0,0,0,0,0,0,0,0,0,0,0,0,0.0,0.0,0.0,0.0,0,0,0,0,0,False
2,349,0,0,0,0,0,0,0,0,0,0,0,0,0,0,0.0,0.0,0.0,0.0,0,0,0,0,0,False
2,350,90,1,0,0,0,2,0,0,0,1,0,1,0,-5,7.6,0.0,0.0,0.8,2,4,0,0,0,False
2,351,0,0,0,0,0,0,0,0,0,0,0,0,0,0,0.0,0.0,0.0,0.0,0,0,0,0,0,False
2,352,0,0,0,0,0,0,0,0,0,0,0,0,0,0,0.0,0.0,0.0,0.0,0,0,0,0,0,False
2,353,0,0,0,0,0,0,0,0,0,0,0,0,0,0,0.0,0.0,0.0,0.0,0,0,0,0,0,False
2,354,0,0,0,0,0,0,0,0,0,0,0,0,0,0,0.0,0.0,0.0,0.0,0,0,0,0,0,False
2,355,0,0,0,0,0,0,0,0,0,0,0,0,0,0,0.0,0.0,0.0,0.0,0,0,0,0,0,False
2,356,90,1,0,0,0,2,0,0,0,0,0,0,0,5,24.6,4.3,2.0,3.1,7,5,0,7,1,False
2,357,70,1,0,0,0,2,0,0,0,0,0,0,0,9,12.8,13.8,4.0,3.1,4,3,2,6,1,False
2,358,70,1,0,0,0,2,0,0,0,0,0,0,0,9,24.0,12.8,0.0,3.7,7,4,1,8,1,False
2,359,0,0,0,0,0,0,0,0,0,0,0,0,0,0,0.0,0.0,0.0,0.0,0,0,0,0,0,False
2,360,0,0,0,0,0,0,0,0,0,0,0,0,0,0,0.0,0.0,0.0,0.0,0,0,0,0,0,False
2,361,0,0,0,0,0,0,0,0,0,0,0,0,0,0,0.0,0.0,0.0,0.0,0,0,0,0,0,False
2,362,76,1,0,0,0,2,0,0,0,0,0,0,0,13,30.8,15.1,2.0,4.8,8,4,3,11,3,False
2,363,0,0,0,0,0,0,0,0,0,0,0,0,0,0,0.0,0.0,0.0,0.0,0,0,0,0,0,False
2,364,19,0,0,0,0,0,0,0,0,0,0,0,0,4,3.6,1.3,9.0,1.4,0,0,0,0,1,False
2,365,0,0,0,0,0,0,0,0,0,0,0,0,0,0,0.0,0.0,0.0,0.0,0,0,0,0,0,False
2,366,90,1,0,1,0,2,0,0,0,1,0,0,0,23,27.8,24.3,22.0,7.4,0,7,3,10,4,False
2,367,70,1,0,1,0,2,0,0,0,0,0,0,0,21,23.2,27.8,6.0,5.7,1,2,0,3,5,False
2,368,90,1,0,0,0,2,0,0,0,0,0,0,0,24,21.4,40.7,4.0,6.6,3,7,3,13,4,False
2,369,19,0,0,0,0,0,0,0,0,0,0,0,0,5,2.0,1.3,2.0,0.5,0,0,0,0,1,False
2,370,0,0,0,0,0,0,0,0,0,0,0,0,0,0,0.0,0.0,0.0,0.0,0,0,0,0,0,False
2,371,19,0,0,0,0,0,0,0,0,0,0,0,0,7,4.4,12.1,0.0,1.7,0,0,1,1,1,False
2,372,76,1,0,0,0,2,0,0,0,0,0,0,0,10,12.6,7.7,0.0,2.0,2,5,3,10,2,False
2,373,0,0,0,0,0,0,0,0,0,0,0,0,0,0,0.0,0.0,0.0,0.0,0,0,0,0,0,False
2,374,0,0,0,0,0,0,0,0,0,0,0,0,0,0,0.0,0.0,0.0,0.0,0,0,0,0,0,False
2,375,13,0,0,0,0,0,0,0,0,0,0,0,0,3,6.4,2.2,0.0,0.9,1,2,2,5,1,False
2,376,0,0,0,0,0,0,0,0,0,0,0,0,0,0,0.0,0.0,0.0,0.0,0,0,0,0,0,False
2,377,90,1,1,0,0,2,0,0,0,1,0,0,0,24,42.2,16.8,29.0,8.8,4,1,2,7,6,False
2,378,0,0,0,0,0,0,0,0,0,0,0,0,0,0,0.0,0.0,0.0,0.0,0,0,0,0,0,False
2,379,90,1,1,0,0,2,0,0,0,0,0,0,2,30,34.0,10.3,48.0,9.2,0,0,1,1,8,False
2,380,0,0,0,0,0,0,0,0,0,0,0,0,0,0,0.0,0.0,0.0,0.0,0,0,0,0,0,False
2,381,0,0,0,0,0,0,0,0,0,0,0,0,0,0,0.0,0.0,0.0,0.0,0,0,0,0,0,False
2,382,0,0,0,0,0,0,0,0,0,0,0,0,0,0,0.0,0.0,0.0,0.0,0,0,0,0,0,False
2,383,0,0,0,0,0,0,0,0,0,0,0,0,0,0,0.0,0.0,0.0,0.0,0,0,0,0,0,False
2,384,90,1,0,0,0,1,1,0,0,0,0,1,0,5,6.8,0.0,0.0,0.7,0,8,0,0,0,False
2,385,90,1,0,0,0,1,0,0,0,0,0,4,0,20,37.6,0.0,0.0,3.8,0,11,0,0,3,False
2,386,0,0,0,0,0,0,0,0,0,0,0,0,0,0,0.0,0.0,0.0,0.0,0,0,0,0,0,False
2,387,88,1,0,0,0,1,0,0,0,0,0,0,0,11,3.6,7.8,5.0,1.6,0,2,1,1,2,False
2,388,90,1,0,0,0,1,0,0,0,0,0,0,0,12,24.2,15.8,0.0,4.0,5,4,0,5,2,False
2,389,0,0,0,0,0,0,0,0,0,0,0,0,0,0,0.0,0.0,0.0,0.0,0,0,0,0,0,False
2,390,90,1,0,0,0,1,0,0,0,0,0,0,0,19,27.0,22.3,35.0,8.4,5,6,1,6,2,False
2,391,74,1,0,1,0,1,0,0,0,0,0,0,0,18,27.6,30.8,2.0,6.0,1,0,1,2,5,False
2,392,0,0,0,0,0,0,0,0,0,0,0,0,0,0,0.0,0.0,0.0,0.0,0,0,0,0,0,False
2,393,88,1,0,0,0,1,0,0,0,0,0,0,0,17,21.0,5.3,4.0,3.0,3,3,4,7,2,False
2,394,0,0,0,0,0,0,0,0,0,0,0,0,0,0,0.0,0.0,0.0,0.0,0,0,0,0,0,False
2,395,0,0,0,0,0,0,0,0,0,0,0,0,0,0,0.0,0.0,0.0,0.0,0,0,0,0,0,False
2,396,1,0,0,0,0,0,0,0,0,0,0,0,0,3,1.2,0.9,0.0,0.2,0,0,0,0,1,False
2,397,90,1,0,1,0,1,0,0,0,0,0,0,0,33,29.2,43.0,40.0,11.2,0,2,1,3,5,False
2,398,90,1,0,2,0,1,0,0,0,0,0,0,1,38,42.8,45.8,17.0,10.6,2,4,1,7,9,False
2,399,81,1,2,0,0,1,0,0,0,1,0,0,3,60,74.8,47.8,49.0,17.2,0,3,0,3,14,True
2,400,0,0,0,0,0,0,0,0,0,0,0,0,0,0,0.0,0.0,0.0,0.0,0,0,0,0,0,False
2,401,90,1,0,0,0,2,0,0,0,0,0,0,0,14,9.2,35.1,28.0,7.2,0,3,1,4,2,False
2,402,0,0,0,0,0,0,0,0,0,0,0,0,0,0,0.0,0.0,0.0,0.0,0,0,0,0,0,False
2,403,0,0,0,0,0,0,0,0,0,0,0,0,0,0,0.0,0.0,0.0,0.0,0,0,0,0,0,False
2,404,0,0,0,0,0,0,0,0,0,0,0,0,0,0,0.0,0.0,0.0,0.0,0,0,0,0,0,False
2,405,70,1,0,0,1,0,0,0,0,1,0,0,0,9,7.2,29.5,0.0,3.7,2,2,0,4,2,False
2,406,15,0,0,0,0,0,0,0,0,0,0,0,0,9,2.0,3.1,0.0,0.5,0,0,0,0,1,False
2,407,0,0,0,0,0,0,0,0,0,0,0,0,0,0,0.0,0.0,0.0,0.0,0,0,0,0,0,False
2,408,0,0,0,0,0,0,0,0,0,0,0,0,0,0,0.0,0.0,0.0,0.0,0,0,0,0,0,False
2,409,0,0,0,0,0,0,0,0,0,0,0,0,0,0,0.0,0.0,0.0,0.0,0,0,0,0,0,False
2,410,0,0,0,0,0,0,0,0,0,0,0,0,0,0,0.0,0.0,0.0,0.0,0,0,0,0,0,False
2,411,90,1,2,0,0,1,0,0,0,0,0,0,3,60,69.0,0.1,51.0,12.0,3,2,0,5,13,True
2,412,90,1,0,0,0,2,0,0,0,0,0,3,0,11,27.0,0.0,0.0,2.7,1,6,0,0,2,False
2,413,0,0,0,0,0,0,0,0,0,0,0,0,0,0,0.0,0.0,0.0,0.0,0,0,0,0,0,False
2,414,0,0,0,0,0,0,0,0,0,0,0,0,0,0,0.0,0.0,0.0,0.0,0,0,0,0,0,False
2,415,10,0,0,0,0,1,0,0,0,0,0,0,0,4,7.0,11.7,39.0,5.8,1,0,1,2,1,False
2,416,0,0,0,0,0,0,0,0,0,0,0,0,0,0,0.0,0.0,0.0,0.0,0,0,0,0,0,False
2,417,73,1,0,0,0,1,0,0,0,0,0,0,0,12,16.4,42.2,33.0,9.2,4,1,0,4,2,False
2,418,90,1,0,1,0,2,0,0,0,0,0,0,0,13,7.2,1.5,6.0,1.5,4,4,1,5,4,False
2,419,90,1,0,0,0,2,0,0,0,0,0,0,0,2,4.8,1.8,3.0,1.0,0,6,0,0,1,False
2,420,16,0,0,0,0,1,0,0,0,0,0,0,0,-2,1.8,1.8,0.0,0.4,2,1,0,2,1,False
2,421,0,0,0,0,0,0,0,0,0,0,0,0,0,0,0.0,0.0,0.0,0.0,0,0,0,0,0,False
2,422,17,0,0,0,0,1,0,0,0,0,0,0,0,-1,1.4,1.3,0.0,0.3,0,0,0,0,1,False
2,423,72,1,0,0,0,1,0,0,0,0,0,0,0,12,18.4,1.6,4.0,2.4,4,2,4,8,2,False
2,424,0,0,0,0,0,0,0,0,0,0,0,0,0,0,0.0,0.0,0.0,0.0,0,0,0,0,0,False
2,425,0,0,0,0,0,0,0,0,0,0,0,0,0,0,0.0,0.0,0.0,0.0,0,0,0,0,0,False
2,426,90,1,3,1,0,2,0,0,0,0,0,0,3,87,132.4,62.5,66.0,26.1,1,5,2,8,23,True
2,427,90,1,1,1,0,2,0,0,0,1,0,0,2,37,45.6,43.3,35.0,12.4,0,2,3,5,11,False
2,428,79,1,0,2,0,1,0,0,0,0,0,0,1,31,20.0,27.6,28.0,7.6,0,2,0,2,9,False
2,429,79,1,0,0,0,1,0,0,0,0,0,0,0,17,16.0,34.3,58.0,10.8,0,3,3,6,2,False
2,430,0,0,0,0,0,0,0,0,0,0,0,0,0,0,0.0,0.0,0.0,0.0,0,0,0,0,0,False
2,431,0,0,0,0,0,0,0,0,0,0,0,0,0,0,0.0,0.0,0.0,0.0,0,0,0,0,0,False
2,432,79,1,0,0,0,1,0,0,0,0,0,0,0,25,15.2,7.2,9.0,3.1,2,10,3,15,4,False
2,433,0,0,0,0,0,0,0,0,0,0,0,0,0,0,0.0,0.0,0.0,0.0,0,0,0,0,0,False
2,434,0,0,0,0,0,0,0,0,0,0,0,0,0,0,0.0,0.0,0.0,0.0,0,0,0,0,0,False
2,435,0,0,0,0,0,0,0,0,0,0,0,0,0,0,0.0,0.0,0.0,0.0,0,0,0,0,0,False
2,436,0,0,0,0,0,0,0,0,0,0,0,0,0,0,0.0,0.0,0.0,0.0,0,0,0,0,0,False
2,437,0,0,0,0,0,0,0,0,0,0,0,0,0,0,0.0,0.0,0.0,0.0,0,0,0,0,0,False
2,438,0,0,0,0,0,0,0,0,0,0,0,0,0,0,0.0,0.0,0.0,0.0,0,0,0,0,0,False
2,439,10,0,0,0,0,1,0,0,0,0,0,0,0,5,2.2,10.5,2.0,1.5,0,3,0,3,1,False
2,440,0,0,0,0,0,0,0,0,0,0,0,0,0,0,0.0,0.0,0.0,0.0,0,0,0,0,0,False
2,441,0,0,0,0,0,0,0,0,0,0,0,0,0,0,0.0,0.0,0.0,0.0,0,0,0,0,0,False
2,442,0,0,0,0,0,0,0,0,0,0,0,0,0,0,0.0,0.0,0.0,0.0,0,0,0,0,0,False
2,443,0,0,0,0,0,0,0,0,0,0,0,0,0,0,0.0,0.0,0.0,0.0,0,0,0,0,0,False
2,444,0,0,0,0,0,0,0,0,0,0,0,0,0,0,0.0,0.0,0.0,0.0,0,0,0,0,0,False
2,445,90,1,0,0,1,0,0,0,0,0,0,0,0,25,6.8,1.5,0.0,0.8,3,1,0,3,6,False
2,446,0,0,0,0,0,0,0,0,0,0,0,0,0,0,0.0,0.0,0.0,0.0,0,0,0,0,0,False
2,447,90,1,0,0,1,0,0,0,0,1,0,0,0,22,11.2,1.8,2.0,1.5,4,4,1,5,5,False
2,448,0,0,0,0,0,0,0,0,0,0,0,0,0,0,0.0,0.0,0.0,0.0,0,0,0,0,0,False
2,449,90,1,0,0,1,0,0,0,0,0,0,0,3,52,39.0,27.3,4.0,7.0,11,6,2,13,11,True
2,450,0,0,0,0,0,0,0,0,0,0,0,0,0,0,0.0,0.0,0.0,0.0,0,0,0,0,0,False
2,451,0,0,0,0,0,0,0,0,0,0,0,0,0,0,0.0,0.0,0.0,0.0,0,0,0,0,0,False
2,452,19,0,0,0,0,0,0,0,0,0,0,0,0,4,1.4,0.8,2.0,0.4,0,3,0,3,1,False
2,453,90,1,0,0,1,0,0,0,0,0,0,0,0,9,7.2,22.1,7.0,3.6,2,0,2,4,3,False
2,454,81,1,1,0,1,0,0,0,0,0,0,0,0,32,36.8,15.3,29.0,8.1,0,1,2,3,8,False
2,455,74,1,0,0,0,2,0,0,0,0,0,0,0,16,5.0,26.3,4.0,3.5,1,3,0,4,2,False
2,456,8,0,0,0,0,0,0,0,0,0,0,0,0,3,0.2,4.2,0.0,0.4,0,1,0,1,1,False
2,457,8,0,0,0,0,0,0,0,0,0,0,0,0,3,2.2,3.1,2.0,0.7,0,2,1,3,1,False
2,458,0,0,0,0,0,0,0,0,0,0,0,0,0,0,0.0,0.0,0.0,0.0,0,0,0,0,0,False
2,459,90,1,0,0,1,0,0,0,0,0,0,0,0,16,11.2,14.7,0.0,2.6,3,6,0,9,3,False
2,460,70,1,0,0,1,0,0,0,0,0,0,0,0,0,0.0,4.3,8.0,0.5,1,1,0,2,3,False
2,461,1,0,0,0,0,0,0,0,0,0,0,0,0,3,0.0,0.0,0.0,0.0,0,0,0,0,1,False
2,462,19,0,0,0,0,0,0,0,0,0,0,0,0,4,5.0,0.0,0.0,0.5,3,0,0,3,1,False
2,463,19,0,0,1,0,0,0,0,0,0,0,0,0,18,18.2,10.5,11.0,4.0,0,0,0,0,4,False
2,464,81,1,1,0,1,0,0,0,0,0,0,0,2,37,35.6,10.3,46.0,9.2,1,4,1,6,8,False
2,465,0,0,0,0,0,0,0,0,0,0,0,0,0,0,0.0,0.0,0.0,0.0,0,0,0,0,0,False
2,466,0,0,0,0,0,0,0,0,0,0,0,0,0,0,0.0,0.0,0.0,0.0,0,0,0,0,0,False
2,467,90,1,0,0,0,2,0,0,0,0,0,2,0,6,16.6,0.0,0.0,1.7,3,6,0,0,1,False
2,468,0,0,0,0,0,0,0,0,0,0,0,0,0,0,0.0,0.0,0.0,0.0,0,0,0,0,0,False
2,469,90,1,0,1,0,2,0,0,0,0,0,0,0,16,34.4,25.3,6.0,6.6,6,1,6,12,6,False
2,470,0,0,0,0,0,0,0,0,0,0,0,0,0,0,0.0,0.0,0.0,0.0,0,0,0,0,0,False
2,471,90,1,0,0,0,2,0,0,0,0,0,0,0,3,17.0,0.0,0.0,1.7,10,3,3,13,3,False
2,472,90,1,0,0,0,2,0,0,0,0,0,0,0,2,11.2,0.3,8.0,2.0,6,3,0,6,1,False
2,473,85,1,0,0,0,2,0,0,0,1,0,0,0,2,11.8,15.5,4.0,3.1,3,4,2,5,0,False
2,474,90,1,0,0,0,2,0,0,0,0,0,0,0,6,14.6,0.4,0.0,1.5,6,3,2,8,1,False
2,475,0,0,0,0,0,0,0,0,0,0,0,0,0,0,0.0,0.0,0.0,0.0,0,0,0,0,0,False
2,476,0,0,0,0,0,0,0,0,0,0,0,0,0,0,0.0,0.0,0.0,0.0,0,0,0,0,0,False
2,477,0,0,0,0,0,0,0,0,0,0,0,0,0,0,0.0,0.0,0.0,0.0,0,0,0,0,0,False
2,478,4,0,0,0,0,0,0,0,0,0,0,0,0,5,2.0,0.0,0.0,0.2,0,0,1,1,1,False
2,479,0,0,0,0,0,0,0,0,0,0,0,0,0,0,0.0,0.0,0.0,0.0,0,0,0,0,0,False
2,480,90,1,1,1,0,2,0,0,0,0,0,0,3,36,56.4,12.5,17.0,8.6,1,2,2,5,13,True
2,481,81,1,0,0,0,1,0,0,0,1,0,0,0,25,25.0,20.2,13.0,5.8,4,5,5,14,3,False
2,482,1,0,0,0,0,0,0,0,0,0,0,0,0,2,0.0,0.3,0.0,0.0,0,0,0,0,1,False
2,483,65,1,1,0,0,1,0,0,0,0,0,0,2,30,35.8,23.0,36.0,9.5,1,8,0,9,9,False
2,484,0,0,0,0,0,0,0,0,0,0,0,0,0,0,0.0,0.0,0.0,0.0,0,0,0,0,0,False
2,485,0,0,0,0,0,0,0,0,0,0,0,0,0,0,0.0,0.0,0.0,0.0,0,0,0,0,0,False
2,486,90,1,0,0,0,2,0,0,0,0,0,0,0,16,8.2,18.5,0.0,2.7,2,5,1,8,2,False
2,487,1,0,0,0,0,0,0,0,0,0,0,0,0,3,0.2,0.0,0.0,0.0,0,0,0,0,1,False
2,488,0,0,0,0,0,0,0,0,0,0,0,0,0,0,0.0,0.0,0.0,0.0,0,0,0,0,0,False
2,489,0,0,0,0,0,0,0,0,0,0,0,0,0,0,0.0,0.0,0.0,0.0,0,0,0,0,0,False
2,490,0,0,0,0,0,0,0,0,0,0,0,0,0,0,0.0,0.0,0.0,0.0,0,0,0,0,0,False
2,491,90,1,0,0,0,2,0,0,0,1,0,0,0,4,8.6,13.3,38.0,6.0,3,1,1,5,1,False
2,492,90,1,0,0,0,1,0,0,0,0,0,0,0,6,10.0,23.6,65.0,9.9,1,2,0,3,2,False
2,493,0,0,0,0,0,0,0,0,0,0,0,0,0,0,0.0,0.0,0.0,0.0,0,0,0,0,0,False
2,494,0,0,0,0,0,0,0,0,0,0,0,0,0,0,0.0,0.0,0.0,0.0,0,0,0,0,0,False
2,495,0,0,0,0,0,0,0,0,0,0,0,0,0,0,0.0,0.0,0.0,0.0,0,0,0,0,0,False
2,496,90,1,0,0,0,2,0,0,0,0,0,0,0,4,3.8,0.0,0.0,0.4,0,6,0,0,1,False
2,497,0,0,0,0,0,0,0,0,0,0,0,0,0,0,0.0,0.0,0.0,0.0,0,0,0,0,0,False
2,498,0,0,0,0,0,0,0,0,0,0,0,0,0,0,0.0,0.0,0.0,0.0,0,0,0,0,0,False
2,499,90,1,0,0,0,2,0,0,0,0,0,0,0,1,9.4,7.9,21.0,3.8,3,2,1,4,1,False
2,500,0,0,0,0,0,0,0,0,0,0,0,0,0,0,0.0,0.0,0.0,0.0,0,0,0,0,0,False
2,501,0,0,0,0,0,0,0,0,0,0,0,0,0,0,0.0,0.0,0.0,0.0,0,0,0,0,0,False
2,502,67,1,0,0,0,1,0,0,0,0,0,0,0,7,11.2,16.8,25.0,5.3,2,1,1,3,2,False
2,503,90,1,0,0,0,2,0,0,0,1,0,0,0,5,15.2,2.1,0.0,1.7,7,4,1,8,0,False
2,504,90,1,0,0,0,4,0,0,0,0,0,0,0,-2,22.8,8.3,5.0,3.6,7,3,1,8,0,False
2,505,0,0,0,0,0,0,0,0,0,0,0,0,0,0,0.0,0.0,0.0,0.0,0,0,0,0,0,False
2,506,22,0,0,0,0,1,0,0,0,0,0,0,0,2,5.2,11.5,2.0,1.9,0,1,1,1,1,False
2,507,0,0,0,0,0,0,0,0,0,0,0,0,0,0,0.0,0.0,0.0,0.0,0,0,0,0,0,False
2,508,0,0,0,0,0,0,0,0,0,0,0,0,0,0,0.0,0.0,0.0,0.0,0,0,0,0,0,False
2,509,0,0,0,0,0,0,0,0,0,0,0,0,0,0,0.0,0.0,0.0,0.0,0,0,0,0,0,False
2,510,0,0,0,0,0,0,0,0,0,0,0,0,0,0,0.0,0.0,0.0,0.0,0,0,0,0,0,False
2,511,0,0,0,0,0,0,0,0,0,0,0,0,0,0,0.0,0.0,0.0,0.0,0,0,0,0,0,False
2,512,22,0,0,0,0,1,0,0,0,0,0,0,0,4,1.2,3.3,11.0,1.6,0,2,0,2,1,False
2,513,0,0,0,0,0,0,0,0,0,0,0,0,0,0,0.0,0.0,0.0,0.0,0,0,0,0,0,False
2,514,67,1,0,0,0,1,0,0,0,0,0,0,0,10,3.8,3.3,34.0,4.1,0,2,1,3,2,False
2,515,0,0,0,0,0,0,0,0,0,0,0,0,0,0,0.0,0.0,0.0,0.0,0,0,0,0,0,False
2,516,90,1,0,0,0,2,0,0,0,0,0,0,0,17,15.4,7.1,0.0,2.3,3,6,2,11,2,False
2,517,0,0,0,0,0,0,0,0,0,0,0,0,0,0,0.0,0.0,0.0,0.0,0,0,0,0,0,False
2,518,0,0,0,0,0,0,0,0,0,0,0,0,0,0,0.0,0.0,0.0,0.0,0,0,0,0,0,False
2,519,0,0,0,0,0,0,0,0,0,0,0,0,0,0,0.0,0.0,0.0,0.0,0,0,0,0,0,False
2,520,0,0,0,0,0,0,0,0,0,0,0,0,0,0,0.0,0.0,0.0,0.0,0,0,0,0,0,False
2,521,0,0,0,0,0,0,0,0,0,0,0,0,0,0,0.0,0.0,0.0,0.0,0,0,0,0,0,False
2,522,67,1,0,0,0,1,0,0,0,0,0,0,0,9,1.8,1.5,0.0,0.3,3,3,0,6,2,False
2,523,22,0,0,0,0,1,0,0,0,0,0,0,0,1,0.0,0.4,1.0,0.0,0,1,0,1,1,False
2,524,0,0,0,0,0,0,0,0,0,0,0,0,0,0,0.0,0.0,0.0,0.0,0,0,0,0,0,False
2,525,90,1,0,0,0,2,0,0,0,0,0,0,0,18,14.0,46.3,1.0,6.1,0,5,3,8,2,False
2,526,15,0,0,0,0,0,0,0,0,0,0,0,0,6,3.2,0.3,6.0,1.0,0,0,0,0,1,False
2,527,0,0,0,0,0,0,0,0,0,0,0,0,0,0,0.0,0.0,0.0,0.0,0,0,0,0,0,False
2,528,0,0,0,0,0,0,0,0,0,0,0,0,0,0,0.0,0.0,0.0,0.0,0,0,0,0,0,False
2,529,90,1,0,0,1,0,0,0,0,0,0,0,0,22,4.0,0.0,0.0,0.4,2,7,0,0,6,False
2,530,0,0,0,0,0,0,0,0,0,0,0,0,0,0,0.0,0.0,0.0,0.0,0,0,0,0,0,False
2,531,0,0,0,0,0,0,0,0,0,0,0,0,0,0,0.0,0.0,0.0,0.0,0,0,0,0,0,False
2,532,90,1,0,0,1,0,0,0,0,0,0,0,0,27,23.6,1.2,7.0,3.2,9,1,1,10,8,False
2,533,90,1,0,0,1,0,0,0,0,0,0,0,1,28,42.6,8.0,2.0,5.3,17,4,2,19,9,False
2,534,90,1,0,0,1,0,0,0,0,0,0,0,0,24,18.6,19.1,2.0,4.0,2,4,4,6,6,False
2,535,0,0,0,0,0,0,0,0,0,0,0,0,0,0,0.0,0.0,0.0,0.0,0,0,0,0,0,False
2,536,90,1,0,0,1,0,0,0,0,0,0,0,0,26,16.4,6.0,2.0,2.4,6,3,1,7,6,False
2,537,0,0,0,0,0,0,0,0,0,0,0,0,0,0,0.0,0.0,0.0,0.0,0,0,0,0,0,False
2,538,0,0,0,0,0,0,0,0,0,0,0,0,0,0,0.0,0.0,0.0,0.0,0,0,0,0,0,False
2,539,0,0,0,0,0,0,0,0,0,0,0,0,0,0,0.0,0.0,0.0,0.0,0,0,0,0,0,False
2,540,0,0,0,0,0,0,0,0,0,0,0,0,0,0,0.0,0.0,0.0,0.0,0,0,0,0,0,False
2,541,90,1,0,0,1,0,0,0,0,0,0,0,0,27,22.6,20.0,9.0,5.2,8,5,0,8,6,False
2,542,89,1,0,0,1,0,0,0,0,0,0,0,0,13,3.4,21.2,30.0,5.5,1,4,1,6,3,False
2,543,18,0,0,1,0,0,0,0,0,0,0,0,0,15,15.2,10.3,0.0,2.6,0,0,0,0,4,False
2,544,90,1,0,0,1,0,0,0,0,0,0,0,3,29,20.4,57.9,0.0,7.8,1,6,0,7,6,False
2,545,90,1,0,0,1,0,0,0,0,0,0,0,0,21,18.4,7.8,6.0,3.2,6,2,3,11,3,False
2,546,0,0,0,0,0,0,0,0,0,0,0,0,0,0,0.0,0.0,0.0,0.0,0,0,0,0,0,False
2,547,1,0,0,0,0,0,0,0,0,0,0,0,0,2,8.0,0.1,17.0,2.5,1,0,0,1,1,False
2,548,7,0,0,0,0,0,0,0,0,0,0,0,0,3,0.0,0.0,0.0,0.0,0,0,0,0,1,False
2,549,0,0,0,0,0,0,0,0,0,0,0,0,0,0,0.0,0.0,0.0,0.0,0,0,0,0,0,False
2,550,0,0,0,0,0,0,0,0,0,0,0,0,0,0,0.0,0.0,0.0,0.0,0,0,0,0,0,False
2,551,64,1,0,0,1,0,0,0,0,0,0,0,0,13,7.2,16.7,0.0,2.4,0,4,1,5,3,False
2,552,63,1,0,0,1,0,0,0,0,0,0,0,0,5,0.0,2.8,6.0,0.7,1,3,0,4,2,False
2,553,26,0,1,0,0,0,0,0,0,0,0,0,3,29,29.2,0.1,25.0,5.4,0,0,0,0,8,False
2,554,0,0,0,0,0,0,0,0,0,0,0,0,0,0,0.0,0.0,0.0,0.0,0,0,0,0,0,False
2,555,0,0,0,0,0,0,0,0,0,0,0,0,0,0,0.0,0.0,0.0,0.0,0,0,0,0,0,False
2,556,0,0,0,0,0,0,0,0,0,0,0,0,0,0,0.0,0.0,0.0,0.0,0,0,0,0,0,False
2,557,45,1,0,0,0,0,0,0,0,1,0,0,0,1,0.0,11.8,4.0,1.6,1,2,0,3,0,False
2,558,90,1,0,0,0,2,0,0,0,0,0,0,0,15,21.2,0.7,7.0,2.9,3,7,5,15,4,False
2,559,0,0,0,0,0,0,0,0,0,0,0,0,0,0,0.0,0.0,0.0,0.0,0,0,0,0,0,False
2,560,0,0,0,0,0,0,0,0,0,0,0,0,0,0,0.0,0.0,0.0,0.0,0,0,0,0,0,False
2,561,0,0,0,0,0,0,0,0,0,0,0,0,0,0,0.0,0.0,0.0,0.0,0,0,0,0,0,False
2,562,72,1,0,0,0,4,0,0,0,0,0,0,0,10,8.0,1.4,19.0,2.8,3,1,1,5,2,False
2,563,45,1,0,0,0,0,0,0,0,0,0,0,0,6,11.0,13.4,0.0,2.4,2,1,0,3,1,False
2,564,90,1,0,0,0,5,0,0,0,0,0,6,0,9,46.4,0.0,0.0,4.6,4,13,0,0,2,False
2,565,90,1,0,0,0,1,0,0,0,0,0,0,0,16,24.4,25.3,11.0,6.1,5,5,4,14,4,False
2,566,90,1,0,0,0,1,0,0,0,0,0,0,0,11,18.6,1.8,13.0,3.3,8,4,2,10,4,False
2,567,90,1,0,0,1,0,0,0,0,0,0,4,0,32,34.6,0.0,0.0,3.5,2,4,0,0,7,False
2,568,8,0,0,0,0,1,0,0,0,0,0,0,0,1,0.0,0.0,4.0,0.2,1,0,0,1,1,False
2,569,90,1,0,0,0,1,0,0,0,0,0,0,0,2,5.6,2.8,24.0,3.2,2,2,0,4,2,False
2,570,75,1,0,0,0,1,0,0,0,1,0,0,0,6,3.0,1.3,3.0,0.7,3,6,0,9,1,False
2,571,0,0,0,0,0,0,0,0,0,0,0,0,0,0,0.0,0.0,0.0,0.0,0,0,0,0,0,False
2,572,90,1,0,0,1,0,0,0,0,0,0,3,3,32,26.2,0.0,0.0,2.6,0,11,0,0,10,True
2,573,0,0,0,0,0,0,0,0,0,0,0,0,0,0,0.0,0.0,0.0,0.0,0,0,0,0,0,False
2,574,0,0,0,0,0,0,0,0,0,0,0,0,0,0,0.0,0.0,0.0,0.0,0,0,0,0,0,False
2,575,70,1,0,0,1,0,0,0,0,0,0,0,0,17,9.4,16.0,7.0,3.2,3,4,0,7,3,False
2,576,58,1,0,0,0,0,0,0,0,1,0,0,0,-2,0.0,4.3,7.0,0.9,2,5,0,7,0,False
2,577,73,1,0,0,0,3,0,0,0,0,0,0,0,-3,12.6,1.3,2.0,1.6,7,3,1,8,1,False
2,578,0,0,0,0,0,0,0,0,0,0,0,0,0,0,0.0,0.0,0.0,0.0,0,0,0,0,0,False
2,579,13,0,0,0,0,0,0,0,0,1,0,0,0,-1,5.8,2.3,0.0,0.8,1,2,0,1,0,False
2,580,22,0,0,0,0,1,0,0,0,0,0,0,0,2,0.6,2.8,6.0,0.9,1,1,0,2,1,False
2,581,0,0,0,0,0,0,0,0,0,0,0,0,0,0,0.0,0.0,0.0,0.0,0,0,0,0,0,False
2,582,0,0,0,0,0,0,0,0,0,0,0,0,0,0,0.0,0.0,0.0,0.0,0,0,0,0,0,False
2,583,18,0,0,0,0,1,0,0,0,0,0,0,0,1,6.4,0.3,0.0,0.7,2,1,1,3,1,False
2,584,19,0,0,0,0,1,0,0,0,0,0,0,0,2,0.2,1.5,0.0,0.2,0,0,0,0,1,False
2,585,31,0,0,0,0,0,0,0,0,0,0,0,0,3,3.0,0.2,0.0,0.3,1,0,0,1,1,False
2,586,58,1,0,0,0,0,0,0,0,0,0,0,0,9,27.6,0.0,7.0,3.5,7,2,2,9,1,False
2,587,0,0,0,0,0,0,0,0,0,0,0,0,0,0,0.0,0.0,0.0,0.0,0,0,0,0,0,False
2,588,74,1,0,0,0,3,0,0,0,1,0,0,0,9,26.4,1.5,3.0,3.1,4,5,10,14,2,False
2,589,45,0,0,0,0,0,0,0,0,0,0,0,0,6,12.8,0.9,0.0,1.4,1,2,3,6,1,False
2,590,0,0,0,0,0,0,0,0,0,0,0,0,0,0,0.0,0.0,0.0,0.0,0,0,0,0,0,False
2,591,90,1,0,1,0,5,0,0,0,0,0,0,0,25,21.8,12.4,21.0,5.5,0,7,1,8,5,False
2,592,17,0,0,0,0,1,0,0,0,0,0,0,0,-1,0.6,0.6,0.0,0.1,0,1,0,0,1,False
2,593,90,1,0,1,1,0,0,0,0,0,0,0,2,37,42.6,30.4,0.0,7.3,5,5,3,8,11,True
2,594,10,0,0,0,0,0,0,0,0,0,0,0,0,3,0.0,3.7,0.0,0.4,0,0,0,0,1,False
2,595,22,0,0,0,0,1,0,0,0,0,0,0,0,3,1.4,1.3,0.0,0.3,0,0,1,1,1,False
2,596,0,0,0,0,0,0,0,0,0,0,0,0,0,0,0.0,0.0,0.0,0.0,0,0,0,0,0,False
2,597,90,1,0,0,0,1,0,0,0,0,0,1,0,8,13.6,0.0,0.0,1.4,2,9,0,0,2,False
2,598,56,0,0,0,0,1,0,0,0,0,0,0,0,9,16.0,1.1,6.0,2.3,5,4,1,6,1,False
2,599,0,0,0,0,0,0,0,0,0,0,0,0,0,0,0.0,0.0,0.0,0.0,0,0,0,0,0,False
2,600,16,0,0,0,0,1,0,0,0,0,0,0,0,6,3.0,1.3,2.0,0.6,0,0,1,1,1,False
2,601,0,0,0,0,0,0,0,0,0,0,0,0,0,0,0.0,0.0,0.0,0.0,0,0,0,0,0,False
2,602,0,0,0,0,0,0,0,0,0,0,0,0,0,0,0.0,0.0,0.0,0.0,0,0,0,0,0,False
2,603,0,0,0,0,0,0,0,0,0,0,0,0,0,0,0.0,0.0,0.0,0.0,0,0,0,0,0,False
2,604,0,0,0,0,0,0,0,0,0,0,0,0,0,0,0.0,0.0,0.0,0.0,0,0,0,0,0,False
2,605,73,1,1,0,0,3,0,0,0,0,0,0,1,39,50.8,20.1,42.0,11.3,2,2,3,7,8,False
2,606,0,0,0,0,0,0,0,0,0,0,0,0,0,0,0.0,0.0,0.0,0.0,0,0,0,0,0,False
2,607,0,0,0,0,0,0,0,0,0,0,0,0,0,0,0.0,0.0,0.0,0.0,0,0,0,0,0,False
2,608,0,0,0,0,0,0,0,0,0,0,0,0,0,0,0.0,0.0,0.0,0.0,0,0,0,0,0,False
2,609,0,0,0,0,0,0,0,0,0,0,0,0,0,0,0.0,0.0,0.0,0.0,0,0,0,0,0,False
2,610,0,0,0,0,0,0,0,0,0,0,0,0,0,0,0.0,0.0,0.0,0.0,0,0,0,0,0,False
2,611,12,0,0,0,0,0,0,0,0,0,0,0,0,4,3.6,0.8,0.0,0.4,0,0,2,2,1,False
2,612,0,0,0,0,0,0,0,0,0,0,0,0,0,0,0.0,0.0,0.0,0.0,0,0,0,0,0,False
2,613,0,0,0,0,0,0,0,0,0,0,0,0,0,0,0.0,0.0,0.0,0.0,0,0,0,0,0,False
2,614,0,0,0,0,0,0,0,0,0,0,0,0,0,0,0.0,0.0,0.0,0.0,0,0,0,0,0,False
2,615,0,0,0,0,0,0,0,0,0,0,0,0,0,0,0.0,0.0,0.0,0.0,0,0,0,0,0,False
2,616,8,0,0,0,0,0,0,0,0,0,0,0,0,3,1.8,4.3,0.0,0.6,1,0,0,1,1,False
2,617,7,0,0,0,0,0,0,0,0,0,0,0,0,3,0.4,0.3,0.0,0.1,0,0,0,0,1,False
2,618,0,0,0,0,0,0,0,0,0,0,0,0,0,0,0.0,0.0,0.0,0.0,0,0,0,0,0,False
2,619,28,0,0,0,0,2,0,0,0,0,0,0,0,11,7.2,12.0,2.0,2.1,2,3,1,6,1,False
2,620,0,0,0,0,0,0,0,0,0,0,0,0,0,0,0.0,0.0,0.0,0.0,0,0,0,0,0,False
2,621,8,0,0,0,0,0,0,0,0,0,0,0,0,3,0.0,0.5,1.0,0.1,0,0,0,0,1,False
2,622,1,0,0,0,0,0,0,0,0,0,0,0,0,3,0.6,0.8,0.0,0.1,0,1,0,0,1,False
2,623,0,0,0,0,0,0,0,0,0,0,0,0,0,0,0.0,0.0,0.0,0.0,0,0,0,0,0,False
2,624,0,0,0,0,0,0,0,0,0,0,0,0,0,0,0.0,0.0,0.0,0.0,0,0,0,0,0,False
2,625,0,0,0,0,0,0,0,0,0,0,0,0,0,0,0.0,0.0,0.0,0.0,0,0,0,0,0,False
2,626,0,0,0,0,0,0,0,0,0,0,0,0,0,0,0.0,0.0,0.0,0.0,0,0,0,0,0,False
3,1,90,1,0,0,0,1,0,0,0,0,0,4,0,15,28.8,0.0,0.0,2.9,2,11,0,0,3,False
3,2,0,0,0,0,0,0,0,0,0,0,0,0,0,0,0.0,0.0,0.0,0.0,0,0,0,0,0,False
3,3,0,0,0,0,0,0,0,0,0,0,0,0,0,0,0.0,0.0,0.0,0.0,0,0,0,0,0,False
3,4,90,1,0,0,0,1,0,0,0,0,0,0,0,10,23.6,2.4,76.0,10.2,7,4,0,7,2,False
3,5,0,0,0,0,0,0,0,0,0,0,0,0,0,0,0.0,0.0,0.0,0.0,0,0,0,0,0,False
3,6,0,0,0,0,0,0,0,0,0,0,0,0,0,0,0.0,0.0,0.0,0.0,0,0,0,0,0,False
3,7,66,1,0,0,0,1,0,0,0,0,0,0,0,5,0.0,12.7,4.0,1.0,0,2,0,2,2,False
3,8,66,1,0,0,0,1,0,0,0,0,0,0,0,0,4.4,3.2,26.0,3.4,0,1,1,1,2,False
3,9,23,0,0,0,0,0,0,0,0,0,0,0,0,3,6.0,0.5,2.0,0.9,2,0,1,3,1,False
3,10,90,1,0,0,0,1,0,0,0,0,0,0,0,11,15.8,5.1,10.0,3.1,4,4,2,6,2,False
3,11,0,0,0,0,0,0,0,0,0,0,0,0,0,0,0.0,0.0,0.0,0.0,0,0,0,0,0,False
3,12,89,1,0,0,0,1,0,0,0,0,0,0,0,13,10.6,27.8,70.0,10.8,1,2,1,4,2,False
3,13,90,1,0,1,0,1,0,0,0,0,0,0,0,22,33.8,19.9,2.0,5.6,5,1,0,6,5,False
3,14,0,0,0,0,0,0,0,0,0,0,0,0,0,0,0.0,0.0,0.0,0.0,0,0,0,0,0,False
3,15,76,1,1,0,0,1,0,0,0,0,0,0,3,47,45.0,54.2,30.0,12.9,0,3,0,3,10,True
3,16,1,0,0,0,0,0,0,0,0,0,0,0,0,3,2.2,0.8,0.0,0.3,0,0,1,1,1,False
3,17,13,0,0,0,0,0,0,0,0,1,0,0,0,0,0.0,1.1,0.0,0.1,0,0,0,0,0,False
3,18,0,0,0,0,0,0,0,0,0,0,0,0,0,0,0.0,0.0,0.0,0.0,0,0,0,0,0,False
3,19,23,0,0,0,0,0,0,0,0,0,0,0,0,1,1.4,0.8,11.0,1.3,4,0,0,4,1,False
3,20,0,0,0,0,0,0,0,0,0,0,0,0,0,0,0.0,0.0,0.0,0.0,0,0,0,0,0,False
3,21,0,0,0,0,0,0,0,0,0,0,0,0,0,0,0.0,0.0,0.0,0.0,0,0,0,0,0,False
3,22,0,0,0,0,0,0,0,0,0,0,0,0,0,0,0.0,0.0,0.0,0.0,0,0,0,0,0,False
3,23,0,0,0,0,0,0,0,0,0,0,0,0,0,0,0.0,0.0,0.0,0.0,0,0,0,0,0,False
3,24,0,0,0,0,0,0,0,0,0,0,0,0,0,0,0.0,0.0,0.0,0.0,0,0,0,0,0,False
3,25,12,0,0,0,0,0,0,0,0,0,0,0,0,2,0.0,0.1,0.0,0.0,0,1,0,1,1,False
3,26,77,1,1,0,0,1,0,0,0,0,0,0,2,38,43.0,37.0,57.0,13.7,1,0,0,1,8,False
3,27,0,0,0,0,0,0,0,0,0,0,0,0,0,0,0.0,0.0,0.0,0.0,0,0,0,0,0,False
3,28,90,1,0,0,0,2,0,0,0,0,0,8,0,26,63.2,0.0,0.0,6.3,0,8,0,0,3,False
3,29,0,0,0,0,0,0,0,0,0,0,0,0,0,0,0.0,0.0,0.0,0.0,0,0,0,0,0,False
3,30,0,0,0,0,0,0,0,0,0,0,0,0,0,0,0.0,0.0,0.0,0.0,0,0,0,0,0,False
3,31,90,1,0,0,0,1,0,0,0,0,0,0,0,15,19.4,1.4,4.0,2.5,7,5,3,10,4,False
3,32,84,1,0,0,1,0,0,0,0,0,0,0,0,23,6.4,16.3,6.0,2.9,1,1,0,1,6,False
3,33,90,1,0,0,1,0,0,0,0,0,0,0,0,28,14.8,4.4,13.0,3.2,4,2,1,5,6,False
3,34,0,0,0,0,0,0,0,0,0,0,0,0,0,0,0.0,0.0,0.0,0.0,0,0,0,0,0,False
3,35,0,0,0,0,0,0,0,0,0,0,0,0,0,0,0.0,0.0,0.0,0.0,0,0,0,0,0,False
3,36,74,1,0,0,1,0,0,0,0,0,0,0,1,29,10.6,19.8,4.0,3.4,2,0,1,3,7,False
3,37,90,1,0,0,1,0,0,0,0,0,0,0,0,28,22.4,24.9,2.0,4.9,4,3,0,4,6,False
3,38,0,0,0,0,0,0,0,0,0,0,0,0,0,0,0.0,0.0,0.0,0.0,0,0,0,0,0,False
3,39,0,0,0,0,0,0,0,0,0,0,0,0,0,0,0.0,0.0,0.0,0.0,0,0,0,0,0,False
3,40,86,1,1,0,0,2,0,0,0,1,0,0,0,22,30.2,13.6,16.0,6.0,0,5,0,5,6,False
3,41,74,1,0,0,1,0,0,0,0,0,0,0,0,2,0.0,10.8,7.0,1.4,0,2,0,2,3,False
3,42,0,0,0,0,0,0,0,0,0,0,0,0,0,0,0.0,0.0,0.0,0.0,0,0,0,0,0,False
3,43,90,1,0,0,0,2,0,0,0,0,0,0,0,17,18.6,18.9,9.0,4.7,2,5,0,7,2,False
3,44,0,0,0,0,0,0,0,0,0,0,0,0,0,0,0.0,0.0,0.0,0.0,0,0,0,0,0,False
3,45,90,1,0,0,1,0,0,0,0,0,0,0,0,6,1.4,5.6,4.0,1.1,1,2,2,5,3,False
3,46,90,1,0,0,1,0,0,0,0,0,0,0,0,15,13.6,34.1,15.0,6.3,2,4,0,6,3,False
3,47,90,1,0,0,1,0,0,0,0,0,0,0,0,20,13.6,26.2,0.0,4.0,3,6,1,10,3,False
3,48,0,0,0,0,0,0,0,0,0,0,0,0,0,0,0.0,0.0,0.0,0.0,0,0,0,0,0,False
3,49,0,0,0,0,0,0,0,0,0,0,0,0,0,0,0.0,0.0,0.0,0.0,0,0,0,0,0,False
3,50,0,0,0,0,0,0,0,0,0,0,0,0,0,0,0.0,0.0,0.0,0.0,0,0,0,0,0,False
3,51,74,1,0,0,1,0,0,0,0,0,0,0,0,12,10.8,13.5,21.0,4.5,2,4,1,7,3,False
3,52,15,0,0,0,0,0,0,0,0,0,0,0,0,3,0.2,1.8,0.0,0.2,0,1,0,1,1,False
3,53,0,0,0,0,0,0,0,0,0,0,0,0,0,0,0.0,0.0,0.0,0.0,0,0,0,0,0,False
3,54,0,0,0,0,0,0,0,0,0,0,0,0,0,0,0.0,0.0,0.0,0.0,0,0,0,0,0,False
3,55,0,0,0,0,0,0,0,0,0,0,0,0,0,0,0.0,0.0,0.0,0.0,0,0,0,0,0,False
3,56,5,0,0,0,0,0,0,0,0,0,0,0,0,3,2.0,1.0,0.0,0.3,0,0,1,1,1,False
3,57,90,1,0,0,0,2,0,0,0,0,0,0,0,0,3.4,0.0,0.0,0.3,1,8,0,0,1,False
3,58,0,0,0,0,0,0,0,0,0,0,0,0,0,0,0.0,0.0,0.0,0.0,0,0,0,0,0,False
3,59,0,0,0,0,0,0,0,0,0,0,0,0,0,0,0.0,0.0,0.0,0.0,0,0,0,0,0,False
3,60,90,1,0,0,0,2,0,0,0,0,0,0,0,4,16.8,31.5,2.0,5.0,6,1,0,6,1,False
3,61,90,1,0,0,0,2,0,0,0,1,0,0,0,-3,10.2,15.7,2.0,2.8,3,5,3,6,0,False
3,62,0,0,0,0,0,0,0,0,0,0,0,0,0,0,0.0,0.0,0.0,0.0,0,0,0,0,0,False
3,63,0,0,0,0,0,0,0,0,0,0,0,0,0,0,0.0,0.0,0.0,0.0,0,0,0,0,0,False
3,64,90,1,0,0,0,2,0,0,0,1,0,0,0,3,9.6,25.3,4.0,3.9,3,6,1,4,0,False
3,65,0,0,0,0,0,0,0,0,0,0,0,0,0,0,0.0,0.0,0.0,0.0,0,0,0,0,0,False
3,66,0,0,0,0,0,0,0,0,0,0,0,0,0,0,0.0,0.0,0.0,0.0,0,0,0,0,0,False
3,67,88,1,0,0,0,2,0,0,0,0,0,0,0,8,1.6,0.9,10.0,1.3,1,0,1,2,2,False
3,68,88,1,1,0,0,2,0,0,0,0,0,0,3,43,46.6,13.2,77.0,13.7,0,8,1,9,10,True
3,69,90,1,0,2,0,2,0,0,0,0,0,0,2,37,13.4,22.9,12.0,4.8,5,6,0,11,10,False
3,70,75,1,0,0,0,1,0,0,0,1,0,0,0,6,0.0,2.0,3.0,0.2,0,3,1,4,1,False
3,71,14,0,0,0,0,1,0,0,0,0,0,0,0,2,0.0,0.3,0.0,0.0,1,0,0,1,1,False
3,72,1,0,0,0,0,0,0,0,0,0,0,0,0,3,2.0,0.5,5.0,0.8,0,1,1,2,1,False
3,73,75,1,0,0,0,1,0,0,0,0,0,0,0,15,12.2,11.5,0.0,2.4,1,8,3,12,4,False
3,74,14,0,0,0,0,1,0,0,0,0,0,0,0,2,0.0,0.0,0.0,0.0,0,0,0,0,1,False
3,75,1,0,0,0,0,0,0,0,0,0,0,0,0,3,0.0,0.0,0.0,0.0,0,0,0,0,1,False
3,76,0,0,0,0,0,0,0,0,0,0,0,0,0,0,0.0,0.0,0.0,0.0,0,0,0,0,0,False
3,77,0,0,0,0,0,0,0,0,0,0,0,0,0,0,0.0,0.0,0.0,0.0,0,0,0,0,0,False
3,78,0,0,0,0,0,0,0,0,0,0,0,0,0,0,0.0,0.0,0.0,0.0,0,0,0,0,0,False
3,79,90,1,0,0,0,2,0,0,0,0,0,0,0,4,3.2,5.1,21.0,2.9,4,3,0,7,2,False
3,80,0,0,0,0,0,0,0,0,0,0,0,0,0,0,0.0,0.0,0.0,0.0,0,0,0,0,0,False
3,81,0,0,0,0,0,0,0,0,0,0,0,0,0,0,0.0,0.0,0.0,0.0,0,0,0,0,0,False
3,82,90,1,0,0,0,1,0,0,0,0,0,2,0,10,16.8,0.0,0.0,1.7,2,6,0,0,2,False
3,83,0,0,0,0,0,0,0,0,0,0,0,0,0,0,0.0,0.0,0.0,0.0,0,0,0,0,0,False
3,84,16,1,0,0,0,0,0,0,0,0,0,0,0,4,1.0,0.0,0.0,0.1,1,0,0,1,1,False
3,85,0,0,0,0,0,0,0,0,0,0,0,0,0,0,0.0,0.0,0.0,0.0,0,0,0,0,0,False
3,86,90,1,0,0,0,1,0,0,0,0,0,0,0,4,8.2,45.1,22.0,7.5,4,1,1,6,2,False
3,87,90,1,0,0,0,1,0,0,0,0,0,0,0,8,11.8,0.3,0.0,1.2,5,2,0,5,2,False
3,88,45,1,0,0,0,0,0,0,0,0,0,0,0,2,7.6,0.3,2.0,1.0,5,2,0,5,1,False
3,89,0,0,0,0,0,0,0,0,0,0,0,0,0,0,0.0,0.0,0.0,0.0,0,0,0,0,0,False
3,90,45,0,0,0,0,1,0,0,0,0,0,0,0,0,7.6,1.0,0.0,0.9,4,2,1,5,1,False
3,91,90,1,0,0,0,1,0,0,0,1,0,0,0,3,18.2,0.0,6.0,2.4,12,2,1,13,3,False
3,92,0,0,0,0,0,0,0,0,0,0,0,0,0,0,0.0,0.0,0.0,0.0,0,0,0,0,0,False
3,93,73,0,0,0,0,1,0,0,0,0,0,0,0,11,17.2,0.2,4.0,2.1,10,0,0,10,4,False
3,94,90,1,0,0,0,1,0,0,0,0,0,0,0,11,4.0,13.3,8.0,2.5,0,5,0,5,2,False
3,95,45,1,0,0,0,0,0,0,0,0,0,0,0,6,6.8,11.3,0.0,1.8,3,7,1,11,1,False
3,96,85,1,0,1,0,1,0,0,0,0,0,0,3,30,10.0,28.5,6.0,4.5,1,3,0,4,8,False
3,97,0,0,0,0,0,0,0,0,0,0,0,0,0,0,0.0,0.0,0.0,0.0,0,0,0,0,0,False
3,98,90,1,1,0,0,1,0,0,0,1,0,0,3,30,48.0,3.1,17.0,6.8,3,5,4,12,11,True
3,99,0,0,0,0,0,0,0,0,0,0,0,0,0,0,0.0,0.0,0.0,0.0,0,0,0,0,0,False
3,100,0,0,0,0,0,0,0,0,0,0,0,0,0,0,0.0,0.0,0.0,0.0,0,0,0,0,0,False
3,101,0,0,0,0,0,0,0,0,0,0,0,0,0,0,0.0,0.0,0.0,0.0,0,0,0,0,0,False
3,102,45,0,0,0,0,1,0,0,0,1,0,0,0,1,2.4,3.4,2.0,0.8,1,3,1,5,0,False
3,103,0,0,0,0,0,0,0,0,0,0,0,0,0,0,0.0,0.0,0.0,0.0,0,0,0,0,0,False
3,104,62,1,0,0,0,1,0,0,0,0,0,0,0,5,0.4,0.4,0.0,0.1,0,2,1,3,2,False
3,105,45,0,0,0,0,1,0,0,0,0,0,0,0,3,0.0,2.2,3.0,0.4,0,4,0,4,1,False
3,106,90,1,0,0,0,1,0,0,0,0,0,0,0,9,16.0,1.4,43.0,6.0,3,2,1,6,2,False
3,107,0,0,0,0,0,0,0,0,0,0,0,0,0,0,0.0,0.0,0.0,0.0,0,0,0,0,0,False
3,108,4,0,0,0,0,0,0,0,0,0,0,0,0,2,1.0,0.0,0.0,0.1,1,0,0,1,1,False
3,109,90,1,0,0,0,1,0,0,0,0,0,3,0,17,29.2,3.0,0.0,3.2,0,5,0,0,3,False
3,110,90,1,0,0,0,1,0,0,0,0,0,2,0,13,18.8,0.0,0.0,1.9,1,9,0,0,2,False
3,111,0,0,0,0,0,0,0,0,0,0,0,0,0,0,0.0,0.0,0.0,0.0,0,0,0,0,0,False
3,112,90,1,0,0,1,0,0,0,0,0,0,0,2,29,16.6,12.8,11.0,4.0,3,4,1,4,8,False
3,113,77,1,0,0,0,1,0,0,0,0,0,0,0,8,12.6,12.5,19.0,4.4,4,2,1,5,2,False
3,114,90,1,0,0,0,1,0,0,0,0,0,0,0,17,20.6,62.3,0.0,8.3,4,4,0,4,2,False
3,115,76,1,0,1,0,1,0,0,0,1,0,0,0,17,19.6,22.1,2.0,4.4,1,4,1,2,4,False
3,116,90,1,0,0,0,1,0,0,0,0,0,0,1,20,30.8,1.9,4.0,3.7,12,5,0,12,5,False
3,117,0,0,0,0,0,0,0,0,0,0,0,0,0,0,0.0,0.0,0.0,0.0,0,0,0,0,0,False
3,118,0,0,0,0,0,0,0,0,0,0,0,0,0,0,0.0,0.0,0.0,0.0,0,0,0,0,0,False
3,119,12,0,0,0,0,0,0,0,0,0,0,0,0,7,5.8,14.5,0.0,2.0,1,0,0,1,1,False
3,120,0,0,0,0,0,0,0,0,0,0,0,0,0,0,0.0,0.0,0.0,0.0,0,0,0,0,0,False
3,121,0,0,0,0,0,0,0,0,0,0,0,0,0,0,0.0,0.0,0.0,0.0,0,0,0,0,0,False
3,122,0,0,0,0,0,0,0,0,0,0,0,0,0,0,0.0,0.0,0.0,0.0,0,0,0,0,0,False
3,123,0,0,0,0,0,0,0,0,0,0,0,0,0,0,0.0,0.0,0.0,0.0,0,0,0,0,0,False
3,124,90,1,0,0,0,1,0,0,0,1,0,0,0,-1,0.0,16.5,19.0,3.2,2,2,0,4,1,False
3,125,0,0,0,0,0,0,0,0,0,0,0,0,0,0,0.0,0.0,0.0,0.0,0,0,0,0,0,False
3,126,0,0,0,0,0,0,0,0,0,0,0,0,0,0,0.0,0.0,0.0,0.0,0,0,0,0,0,False
3,127,90,1,0,0,0,1,0,0,0,0,0,0,0,13,15.2,26.4,30.0,7.2,2,4,3,9,2,False
3,128,0,0,0,0,0,0,0,0,0,0,0,0,0,0,0.0,0.0,0.0,0.0,0,0,0,0,0,False
3,129,90,1,0,0,0,1,0,0,0,0,0,0,0,18,11.4,14.8,18.0,4.4,1,2,0,3,2,False
3,130,0,0,0,0,0,0,0,0,0,0,0,0,0,0,0.0,0.0,0.0,0.0,0,0,0,0,0,False
3,131,0,0,0,0,0,0,0,0,0,0,0,0,0,0,0.0,0.0,0.0,0.0,0,0,0,0,0,False
3,132,0,0,0,0,0,0,0,0,0,0,0,0,0,0,0.0,0.0,0.0,0.0,0,0,0,0,0,False
3,133,0,0,0,0,0,0,0,0,0,0,0,0,0,0,0.0,0.0,0.0,0.0,0,0,0,0,0,False
3,134,0,0,0,0,0,0,0,0,0,0,0,0,0,0,0.0,0.0,0.0,0.0,0,0,0,0,0,False
3,135,0,0,0,0,0,0,0,0,0,0,0,0,0,0,0.0,0.0,0.0,0.0,0,0,0,0,0,False
3,136,3,0,0,0,0,0,0,0,0,0,0,0,0,3,0.0,0.3,2.0,0.2,0,0,0,0,1,False
3,137,0,0,0,0,0,0,0,0,0,0,0,0,0,0,0.0,0.0,0.0,0.0,0,0,0,0,0,False
3,138,90,1,0,0,0,1,0,0,0,0,0,0,0,9,9.6,5.3,24.0,3.9,3,4,1,8,2,False
3,139,0,0,0,0,0,0,0,0,0,0,0,0,0,0,0.0,0.0,0.0,0.0,0,0,0,0,0,False
3,140,0,0,0,0,0,0,0,0,0,0,0,0,0,0,0.0,0.0,0.0,0.0,0,0,0,0,0,False
3,141,0,0,0,0,0,0,0,0,0,0,0,0,0,0,0.0,0.0,0.0,0.0,0,0,0,0,0,False
3,142,90,1,0,0,0,2,0,0,0,0,0,0,0,9,12.6,15.0,13.0,4.1,3,6,0,3,1,False
3,143,0,0,0,0,0,0,0,0,0,0,0,0,0,0,0.0,0.0,0.0,0.0,0,0,0,0,0,False
3,144,30,0,0,0,0,0,0,0,0,0,0,0,0,4,3.0,3.4,1.0,0.7,0,2,2,2,1,False
3,145,90,1,0,0,0,2,0,0,0,0,0,0,0,16,39.8,22.8,0.0,6.3,14,3,3,17,3,False
3,146,0,0,0,0,0,0,0,0,0,0,0,0,0,0,0.0,0.0,0.0,0.0,0,0,0,0,0,False
3,147,0,0,0,0,0,0,0,0,0,0,0,0,0,0,0.0,0.0,0.0,0.0,0,0,0,0,0,False
3,148,59,1,0,1,0,2,0,0,0,0,0,0,0,5,34.8,11.2,2.0,4.8,4,2,2,6,3,False
3,149,0,0,0,0,0,0,0,0,0,0,0,0,0,0,0.0,0.0,0.0,0.0,0,0,0,0,0,False
3,150,0,0,0,0,0,0,0,0,0,0,0,0,0,0,0.0,0.0,0.0,0.0,0,0,0,0,0,False
3,151,90,1,0,0,0,2,0,0,0,0,0,0,0,-3,2.2,1.8,4.0,0.8,1,1,0,1,1,False
3,152,0,0,0,0,0,0,0,0,0,0,0,0,0,0,0.0,0.0,0.0,0.0,0,0,0,0,0,False
3,153,90,1,0,0,0,2,0,0,0,0,0,0,0,14,31.4,13.3,2.0,4.7,9,8,4,13,3,False
3,154,90,1,0,0,0,2,0,0,0,1,0,0,0,11,7.0,15.8,32.0,5.5,0,3,0,3,1,False
3,155,75,1,0,0,1,0,0,0,0,0,0,0,0,17,10.2,18.9,18.0,4.7,1,1,1,3,3,False
3,156,80,1,0,0,0,2,0,0,0,0,0,0,0,10,6.2,23.8,14.0,4.4,2,4,1,7,2,False
3,157,9,0,0,0,0,0,0,0,0,0,0,0,0,5,3.2,0.4,17.0,2.1,0,0,0,0,1,False
3,158,0,0,0,0,0,0,0,0,0,0,0,0,0,0,0.0,0.0,0.0,0.0,0,0,0,0,0,False
3,159,0,0,0,0,0,0,0,0,0,0,0,0,0,0,0.0,0.0,0.0,0.0,0,0,0,0,0,False
3,160,15,0,0,0,0,0,0,0,0,0,0,0,0,4,1.0,1.6,0.0,0.3,0,0,0,0,1,False
3,161,59,1,0,0,0,2,0,0,0,0,0,0,0,7,5.8,1.5,0.0,0.7,2,3,1,6,1,False
3,162,6,0,0,0,0,1,0,0,0,0,0,0,0,4,7.2,0.6,6.0,1.4,4,0,0,4,1,False
3,163,0,0,0,0,0,0,0,0,0,0,0,0,0,0,0.0,0.0,0.0,0.0,0,0,0,0,0,False
3,164,0,0,0,0,0,0,0,0,0,0,0,0,0,0,0.0,0.0,0.0,0.0,0,0,0,0,0,False
3,165,90,1,0,0,0,2,0,0,0,1,0,0,0,8,0.0,28.8,9.0,3.7,0,1,0,1,1,False
3,166,84,1,0,0,1,0,0,0,0,0,0,0,0,10,1.2,17.5,20.0,3.9,0,2,0,2,2,False
3,167,73,1,0,0,1,0,0,0,0,0,0,0,0,6,2.4,20.8,5.0,2.8,2,3,0,5,2,False
3,168,0,0,0,0,0,0,0,0,0,0,0,0,0,0,0.0,0.0,0.0,0.0,0,0,0,0,0,False
3,169,0,0,0,0,0,0,0,0,0,0,0,0,0,0,0.0,0.0,0.0,0.0,0,0,0,0,0,False
3,170,0,0,0,0,0,0,0,0,0,0,0,0,0,0,0.0,0.0,0.0,0.0,0,0,0,0,0,False
3,171,0,0,0,0,0,0,0,0,0,0,0,0,0,0,0.0,0.0,0.0,0.0,0,0,0,0,0,False
3,172,0,0,0,0,0,0,0,0,0,0,0,0,0,0,0.0,0.0,0.0,0.0,0,0,0,0,0,False
3,173,90,1,0,0,0,1,0,0,0,0,0,0,0,19,20.6,20.8,24.0,6.5,11,3,1,12,4,False
3,174,0,0,0,0,0,0,0,0,0,0,0,0,0,0,0.0,0.0,0.0,0.0,0,0,0,0,0,False
3,175,90,1,0,0,0,1,0,0,0,1,0,0,0,5,16.8,5.2,2.0,2.4,8,4,3,11,3,False
3,176,84,1,0,0,0,1,0,0,0,0,0,0,0,10,21.8,14.9,0.0,3.7,5,3,2,7,2,False
3,177,0,0,0,0,0,0,0,0,0,0,0,0,0,0,0.0,0.0,0.0,0.0,0,0,0,0,0,False
3,178,0,0,0,0,0,0,0,0,0,0,0,0,0,0,0.0,0.0,0.0,0.0,0,0,0,0,0,False
3,179,0,0,0,0,0,0,0,0,0,0,0,0,0,0,0.0,0.0,0.0,0.0,0,0,0,0,0,False
3,180,0,0,0,0,0,0,0,0,0,0,0,0,0,0,0.0,0.0,0.0,0.0,0,0,0,0,0,False
3,181,0,0,0,0,0,0,0,0,0,0,0,0,0,0,0.0,0.0,0.0,0.0,0,0,0,0,0,False
3,182,90,1,0,0,0,1,0,0,0,0,0,0,0,4,4.4,1.3,6.0,1.2,2,6,1,3,2,False
3,183,62,1,0,0,0,1,0,0,0,0,0,0,0,9,14.4,28.5,33.0,7.6,2,2,1,5,2,False
3,184,90,1,0,0,0,1,0,0,0,0,0,0,0,8,18.6,2.3,1.0,2.2,3,0,5,8,2,False
3,185,0,0,0,0,0,0,0,0,0,0,0,0,0,0,0.0,0.0,0.0,0.0,0,0,0,0,0,False
3,186,70,1,0,0,0,1,0,0,0,0,0,0,0,4,0.0,0.8,2.0,0.1,2,3,0,5,2,False
3,187,0,0,0,0,0,0,0,0,0,0,0,0,0,0,0.0,0.0,0.0,0.0,0,0,0,0,0,False
3,188,0,0,0,0,0,0,0,0,0,0,0,0,0,0,0.0,0.0,0.0,0.0,0,0,0,0,0,False
3,189,0,0,0,0,0,0,0,0,0,0,0,0,0,0,0.0,0.0,0.0,0.0,0,0,0,0,0,False
3,190,27,0,0,0,0,0,0,0,0,0,0,0,0,9,8.2,24.8,21.0,5.4,0,1,0,1,1,False
3,191,0,0,0,0,0,0,0,0,0,0,0,0,0,0,0.0,0.0,0.0,0.0,0,0,0,0,0,False
3,192,0,0,0,0,0,0,0,0,0,0,0,0,0,0,0.0,0.0,0.0,0.0,0,0,0,0,0,False
3,193,0,0,0,0,0,0,0,0,0,0,0,0,0,0,0.0,0.0,0.0,0.0,0,0,0,0,0,False
3,194,19,0,0,0,0,0,0,0,0,0,0,0,0,6,2.2,0.3,2.0,0.5,1,2,0,3,1,False
3,195,19,0,0,0,0,0,0,0,0,0,0,0,0,3,5.0,10.0,35.0,5.0,0,0,0,0,1,False
3,196,0,0,0,0,0,0,0,0,0,0,0,0,0,0,0.0,0.0,0.0,0.0,0,0,0,0,0,False
3,197,0,0,0,0,0,0,0,0,0,0,0,0,0,0,0.0,0.0,0.0,0.0,0,0,0,0,0,False
3,198,90,1,0,0,0,2,0,0,0,0,0,5,0,19,38.4,0.0,0.0,3.8,1,7,0,0,2,False
3,199,0,0,0,0,0,0,0,0,0,0,0,0,0,0,0.0,0.0,0.0,0.0,0,0,0,0,0,False
3,200,90,1,0,0,0,2,0,0,0,1,0,0,0,3,26.0,1.3,2.0,2.9,9,2,2,11,2,False
3,201,31,0,0,0,0,0,0,0,0,0,0,0,0,5,2.4,0.8,4.0,0.7,0,0,1,1,1,False
3,202,90,1,0,0,0,2,0,0,0,0,0,0,0,8,28.8,0.5,7.0,3.6,8,4,1,9,1,False
3,203,90,1,0,0,0,2,0,0,0,0,0,0,0,4,13.0,1.9,0.0,1.5,7,2,2,9,1,False
3,204,73,1,2,0,0,2,0,0,0,0,0,0,2,31,78.0,10.7,47.0,13.6,4,2,2,6,15,True
3,205,0,0,0,0,0,0,0,0,0,0,0,0,0,0,0.0,0.0,0.0,0.0,0,0,0,0,0,False
3,206,0,0,0,0,0,0,0,0,0,0,0,0,0,0,0.0,0.0,0.0,0.0,0,0,0,0,0,False
3,207,1,0,0,0,0,0,0,0,0,0,0,0,0,4,1.0,0.3,0.0,0.1,0,1,1,1,1,False
3,208,0,0,0,0,0,0,0,0,0,0,0,0,0,0,0.0,0.0,0.0,0.0,0,0,0,0,0,False
3,209,65,1,0,0,0,1,0,0,0,1,0,0,0,3,6.6,22.9,9.0,3.9,3,4,1,8,1,False
3,210,90,1,0,0,0,2,0,0,0,0,0,0,0,10,14.8,2.8,2.0,2.0,7,0,1,8,2,False
3,211,88,1,0,1,0,2,0,0,0,0,0,0,0,25,8.0,42.6,6.0,5.7,1,3,1,5,5,False
3,212,16,0,0,0,0,0,0,0,0,0,0,0,0,3,2.4,0.3,0.0,0.3,2,1,0,3,1,False
3,213,0,0,0,0,0,0,0,0,0,0,0,0,0,0,0.0,0.0,0.0,0.0,0,0,0,0,0,False
3,214,88,1,0,1,0,2,0,0,0,0,0,0,0,21,19.6,23.2,6.0,4.9,0,4,0,4,5,False
3,215,0,0,0,0,0,0,0,0,0,0,0,0,0,0,0.0,0.0,0.0,0.0,0,0,0,0,0,False
3,216,0,0,0,0,0,0,0,0,0,0,0,0,0,0,0.0,0.0,0.0,0.0,0,0,0,0,0,False
3,217,0,0,0,0,0,0,0,0,0,0,0,0,0,0,0.0,0.0,0.0,0.0,0,0,0,0,0,False
3,218,0,0,0,0,0,0,0,0,0,0,0,0,0,0,0.0,0.0,0.0,0.0,0,0,0,0,0,False
3,219,0,0,0,0,0,0,0,0,0,0,0,0,0,0,0.0,0.0,0.0,0.0,0,0,0,0,0,False
3,220,0,0,0,0,0,0,0,0,0,0,0,0,0,0,0.0,0.0,0.0,0.0,0,0,0,0,0,False
3,221,0,0,0,0,0,0,0,0,0,0,0,0,0,0,0.0,0.0,0.0,0.0,0,0,0,0,0,False
3,222,45,0,0,0,0,0,0,0,0,0,0,0,0,4,2.4,0.8,0.0,0.3,1,3,0,4,1,False
3,223,0,0,0,0,0,0,0,0,0,0,0,0,0,0,0.0,0.0,0.0,0.0,0,0,0,0,0,False
3,224,45,1,0,1,0,2,0,0,0,0,0,0,0,16,21.2,10.7,19.0,5.1,0,1,1,2,4,False
3,225,0,0,0,0,0,0,0,0,0,0,0,0,0,0,0.0,0.0,0.0,0.0,0,0,0,0,0,False
3,226,90,1,0,0,0,2,0,0,0,0,0,1,0,6,9.2,0.0,0.0,0.9,0,12,0,0,1,False
3,227,0,0,0,0,0,0,0,0,0,0,0,0,0,0,0.0,0.0,0.0,0.0,0,0,0,0,0,False
3,228,0,0,0,0,0,0,0,0,0,0,0,0,0,0,0.0,0.0,0.0,0.0,0,0,0,0,0,False
3,229,90,1,0,0,0,2,0,0,0,0,0,0,0,11,24.4,1.0,6.0,3.1,9,3,3,12,3,False
3,230,90,1,0,0,0,2,0,0,0,0,0,0,0,10,41.6,0.6,34.0,7.6,10,4,1,11,3,False
3,231,0,0,0,0,0,0,0,0,0,0,0,0,0,0,0.0,0.0,0.0,0.0,0,0,0,0,0,False
3,232,0,0,0,0,0,0,0,0,0,0,0,0,0,0,0.0,0.0,0.0,0.0,0,0,0,0,0,False
3,233,90,1,0,0,0,2,0,0,0,0,0,0,0,8,12.8,2.5,0.0,1.5,3,4,3,6,1,False
3,234,0,0,0,0,0,0,0,0,0,0,0,0,0,0,0.0,0.0,0.0,0.0,0,0,0,0,0,False
3,235,0,0,0,0,0,0,0,0,0,0,0,0,0,0,0.0,0.0,0.0,0.0,0,0,0,0,0,False
3,236,90,1,0,0,0,2,0,0,0,0,0,0,0,20,24.0,30.0,33.0,8.7,2,5,4,11,2,False
3,237,86,1,0,0,1,0,0,0,0,0,0,0,0,12,7.0,17.9,10.0,3.5,1,2,2,5,3,False
3,238,24,0,0,0,0,1,0,0,0,0,0,0,0,8,6.0,12.3,10.0,2.8,0,0,1,1,1,False
3,239,76,1,0,0,0,1,0,0,0,0,0,0,0,19,9.6,31.1,0.0,4.1,2,5,1,8,2,False
3,240,0,0,0,0,0,0,0,0,0,0,0,0,0,0,0.0,0.0,0.0,0.0,0,0,0,0,0,False
3,241,0,0,0,0,0,0,0,0,0,0,0,0,0,0,0.0,0.0,0.0,0.0,0,0,0,0,0,False
3,242,90,1,1,0,0,2,0,0,0,0,0,0,3,35,44.2,34.4,25.0,10.4,1,3,0,4,10,False
3,243,0,0,0,0,0,0,0,0,0,0,0,0,0,0,0.0,0.0,0.0,0.0,0,0,0,0,0,False
3,244,90,1,0,0,0,2,0,0,0,1,0,0,0,5,5.2,6.7,9.0,2.1,3,1,1,5,1,False
3,245,0,0,0,0,0,0,0,0,0,0,0,0,0,0,0.0,0.0,0.0,0.0,0,0,0,0,0,False
3,246,74,1,0,0,0,1,0,0,0,1,0,0,0,10,4.4,16.8,0.0,2.1,2,4,0,6,1,False
3,247,15,0,0,1,0,1,0,0,0,0,0,0,0,14,20.6,25.5,10.0,5.6,0,0,1,1,4,False
3,248,0,0,0,0,0,0,0,0,0,0,0,0,0,0,0.0,0.0,0.0,0.0,0,0,0,0,0,False
3,249,90,1,0,0,0,2,0,0,0,0,0,0,0,7,0.2,15.0,24.0,3.9,0,4,0,4,2,False
3,250,90,1,0,0,0,3,0,0,0,0,0,2,0,8,18.8,0.0,0.0,1.9,0,8,0,0,1,False
3,251,0,0,0,0,0,0,0,0,0,0,0,0,0,0,0.0,0.0,0.0,0.0,0,0,0,0,0,False
3,252,0,0,0,0,0,0,0,0,0,0,0,0,0,0,0.0,0.0,0.0,0.0,0,0,0,0,0,False
3,253,90,1,0,0,0,3,0,0,0,0,0,0,0,8,24.4,22.9,6.0,5.3,5,7,2,7,1,False
3,254,78,1,0,0,0,3,0,0,0,0,0,0,0,7,14.6,24.8,9.0,4.8,3,5,2,5,1,False
3,255,0,0,0,0,0,0,0,0,0,0,0,0,0,0,0.0,0.0,0.0,0.0,0,0,0,0,0,False
3,256,0,0,0,0,0,0,0,0,0,0,0,0,0,0,0.0,0.0,0.0,0.0,0,0,0,0,0,False
3,257,90,1,0,0,0,3,0,0,0,0,0,0,0,2,13.8,6.4,0.0,2.0,1,2,1,2,1,False
3,258,90,1,0,0,0,3,0,0,0,0,0,0,0,-1,20.6,24.1,30.0,7.5,5,5,2,7,1,False
3,259,90,1,0,0,0,2,0,0,0,0,0,0,0,10,27.2,10.8,0.0,3.8,9,2,2,11,3,False
3,260,17,0,0,0,0,0,0,0,0,1,0,0,0,0,1.4,20.3,2.0,2.4,0,1,0,1,0,False
3,261,82,1,0,0,0,3,0,0,0,0,0,0,0,15,7.6,23.7,11.0,4.2,0,3,1,4,2,False
3,262,11,0,0,0,0,0,0,0,0,0,0,0,0,3,0.2,0.5,2.0,0.3,0,0,0,0,1,False
3,263,0,0,0,0,0,0,0,0,0,0,0,0,0,0,0.0,0.0,0.0,0.0,0,0,0,0,0,False
3,264,78,1,0,0,0,3,0,0,0,0,0,0,0,17,11.2,58.8,53.0,12.3,0,4,0,4,2,False
3,265,29,0,0,0,0,1,0,0,0,0,0,0,0,9,3.2,2.9,0.0,0.6,0,2,0,2,1,False
3,266,0,0,0,0,0,0,0,0,0,0,0,0,0,0,0.0,0.0,0.0,0.0,0,0,0,0,0,False
3,267,90,1,0,0,0,2,0,0,0,0,0,0,0,13,10.4,14.2,0.0,2.5,1,2,1,4,2,False
3,268,90,1,1,0,0,3,0,0,0,0,0,0,3,38,44.6,26.0,34.0,10.5,1,5,1,7,10,False
3,269,11,0,0,0,0,0,0,0,0,0,0,0,0,3,2.0,14.8,4.0,2.1,1,1,0,1,1,False
3,270,0,0,0,0,0,0,0,0,0,0,0,0,0,0,0.0,0.0,0.0,0.0,0,0,0,0,0,False
3,271,7,0,0,0,0,0,0,0,0,0,0,0,0,5,3.2,10.1,27.0,4.0,0,0,0,0,1,False
3,272,0,0,0,0,0,0,0,0,0,0,0,0,0,0,0.0,0.0,0.0,0.0,0,0,0,0,0,False
3,273,0,0,0,0,0,0,0,0,0,0,0,0,0,0,0.0,0.0,0.0,0.0,0,0,0,0,0,False
3,274,0,0,0,0,0,0,0,0,0,0,0,0,0,0,0.0,0.0,0.0,0.0,0,0,0,0,0,False
3,275,0,0,0,0,0,0,0,0,0,0,0,0,0,0,0.0,0.0,0.0,0.0,0,0,0,0,0,False
3,276,0,0,0,0,0,0,0,0,0,0,0,0,0,0,0.0,0.0,0.0,0.0,0,0,0,0,0,False
3,277,90,1,0,0,1,0,0,0,0,0,0,0,0,18,15.4,0.1,0.0,1.6,4,1,3,7,6,False
3,278,0,0,0,0,0,0,0,0,0,0,0,0,0,0,0.0,0.0,0.0,0.0,0,0,0,0,0,False
3,279,90,1,0,0,1,0,0,0,0,1,0,0,0,17,11.0,0.7,0.0,1.2,5,1,1,6,5,False
3,280,63,1,0,0,1,0,0,0,0,0,0,0,0,19,1.4,4.6,0.0,0.6,0,0,0,0,6,False
3,281,0,0,0,0,0,0,0,0,0,0,0,0,0,0,0.0,0.0,0.0,0.0,0,0,0,0,0,False
3,282,90,1,0,0,1,0,0,0,0,0,0,0,2,30,14.8,26.4,0.0,4.1,3,5,1,4,8,False
3,283,0,0,0,0,0,0,0,0,0,0,0,0,0,0,0.0,0.0,0.0,0.0,0,0,0,0,0,False
3,284,0,0,0,0,0,0,0,0,0,0,0,0,0,0,0.0,0.0,0.0,0.0,0,0,0,0,0,False
3,285,0,0,0,0,0,0,0,0,0,0,0,0,0,0,0.0,0.0,0.0,0.0,0,0,0,0,0,False
3,286,81,1,0,0,1,0,0,0,0,0,0,0,0,15,22.8,12.4,10.0,4.5,8,1,3,12,5,False
3,287,0,0,0,0,0,0,0,0,0,0,0,0,0,0,0.0,0.0,0.0,0.0,0,0,0,0,0,False
3,288,0,0,0,0,0,0,0,0,0,0,0,0,0,0,0.0,0.0,0.0,0.0,0,0,0,0,0,False
3,289,0,0,0,0,0,0,0,0,0,0,0,0,0,0,0.0,0.0,0.0,0.0,0,0,0,0,0,False
3,290,90,1,0,0,1,0,0,0,0,0,0,0,0,10,10.6,12.3,8.0,3.1,3,2,1,6,3,False
3,291,0,0,0,0,0,0,0,0,0,0,0,0,0,0,0.0,0.0,0.0,0.0,0,0,0,0,0,False
3,292,0,0,0,0,0,0,0,0,0,0,0,0,0,0,0.0,0.0,0.0,0.0,0,0,0,0,0,False
3,293,0,0,0,0,0,0,0,0,0,0,0,0,0,0,0.0,0.0,0.0,0.0,0,0,0,0,0,False
3,294,0,0,0,0,0,0,0,0,0,0,0,0,0,0,0.0,0.0,0.0,0.0,0,0,0,0,0,False
3,295,90,1,0,0,1,0,0,0,0,0,0,0,0,2,2.6,11.3,15.0,2.9,1,0,2,3,2,False
3,296,0,0,0,0,0,0,0,0,0,0,0,0,0,0,0.0,0.0,0.0,0.0,0,0,0,0,0,False
3,297,0,0,0,0,0,0,0,0,0,0,0,0,0,0,0.0,0.0,0.0,0.0,0,0,0,0,0,False
3,298,0,0,0,0,0,0,0,0,0,0,0,0,0,0,0.0,0.0,0.0,0.0,0,0,0,0,0,False
3,299,0,0,0,0,0,0,0,0,0,0,0,0,0,0,0.0,0.0,0.0,0.0,0,0,0,0,0,False
3,300,0,0,0,0,0,0,0,0,0,0,0,0,0,0,0.0,0.0,0.0,0.0,0,0,0,0,0,False
3,301,0,0,0,0,0,0,0,0,0,0,0,0,0,0,0.0,0.0,0.0,0.0,0,0,0,0,0,False
3,302,0,0,0,0,0,0,0,0,0,0,0,0,0,0,0.0,0.0,0.0,0.0,0,0,0,0,0,False
3,303,0,0,0,0,0,0,0,0,0,0,0,0,0,0,0.0,0.0,0.0,0.0,0,0,0,0,0,False
3,304,90,1,0,0,0,2,0,0,0,0,0,0,0,5,23.8,4.4,4.0,3.2,8,3,3,11,3,False
3,305,90,1,0,0,0,2,0,0,0,0,0,0,0,4,17.4,21.5,19.0,5.8,4,3,2,6,1,False
3,306,90,1,0,0,0,2,0,0,0,0,0,0,0,6,15.0,12.3,4.0,3.1,6,3,1,7,1,False
3,307,0,0,0,0,0,0,0,0,0,0,0,0,0,0,0.0,0.0,0.0,0.0,0,0,0,0,0,False
3,308,0,0,0,0,0,0,0,0,0,0,0,0,0,0,0.0,0.0,0.0,0.0,0,0,0,0,0,False
3,309,0,0,0,0,0,0,0,0,0,0,0,0,0,0,0.0,0.0,0.0,0.0,0,0,0,0,0,False
3,310,0,0,0,0,0,0,0,0,0,0,0,0,0,0,0.0,0.0,0.0,0.0,0,0,0,0,0,False
3,311,0,0,0,0,0,0,0,0,0,0,0,0,0,0,0.0,0.0,0.0,0.0,0,0,0,0,0,False
3,312,0,0,0,0,0,0,0,0,0,0,0,0,0,0,0.0,0.0,0.0,0.0,0,0,0,0,0,False
3,313,24,0,0,0,0,0,0,0,0,0,0,0,0,3,3.4,11.7,4.0,1.9,1,1,0,2,1,False
3,314,0,0,0,0,0,0,0,0,0,0,0,0,0,0,0.0,0.0,0.0,0.0,0,0,0,0,0,False
3,315,78,1,0,0,0,2,0,0,0,0,0,0,0,14,10.2,32.9,4.0,4.7,2,2,2,6,2,False
3,316,65,1,0,0,0,2,0,0,0,0,0,0,0,8,3.2,0.0,8.0,1.1,1,1,1,3,2,False
3,317,0,0,0,0,0,0,0,0,0,0,0,0,0,0,0.0,0.0,0.0,0.0,0,0,0,0,0,False
3,318,0,0,0,0,0,0,0,0,0,0,0,0,0,0,0.0,0.0,0.0,0.0,0,0,0,0,0,False
3,319,0,0,0,0,0,0,0,0,0,0,0,0,0,0,0.0,0.0,0.0,0.0,0,0,0,0,0,False
3,320,0,0,0,0,0,0,0,0,0,0,0,0,0,0,0.0,0.0,0.0,0.0,0,0,0,0,0,False
3,321,0,0,0,0,0,0,0,0,0,0,0,0,0,0,0.0,0.0,0.0,0.0,0,0,0,0,0,False
3,322,0,0,0,0,0,0,0,0,0,0,0,0,0,0,0.0,0.0,0.0,0.0,0,0,0,0,0,False
3,323,11,0,0,0,0,0,0,0,0,0,0,0,0,5,3.2,0.5,7.0,1.1,0,1,0,1,1,False
3,324,0,0,0,0,0,0,0,0,0,0,0,0,0,0,0.0,0.0,0.0,0.0,0,0,0,0,0,False
3,325,0,0,0,0,0,0,0,0,0,0,0,0,0,0,0.0,0.0,0.0,0.0,0,0,0,0,0,False
3,326,0,0,0,0,0,0,0,0,0,0,0,0,0,0,0.0,0.0,0.0,0.0,0,0,0,0,0,False
3,327,29,0,0,0,0,1,0,0,0,0,0,0,0,1,6.2,0.0,0.0,0.6,2,0,2,4,1,False
3,328,1,0,0,0,0,0,0,0,0,0,0,0,0,3,0.2,0.1,0.0,0.0,0,0,0,0,1,False
3,329,0,0,0,0,0,0,0,0,0,0,0,0,0,0,0.0,0.0,0.0,0.0,0,0,0,0,0,False
3,330,60,1,1,0,1,0,0,0,0,1,0,0,3,30,35.4,1.7,33.0,7.0,2,0,0,2,14,True
3,331,90,1,0,0,0,1,0,0,0,0,0,0,0,9,12.6,1.2,2.0,1.6,2,9,3,5,2,False
3,332,90,1,0,0,0,1,0,0,0,0,0,0,0,9,16.8,1.5,21.0,3.9,7,4,3,10,4,False
3,333,0,0,0,0,0,0,0,0,0,0,0,0,0,0,0.0,0.0,0.0,0.0,0,0,0,0,0,False
3,334,90,1,0,0,0,1,0,0,0,0,0,0,0,10,29.2,0.8,2.0,3.2,12,2,1,13,4,False
3,335,90,1,0,0,0,1,0,0,0,0,0,0,0,7,15.4,16.5,19.0,5.1,2,2,2,6,2,False
3,336,61,1,0,0,1,0,0,0,0,0,0,0,0,9,1.4,0.6,2.0,0.4,0,0,0,0,3,False
3,337,28,0,0,0,0,1,0,0,0,0,0,0,0,5,0.0,1.0,0.0,0.1,0,0,0,0,1,False
3,338,90,1,0,0,0,1,0,0,0,0,0,0,0,13,23.6,1.3,0.0,2.5,6,1,4,11,2,False
3,339,0,0,0,0,0,0,0,0,0,0,0,0,0,0,0.0,0.0,0.0,0.0,0,0,0,0,0,False
3,340,0,0,0,0,0,0,0,0,0,0,0,0,0,0,0.0,0.0,0.0,0.0,0,0,0,0,0,False
3,341,0,0,0,0,0,0,0,0,0,0,0,0,0,0,0.0,0.0,0.0,0.0,0,0,0,0,0,False
3,342,0,0,0,0,0,0,0,0,0,0,0,0,0,0,0.0,0.0,0.0,0.0,0,0,0,0,0,False
3,343,0,0,0,0,0,0,0,0,0,0,0,0,0,0,0.0,0.0,0.0,0.0,0,0,0,0,0,False
3,344,0,0,0,0,0,0,0,0,0,0,0,0,0,0,0.0,0.0,0.0,0.0,0,0,0,0,0,False
3,345,72,1,0,1,0,1,0,0,0,0,0,0,0,18,20.8,12.2,13.0,4.6,3,3,2,8,5,False
3,346,72,1,0,0,0,1,0,0,0,1,0,0,0,0,4.4,11.3,21.0,3.7,1,2,0,3,1,False
3,347,17,0,0,0,0,0,0,0,0,0,0,0,0,2,0.0,1.8,9.0,0.9,0,0,0,0,1,False
3,348,0,0,0,0,0,0,0,0,0,0,0,0,0,0,0.0,0.0,0.0,0.0,0,0,0,0,0,False
3,349,0,0,0,0,0,0,0,0,0,0,0,0,0,0,0.0,0.0,0.0,0.0,0,0,0,0,0,False
3,350,90,1,0,0,1,0,0,0,0,0,0,5,1,35,30.4,0.0,0.0,3.0,2,14,0,0,8,False
3,351,0,0,0,0,0,0,0,0,0,0,0,0,0,0,0.0,0.0,0.0,0.0,0,0,0,0,0,False
3,352,0,0,0,0,0,0,0,0,0,0,0,0,0,0,0.0,0.0,0.0,0.0,0,0,0,0,0,False
3,353,0,0,0,0,0,0,0,0,0,0,0,0,0,0,0.0,0.0,0.0,0.0,0,0,0,0,0,False
3,354,0,0,0,0,0,0,0,0,0,0,0,0,0,0,0.0,0.0,0.0,0.0,0,0,0,0,0,False
3,355,0,0,0,0,0,0,0,0,0,0,0,0,0,0,0.0,0.0,0.0,0.0,0,0,0,0,0,False
3,356,90,1,0,0,1,0,0,0,0,0,0,0,0,32,23.2,1.8,0.0,2.5,4,4,3,7,6,False
3,357,0,0,0,0,0,0,0,0,0,0,0,0,0,0,0.0,0.0,0.0,0.0,0,0,0,0,0,False
3,358,90,1,0,0,1,0,0,0,0,1,0,0,0,23,13.8,11.3,0.0,2.5,3,1,2,5,5,False
3,359,0,0,0,0,0,0,0,0,0,0,0,0,0,0,0.0,0.0,0.0,0.0,0,0,0,0,0,False
3,360,0,0,0,0,0,0,0,0,0,0,0,0,0,0,0.0,0.0,0.0,0.0,0,0,0,0,0,False
3,361,0,0,0,0,0,0,0,0,0,0,0,0,0,0,0.0,0.0,0.0,0.0,0,0,0,0,0,False
3,362,90,1,0,0,1,0,0,0,0,1,0,0,0,28,22.8,12.5,2.0,3.7,6,3,3,9,5,False
3,363,0,0,0,0,0,0,0,0,0,0,0,0,0,0,0.0,0.0,0.0,0.0,0,0,0,0,0,False
3,364,0,0,0,0,0,0,0,0,0,0,0,0,0,0,0.0,0.0,0.0,0.0,0,0,0,0,0,False
3,365,0,0,0,0,0,0,0,0,0,0,0,0,0,0,0.0,0.0,0.0,0.0,0,0,0,0,0,False
3,366,90,1,0,0,1,0,0,0,0,0,0,0,0,14,6.6,34.0,22.0,6.3,0,4,0,4,3,False
3,367,90,1,0,2,1,0,0,0,0,0,0,0,2,43,49.6,42.7,13.0,10.5,2,5,3,10,11,True
3,368,90,1,0,0,1,0,0,0,0,0,0,0,0,20,19.4,29.9,21.0,7.0,3,6,0,9,3,False
3,369,0,0,0,0,0,0,0,0,0,0,0,0,0,0,0.0,0.0,0.0,0.0,0,0,0,0,0,False
3,370,0,0,0,0,0,0,0,0,0,0,0,0,0,0,0.0,0.0,0.0,0.0,0,0,0,0,0,False
3,371,26,0,0,0,0,0,0,0,0,0,0,0,0,2,2.2,1.7,0.0,0.4,1,1,0,2,1,False
3,372,83,1,0,0,1,0,0,0,0,1,0,0,0,14,16.6,12.8,18.0,4.7,3,5,3,11,2,False
3,373,0,0,0,0,0,0,0,0,0,0,0,0,0,0,0.0,0.0,0.0,0.0,0,0,0,0,0,False
3,374,0,0,0,0,0,0,0,0,0,0,0,0,0,0,0.0,0.0,0.0,0.0,0,0,0,0,0,False
3,375,6,0,0,0,0,0,0,0,0,0,0,0,0,3,0.2,0.1,0.0,0.0,0,0,0,0,1,False
3,376,0,0,0,0,0,0,0,0,0,0,0,0,0,0,0.0,0.0,0.0,0.0,0,0,0,0,0,False
3,377,63,1,0,0,1,0,0,0,0,0,0,0,0,9,0.8,4.3,6.0,1.1,0,4,0,4,3,False
3,378,0,0,0,0,0,0,0,0,0,0,0,0,0,0,0.0,0.0,0.0,0.0,0,0,0,0,0,False
3,379,63,1,2,0,1,0,0,0,0,0,0,0,3,61,67.0,6.4,34.0,10.7,1,2,0,3,13,True
3,380,0,0,0,0,0,0,0,0,0,0,0,0,0,0,0.0,0.0,0.0,0.0,0,0,0,0,0,False
3,381,1,0,0,0,0,0,0,0,0,0,0,0,0,3,0.0,0.0,0.0,0.0,0,0,0,0,1,False
3,382,0,0,0,0,0,0,0,0,0,0,0,0,0,0,0.0,0.0,0.0,0.0,0,0,0,0,0,False
3,383,0,0,0,0,0,0,0,0,0,0,0,0,0,0,0.0,0.0,0.0,0.0,0,0,0,0,0,False
3,384,90,1,0,0,1,0,0,0,0,0,0,3,0,29,26.8,0.0,0.0,2.7,1,2,0,0,7,False
3,385,90,1,0,0,0,1,0,0,0,0,0,4,0,18,34.8,0.0,0.0,3.5,2,11,0,0,3,False
3,386,0,0,0,0,0,0,0,0,0,0,0,0,0,0,0.0,0.0,0.0,0.0,0,0,0,0,0,False
3,387,0,0,0,0,0,0,0,0,0,0,0,0,0,0,0.0,0.0,0.0,0.0,0,0,0,0,0,False
3,388,90,1,0,0,1,0,0,0,0,0,0,0,2,31,28.8,9.6,2.0,4.0,9,6,0,9,8,False
3,389,0,0,0,0,0,0,0,0,0,0,0,0,0,0,0.0,0.0,0.0,0.0,0,0,0,0,0,False
3,390,90,1,0,0,1,0,0,0,0,0,0,0,0,25,20.6,6.6,0.0,2.7,3,0,0,3,6,False
3,391,90,1,0,0,1,0,0,0,0,0,0,0,2,31,18.8,6.9,7.0,3.3,4,7,4,8,8,False
3,392,0,0,0,0,0,0,0,0,0,0,0,0,0,0,0.0,0.0,0.0,0.0,0,0,0,0,0,False
3,393,90,1,0,0,1,0,0,0,0,1,0,0,0,22,13.6,3.9,0.0,1.8,4,4,2,6,5,False
3,394,0,0,0,0,0,0,0,0,0,0,0,0,0,0,0.0,0.0,0.0,0.0,0,0,0,0,0,False
3,395,0,0,0,0,0,0,0,0,0,0,0,0,0,0,0.0,0.0,0.0,0.0,0,0,0,0,0,False
3,396,0,0,0,0,0,0,0,0,0,0,0,0,0,0,0.0,0.0,0.0,0.0,0,0,0,0,0,False
3,397,90,1,0,1,1,0,0,0,0,0,0,0,0,26,22.6,45.9,11.0,8.0,0,3,1,4,6,False
3,398,24,0,0,0,0,0,0,0,0,0,0,0,0,3,4.4,14.8,7.0,2.6,0,1,0,1,1,False
3,399,65,1,0,0,1,0,0,0,0,0,0,0,0,23,7.4,52.2,24.0,8.4,0,3,0,3,3,False
3,400,0,0,0,0,0,0,0,0,0,0,0,0,0,0,0.0,0.0,0.0,0.0,0,0,0,0,0,False
3,401,83,1,0,0,1,0,0,0,0,0,0,0,0,6,0.0,2.4,10.0,1.0,0,0,0,0,2,False
3,402,0,0,0,0,0,0,0,0,0,0,0,0,0,0,0.0,0.0,0.0,0.0,0,0,0,0,0,False
3,403,60,1,0,0,1,0,0,0,0,0,0,0,0,15,6.2,17.3,15.0,3.9,0,0,0,0,3,False
3,404,0,0,0,0,0,0,0,0,0,0,0,0,0,0,0.0,0.0,0.0,0.0,0,0,0,0,0,False
3,405,76,1,0,0,0,2,0,0,0,0,0,0,0,11,6.2,12.4,2.0,2.1,1,6,0,7,2,False
3,406,0,0,0,0,0,0,0,0,0,0,0,0,0,0,0.0,0.0,0.0,0.0,0,0,0,0,0,False
3,407,0,0,0,0,0,0,0,0,0,0,0,0,0,0,0.0,0.0,0.0,0.0,0,0,0,0,0,False
3,408,0,0,0,0,0,0,0,0,0,0,0,0,0,0,0.0,0.0,0.0,0.0,0,0,0,0,0,False
3,409,0,0,0,0,0,0,0,0,0,0,0,0,0,0,0.0,0.0,0.0,0.0,0,0,0,0,0,False
3,410,0,0,0,0,0,0,0,0,0,0,0,0,0,0,0.0,0.0,0.0,0.0,0,0,0,0,0,False
3,411,90,1,1,0,1,0,0,0,0,0,0,0,3,40,48.8,13.6,63.0,12.5,5,2,0,7,9,True
3,412,90,1,0,0,0,2,0,0,0,0,0,4,0,13,31.8,0.0,0.0,3.2,1,14,0,0,2,False
3,413,0,0,0,0,0,0,0,0,0,0,0,0,0,0,0.0,0.0,0.0,0.0,0,0,0,0,0,False
3,414,0,0,0,0,0,0,0,0,0,0,0,0,0,0,0.0,0.0,0.0,0.0,0,0,0,0,0,False
3,415,20,0,0,0,0,2,0,0,0,0,0,0,0,3,4.2,1.3,2.0,0.8,1,1,1,3,1,False
3,416,0,0,0,0,0,0,0,0,0,0,0,0,0,0,0.0,0.0,0.0,0.0,0,0,0,0,0,False
3,417,83,1,0,0,0,1,0,0,0,1,0,0,0,8,4.8,22.7,6.0,3.4,2,3,2,4,1,False
3,418,90,1,0,0,0,2,0,0,0,1,0,0,0,1,26.8,1.3,2.0,3.0,12,2,0,12,2,False
3,419,90,1,0,0,0,2,0,0,0,0,0,0,0,7,29.0,0.3,0.0,2.9,10,2,0,10,3,False
3,420,6,0,0,0,0,1,0,0,0,0,0,0,0,1,6.0,0.6,2.0,0.9,1,0,2,3,1,False
3,421,0,0,0,0,0,0,0,0,0,0,0,0,0,0,0.0,0.0,0.0,0.0,0,0,0,0,0,False
3,422,1,0,0,0,0,1,0,0,0,0,0,0,0,-1,2.2,0.5,2.0,0.5,0,0,1,1,1,False
3,423,90,1,0,1,0,1,0,0,0,1,0,0,0,22,42.4,24.8,3.0,7.0,7,1,1,8,4,False
3,424,0,0,0,0,0,0,0,0,0,0,0,0,0,0,0.0,0.0,0.0,0.0,0,0,0,0,0,False
3,425,0,0,0,0,0,0,0,0,0,0,0,0,0,0,0.0,0.0,0.0,0.0,0,0,0,0,0,False
3,426,90,1,0,0,0,2,0,0,0,0,0,0,0,11,3.4,33.6,14.0,5.1,0,2,0,2,2,False
3,427,90,1,1,0,0,2,0,0,0,0,0,0,1,29,39.8,13.7,18.0,7.2,4,4,0,8,8,False
3,428,69,1,0,0,1,0,0,0,0,0,0,0,0,10,2.8,6.2,10.0,1.9,0,1,2,3,3,False
3,429,69,1,0,0,1,0,0,0,0,0,0,0,0,11,3.8,12.5,8.0,2.4,0,4,0,4,3,False
3,430,0,0,0,0,0,0,0,0,0,0,0,0,0,0,0.0,0.0,0.0,0.0,0,0,0,0,0,False
3,431,0,0,0,0,0,0,0,0,0,0,0,0,0,0,0.0,0.0,0.0,0.0,0,0,0,0,0,False
3,432,83,1,0,1,0,1,0,0,0,0,0,0,2,32,34.2,24.5,0.0,5.9,3,10,2,15,9,False
3,433,0,0,0,0,0,0,0,0,0,0,0,0,0,0,0.0,0.0,0.0,0.0,0,0,0,0,0,False
3,434,0,0,0,0,0,0,0,0,0,0,0,0,0,0,0.0,0.0,0.0,0.0,0,0,0,0,0,False
3,435,0,0,0,0,0,0,0,0,0,0,0,0,0,0,0.0,0.0,0.0,0.0,0,0,0,0,0,False
3,436,0,0,0,0,0,0,0,0,0,0,0,0,0,0,0.0,0.0,0.0,0.0,0,0,0,0,0,False
3,437,0,0,0,0,0,0,0,0,0,0,0,0,0,0,0.0,0.0,0.0,0.0,0,0,0,0,0,False
3,438,0,0,0,0,0,0,0,0,0,0,0,0,0,0,0.0,0.0,0.0,0.0,0,0,0,0,0,False
3,439,20,0,1,0,0,2,0,0,0,0,0,0,0,28,31.2,0.2,21.0,5.2,0,0,0,0,5,False
3,440,0,0,0,0,0,0,0,0,0,0,0,0,0,0,0.0,0.0,0.0,0.0,0,0,0,0,0,False
3,441,0,0,0,0,0,0,0,0,0,0,0,0,0,0,0.0,0.0,0.0,0.0,0,0,0,0,0,False
3,442,0,0,0,0,0,0,0,0,0,0,0,0,0,0,0.0,0.0,0.0,0.0,0,0,0,0,0,False
3,443,0,0,0,0,0,0,0,0,0,0,0,0,0,0,0.0,0.0,0.0,0.0,0,0,0,0,0,False
3,444,0,0,0,0,0,0,0,0,0,0,0,0,0,0,0.0,0.0,0.0,0.0,0,0,0,0,0,False
3,445,90,1,0,0,0,2,1,0,0,0,0,0,0,0,7.6,12.3,2.0,2.2,3,3,0,3,-1,False
3,446,0,0,0,0,0,0,0,0,0,0,0,0,0,0,0.0,0.0,0.0,0.0,0,0,0,0,0,False
3,447,90,1,0,0,0,2,0,0,0,0,0,0,0,3,26.0,0.9,4.0,3.1,8,3,1,9,1,False
3,448,0,0,0,0,0,0,0,0,0,0,0,0,0,0,0.0,0.0,0.0,0.0,0,0,0,0,0,False
3,449,89,1,0,1,0,2,0,0,0,0,0,0,0,20,28.0,13.4,3.0,4.4,5,13,1,6,4,False
3,450,1,0,0,0,0,0,0,0,0,0,0,0,0,3,0.2,0.0,0.0,0.0,0,0,0,0,1,False
3,451,0,0,0,0,0,0,0,0,0,0,0,0,0,0,0.0,0.0,0.0,0.0,0,0,0,0,0,False
3,452,0,0,0,0,0,0,0,0,0,0,0,0,0,0,0.0,0.0,0.0,0.0,0,0,0,0,0,False
3,453,90,1,1,1,0,2,0,0,0,0,0,0,2,37,33.0,2.8,23.0,5.9,2,4,0,6,12,True
3,454,76,1,0,0,0,2,0,0,0,1,0,0,0,8,8.4,31.8,4.0,4.4,1,1,2,4,1,False
3,455,90,1,0,0,1,0,0,0,0,0,0,0,0,22,22.8,8.0,0.0,3.1,4,4,4,12,5,False
3,456,27,0,1,0,0,0,0,0,0,0,0,0,0,22,32.4,0.8,17.0,5.0,0,4,0,4,6,False
3,457,13,0,0,0,0,0,0,0,0,0,0,0,0,5,0.2,0.3,0.0,0.1,0,1,0,1,1,False
3,458,0,0,0,0,0,0,0,0,0,0,0,0,0,0,0.0,0.0,0.0,0.0,0,0,0,0,0,False
3,459,62,1,0,0,0,2,0,0,0,0,0,0,0,11,3.2,1.1,2.0,0.6,1,3,0,4,2,False
3,460,62,1,0,0,0,2,0,0,0,0,0,0,0,6,6.0,2.2,11.0,1.9,1,1,1,3,2,False
3,461,0,0,0,0,0,0,0,0,0,0,0,0,0,0,0.0,0.0,0.0,0.0,0,0,0,0,0,False
3,462,13,0,0,0,0,0,0,0,0,0,0,0,0,3,2.0,0.5,0.0,0.3,1,1,0,2,1,False
3,463,0,0,0,0,0,0,0,0,0,0,0,0,0,0,0.0,0.0,0.0,0.0,0,0,0,0,0,False
3,464,90,1,0,0,0,2,0,0,0,1,0,0,0,7,0.0,7.3,0.0,0.7,0,3,0,3,1,False
3,465,0,0,0,0,0,0,0,0,0,0,0,0,0,0,0.0,0.0,0.0,0.0,0,0,0,0,0,False
3,466,0,0,0,0,0,0,0,0,0,0,0,0,0,0,0.0,0.0,0.0,0.0,0,0,0,0,0,False
3,467,90,1,0,0,1,0,0,0,0,0,0,0,0,21,2.4,0.0,0.0,0.2,1,11,0,0,6,False
3,468,0,0,0,0,0,0,0,0,0,0,0,0,0,0,0.0,0.0,0.0,0.0,0,0,0,0,0,False
3,469,90,1,0,0,1,0,0,0,0,0,0,0,1,28,11.4,10.9,4.0,2.6,3,8,3,6,7,False
3,470,0,0,0,0,0,0,0,0,0,0,0,0,0,0,0.0,0.0,0.0,0.0,0,0,0,0,0,False
3,471,90,1,0,0,1,0,0,0,0,1,0,0,0,27,28.6,0.8,2.0,3.1,9,3,2,11,7,False
3,472,89,1,0,0,1,0,0,0,0,0,0,0,0,25,17.8,1.2,10.0,2.9,6,4,4,10,8,False
3,473,58,1,0,0,0,0,0,0,0,0,0,0,0,8,13.0,0.5,0.0,1.4,2,4,5,7,1,False
3,474,90,1,0,0,1,0,0,0,0,0,0,0,0,24,20.0,0.7,1.0,2.2,10,2,2,12,8,False
3,475,0,0,0,0,0,0,0,0,0,0,0,0,0,0,0.0,0.0,0.0,0.0,0,0,0,0,0,False
3,476,0,0,0,0,0,0,0,0,0,0,0,0,0,0,0.0,0.0,0.0,0.0,0,0,0,0,0,False
3,477,0,0,0,0,0,0,0,0,0,0,0,0,0,0,0.0,0.0,0.0,0.0,0,0,0,0,0,False
3,478,0,0,0,0,0,0,0,0,0,0,0,0,0,0,0.0,0.0,0.0,0.0,0,0,0,0,0,False
3,479,0,0,0,0,0,0,0,0,0,0,0,0,0,0,0.0,0.0,0.0,0.0,0,0,0,0,0,False
3,480,90,1,0,0,1,0,0,0,0,0,0,0,0,3,5.6,3.0,13.0,2.2,0,5,2,7,3,False
3,481,90,1,0,0,1,0,0,0,0,0,0,0,0,23,26.6,28.1,5.0,6.0,4,6,1,11,3,False
3,482,0,0,0,0,0,0,0,0,0,0,0,0,0,0,0.0,0.0,0.0,0.0,0,0,0,0,0,False
3,483,58,1,0,0,0,0,0,0,0,0,0,0,0,5,0.4,0.3,0.0,0.1,0,4,1,5,1,False
3,484,0,0,0,0,0,0,0,0,0,0,0,0,0,0,0.0,0.0,0.0,0.0,0,0,0,0,0,False
3,485,0,0,0,0,0,0,0,0,0,0,0,0,0,0,0.0,0.0,0.0,0.0,0,0,0,0,0,False
3,486,90,1,0,0,1,0,0,0,0,1,0,0,0,22,14.2,59.5,10.0,8.4,0,4,3,7,2,False
3,487,0,0,0,0,0,0,0,0,0,0,0,0,0,0,0.0,0.0,0.0,0.0,0,0,0,0,0,False
3,488,0,0,0,0,0,0,0,0,0,0,0,0,0,0,0.0,0.0,0.0,0.0,0,0,0,0,0,False
3,489,0,0,0,0,0,0,0,0,0,0,0,0,0,0,0.0,0.0,0.0,0.0,0,0,0,0,0,False
3,490,16,0,0,0,0,0,0,0,0,0,0,0,0,3,0.2,0.1,0.0,0.0,0,0,0,0,1,False
3,491,31,0,0,0,0,0,0,0,0,0,0,0,0,3,1.2,0.4,0.0,0.2,0,0,1,1,1,False
3,492,70,1,0,0,0,1,0,0,0,0,0,0,0,6,3.6,10.3,3.0,1.7,2,3,0,5,2,False
3,493,0,0,0,0,0,0,0,0,0,0,0,0,0,0,0.0,0.0,0.0,0.0,0,0,0,0,0,False
3,494,0,0,0,0,0,0,0,0,0,0,0,0,0,0,0.0,0.0,0.0,0.0,0,0,0,0,0,False
3,495,0,0,0,0,0,0,0,0,0,0,0,0,0,0,0.0,0.0,0.0,0.0,0,0,0,0,0,False
3,496,90,1,0,0,1,0,0,0,0,0,0,1,0,24,10.4,10.0,0.0,2.0,2,8,0,0,6,False
3,497,0,0,0,0,0,0,0,0,0,0,0,0,0,0,0.0,0.0,0.0,0.0,0,0,0,0,0,False
3,498,0,0,0,0,0,0,0,0,0,0,0,0,0,0,0.0,0.0,0.0,0.0,0,0,0,0,0,False
3,499,90,1,0,0,1,0,0,0,0,0,0,0,1,28,13.2,35.8,6.0,5.5,3,3,1,4,7,False
3,500,0,0,0,0,0,0,0,0,0,0,0,0,0,0,0.0,0.0,0.0,0.0,0,0,0,0,0,False
3,501,90,1,0,0,0,1,0,0,0,0,0,0,0,9,20.8,10.9,0.0,3.2,7,3,1,8,2,False
3,502,29,0,0,0,0,0,0,0,0,0,0,0,0,3,6.0,0.3,0.0,0.6,1,1,0,1,1,False
3,503,90,1,0,0,1,0,0,0,0,0,0,0,3,30,21.4,1.2,14.0,3.7,6,4,3,9,9,False
3,504,90,1,1,0,0,1,0,0,0,0,0,0,2,27,56.2,1.8,40.0,9.8,8,4,2,10,12,True
3,505,0,0,0,0,0,0,0,0,0,0,0,0,0,0,0.0,0.0,0.0,0.0,0,0,0,0,0,False
3,506,60,1,0,0,1,0,0,0,0,1,0,0,0,16,4.6,1.3,2.0,0.8,3,1,0,3,5,False
3,507,0,0,0,0,0,0,0,0,0,0,0,0,0,0,0.0,0.0,0.0,0.0,0,0,0,0,0,False
3,508,0,0,0,0,0,0,0,0,0,0,0,0,0,0,0.0,0.0,0.0,0.0,0,0,0,0,0,False
3,509,0,0,0,0,0,0,0,0,0,0,0,0,0,0,0.0,0.0,0.0,0.0,0,0,0,0,0,False
3,510,0,0,0,0,0,0,0,0,0,0,0,0,0,0,0.0,0.0,0.0,0.0,0,0,0,0,0,False
3,511,0,0,0,0,0,0,0,0,0,0,0,0,0,0,0.0,0.0,0.0,0.0,0,0,0,0,0,False
3,512,29,0,0,0,0,0,0,0,0,0,0,0,0,13,5.2,15.1,2.0,2.2,0,3,0,3,1,False
3,513,0,0,0,0,0,0,0,0,0,0,0,0,0,0,0.0,0.0,0.0,0.0,0,0,0,0,0,False
3,514,73,1,0,0,1,0,0,0,0,0,0,0,0,11,6.8,20.2,20.0,4.7,0,2,0,2,3,False
3,515,0,0,0,0,0,0,0,0,0,0,0,0,0,0,0.0,0.0,0.0,0.0,0,0,0,0,0,False
3,516,90,1,0,0,1,0,0,0,0,0,0,0,0,14,18.4,3.3,6.0,2.8,11,5,1,17,5,False
3,517,0,0,0,0,0,0,0,0,0,0,0,0,0,0,0.0,0.0,0.0,0.0,0,0,0,0,0,False
3,518,0,0,0,0,0,0,0,0,0,0,0,0,0,0,0.0,0.0,0.0,0.0,0,0,0,0,0,False
3,519,83,1,0,0,1,0,0,0,0,0,0,0,0,23,10.2,4.4,2.0,1.7,1,6,4,11,3,False
3,520,0,0,0,0,0,0,0,0,0,0,0,0,0,0,0.0,0.0,0.0,0.0,0,0,0,0,0,False
3,521,0,0,0,0,0,0,0,0,0,0,0,0,0,0,0.0,0.0,0.0,0.0,0,0,0,0,0,False
3,522,0,0,0,0,0,0,0,0,0,0,0,0,0,0,0.0,0.0,0.0,0.0,0,0,0,0,0,False
3,523,0,0,0,0,0,0,0,0,0,0,0,0,0,0,0.0,0.0,0.0,0.0,0,0,0,0,0,False
3,524,0,0,0,0,0,0,0,0,0,0,0,0,0,0,0.0,0.0,0.0,0.0,0,0,0,0,0,False
3,525,7,0,0,0,0,0,0,0,0,1,0,0,0,-1,0.0,0.4,0.0,0.0,0,0,0,0,0,False
3,526,6,0,0,0,0,0,0,0,0,0,0,0,0,-1,0.0,0.3,4.0,0.4,1,0,0,1,1,False
3,527,0,0,0,0,0,0,0,0,0,0,0,0,0,0,0.0,0.0,0.0,0.0,0,0,0,0,0,False
3,528,0,0,0,0,0,0,0,0,0,0,0,0,0,0,0.0,0.0,0.0,0.0,0,0,0,0,0,False
3,529,90,1,0,0,0,1,0,0,0,0,0,1,0,11,12.6,0.0,0.0,1.3,1,13,0,0,2,False
3,530,0,0,0,0,0,0,0,0,0,0,0,0,0,0,0.0,0.0,0.0,0.0,0,0,0,0,0,False
3,531,0,0,0,0,0,0,0,0,0,0,0,0,0,0,0.0,0.0,0.0,0.0,0,0,0,0,0,False
3,532,90,1,0,0,0,1,0,0,0,0,0,0,0,12,25.0,10.3,8.0,4.3,8,5,2,10,4,False
3,533,90,1,0,0,0,1,0,0,0,0,0,0,0,16,32.4,5.0,0.0,3.7,10,6,4,14,4,False
3,534,26,0,0,0,0,0,0,0,0,0,0,0,0,8,3.8,0.1,0.0,0.4,0,2,2,2,1,False
3,535,0,0,0,0,0,0,0,0,0,0,0,0,0,0,0.0,0.0,0.0,0.0,0,0,0,0,0,False
3,536,90,1,0,0,0,1,0,0,0,0,0,0,0,14,14.4,1.5,0.0,1.6,4,7,3,7,2,False
3,537,0,0,0,0,0,0,0,0,0,0,0,0,0,0,0.0,0.0,0.0,0.0,0,0,0,0,0,False
3,538,0,0,0,0,0,0,0,0,0,0,0,0,0,0,0.0,0.0,0.0,0.0,0,0,0,0,0,False
3,539,0,0,0,0,0,0,0,0,0,0,0,0,0,0,0.0,0.0,0.0,0.0,0,0,0,0,0,False
3,540,0,0,0,0,0,0,0,0,0,0,0,0,0,0,0.0,0.0,0.0,0.0,0,0,0,0,0,False
3,541,63,1,0,0,0,1,0,0,0,0,0,0,0,0,5.2,1.5,6.0,1.3,2,0,0,2,2,False
3,542,90,1,1,0,0,1,0,0,0,0,0,0,1,25,40.0,3.7,24.0,6.8,0,2,4,6,8,False
3,543,0,0,0,0,0,0,0,0,0,0,0,0,0,0,0.0,0.0,0.0,0.0,0,0,0,0,0,False
3,544,90,1,0,0,0,1,0,0,0,1,0,0,0,12,15.2,20.5,3.0,3.9,4,9,2,15,3,False
3,545,73,1,0,0,0,1,0,0,0,1,0,0,0,16,8.8,15.0,48.0,7.2,0,3,0,3,1,False
3,546,0,0,0,0,0,0,0,0,0,0,0,0,0,0,0.0,0.0,0.0,0.0,0,0,0,0,0,False
3,547,0,0,0,0,0,0,0,0,0,0,0,0,0,0,0.0,0.0,0.0,0.0,0,0,0,0,0,False
3,548,0,0,0,0,0,0,0,0,0,0,0,0,0,0,0.0,0.0,0.0,0.0,0,0,0,0,0,False
3,549,0,0,0,0,0,0,0,0,0,0,0,0,0,0,0.0,0.0,0.0,0.0,0,0,0,0,0,False
3,550,0,0,0,0,0,0,0,0,0,0,0,0,0,0,0.0,0.0,0.0,0.0,0,0,0,0,0,False
3,551,63,1,0,0,0,1,0,0,0,0,0,0,0,11,8.6,5.7,16.0,3.0,1,3,1,5,2,False
3,552,90,1,0,0,0,1,0,0,0,0,0,0,0,11,4.4,37.1,29.0,7.1,0,3,0,3,2,False
3,553,26,0,0,1,0,0,0,0,0,0,0,0,0,15,0.2,0.3,10.0,1.1,0,2,0,2,4,False
3,554,0,0,0,0,0,0,0,0,0,0,0,0,0,0,0.0,0.0,0.0,0.0,0,0,0,0,0,False
3,555,0,0,0,0,0,0,0,0,0,0,0,0,0,0,0.0,0.0,0.0,0.0,0,0,0,0,0,False
3,556,0,0,0,0,0,0,0,0,0,0,0,0,0,0,0.0,0.0,0.0,0.0,0,0,0,0,0,False
3,557,90,1,0,1,0,1,0,0,0,1,0,0,1,31,30.6,50.0,4.0,8.5,2,5,1,8,5,False
3,558,90,1,0,0,1,0,0,0,0,0,0,0,0,18,11.2,2.3,1.0,1.5,3,3,4,10,3,False
3,559,0,0,0,0,0,0,0,0,0,0,0,0,0,0,0.0,0.0,0.0,0.0,0,0,0,0,0,False
3,560,0,0,0,0,0,0,0,0,0,0,0,0,0,0,0.0,0.0,0.0,0.0,0,0,0,0,0,False
3,561,0,0,0,0,0,0,0,0,0,0,0,0,0,0,0.0,0.0,0.0,0.0,0,0,0,0,0,False
3,562,65,1,0,0,0,2,0,0,0,0,0,0,0,9,8.2,0.1,17.0,2.5,2,1,2,5,2,False
3,563,0,0,0,0,0,0,0,0,0,0,0,0,0,0,0.0,0.0,0.0,0.0,0,0,0,0,0,False
3,564,90,1,0,0,0,2,0,0,0,0,0,5,0,13,27.8,0.0,0.0,2.8,0,7,0,0,2,False
3,565,45,1,0,0,0,0,0,0,0,1,0,0,0,0,0.0,1.3,8.0,0.6,1,3,1,5,0,False
3,566,90,1,0,0,0,2,0,0,0,0,0,0,0,8,23.8,1.2,17.0,4.2,7,2,1,8,1,False
3,567,90,1,0,0,0,2,0,0,0,0,0,4,0,12,33.4,0.0,0.0,3.3,0,6,0,0,2,False
3,568,0,0,0,0,0,0,0,0,0,0,0,0,0,0,0.0,0.0,0.0,0.0,0,0,0,0,0,False
3,569,90,1,0,0,0,3,0,0,0,0,0,0,0,10,5.8,14.0,39.0,5.9,3,3,1,7,2,False
3,570,60,1,1,0,0,2,0,0,0,0,0,0,1,27,33.8,13.7,51.0,9.9,0,0,0,0,8,False
3,571,0,0,0,0,0,0,0,0,0,0,0,0,0,0,0.0,0.0,0.0,0.0,0,0,0,0,0,False
3,572,90,1,0,0,1,0,0,0,0,0,0,1,0,25,11.6,0.0,0.0,1.2,0,10,0,0,6,False
3,573,0,0,0,0,0,0,0,0,0,0,0,0,0,0,0.0,0.0,0.0,0.0,0,0,0,0,0,False
3,574,8,0,0,0,0,0,0,0,0,0,0,0,0,4,0.0,0.0,0.0,0.0,0,1,0,1,1,False
3,575,27,0,0,0,0,0,0,0,0,0,0,0,0,4,1.0,0.3,0.0,0.1,2,4,0,6,1,False
3,576,62,1,0,0,1,0,0,0,0,0,0,0,0,5,0.0,11.8,4.0,1.4,0,2,0,2,3,False
3,577,0,0,0,0,0,0,0,0,0,0,0,0,0,0,0.0,0.0,0.0,0.0,0,0,0,0,0,False
3,578,16,0,0,0,0,0,0,0,0,0,0,0,0,3,0.0,0.1,2.0,0.1,0,0,0,0,1,False
3,579,90,1,0,0,1,0,0,0,0,0,0,0,0,27,20.0,2.4,2.0,2.4,9,1,1,10,8,False
3,580,78,1,0,0,0,3,0,0,0,0,0,0,0,18,12.4,35.2,8.0,5.6,3,8,0,11,2,False
3,581,1,0,0,0,0,0,0,0,0,0,0,0,0,3,0.0,0.0,0.0,0.0,0,0,0,0,1,False
3,582,0,0,0,0,0,0,0,0,0,0,0,0,0,0,0.0,0.0,0.0,0.0,0,0,0,0,0,False
3,583,30,0,0,0,0,0,0,0,0,0,0,0,0,2,2.4,2.0,4.0,0.8,1,1,1,2,1,False
3,584,5,0,0,0,0,0,0,0,0,0,0,0,0,1,0.0,0.0,0.0,0.0,0,1,1,2,1,False
3,585,19,0,0,0,0,0,0,0,0,0,0,0,0,2,6.6,0.1,0.0,0.7,1,1,1,2,1,False
3,586,70,1,0,0,1,0,0,0,0,0,0,0,0,22,16.2,0.6,14.0,3.1,7,2,3,10,8,False
3,587,0,0,0,0,0,0,0,0,0,0,0,0,0,0,0.0,0.0,0.0,0.0,0,0,0,0,0,False
3,588,90,1,0,0,0,2,0,0,0,0,0,0,0,6,21.6,2.3,8.0,3.2,7,3,3,10,3,False
3,589,81,1,0,0,1,0,0,0,0,1,0,0,0,7,13.4,21.6,0.0,3.5,4,5,1,10,2,False
3,590,0,0,0,0,0,0,0,0,0,0,0,0,0,0,0.0,0.0,0.0,0.0,0,0,0,0,0,False
3,591,90,1,0,0,0,2,0,0,0,1,0,0,0,16,10.2,22.5,23.0,5.6,2,3,0,5,1,False
3,592,12,0,0,0,0,0,0,0,0,0,0,0,0,4,3.6,14.0,0.0,1.8,0,2,0,0,1,False
3,593,90,1,0,0,0,2,0,0,0,0,0,0,0,3,0.6,6.4,10.0,1.7,1,4,0,1,1,False
3,594,13,0,0,0,0,0,0,0,0,1,0,0,0,-7,0.0,0.0,4.0,0.0,0,0,0,0,0,False
3,595,0,0,0,0,0,0,0,0,0,0,0,0,0,0,0.0,0.0,0.0,0.0,0,0,0,0,0,False
3,596,15,0,0,0,0,0,0,0,0,0,0,0,0,3,2.6,2.6,0.0,0.5,1,2,0,1,1,False
3,597,90,1,0,0,1,0,0,0,0,0,0,4,3,38,27.2,0.0,0.0,2.7,1,13,0,0,10,True
3,598,90,1,0,0,0,1,0,0,0,0,0,0,0,12,27.6,21.1,6.0,5.5,10,0,0,10,4,False
3,599,0,0,0,0,0,0,0,0,0,0,0,0,0,0,0.0,0.0,0.0,0.0,0,0,0,0,0,False
3,600,0,0,0,0,0,0,0,0,0,0,0,0,0,0,0.0,0.0,0.0,0.0,0,0,0,0,0,False
3,601,0,0,0,0,0,0,0,0,0,0,0,0,0,0,0.0,0.0,0.0,0.0,0,0,0,0,0,False
3,602,0,0,0,0,0,0,0,0,0,0,0,0,0,0,0.0,0.0,0.0,0.0,0,0,0,0,0,False
3,603,0,0,0,0,0,0,0,0,0,0,0,0,0,0,0.0,0.0,0.0,0.0,0,0,0,0,0,False
3,604,0,0,0,0,0,0,0,0,0,0,0,0,0,0,0.0,0.0,0.0,0.0,0,0,0,0,0,False
3,605,90,1,0,0,0,1,0,0,0,0,0,0,0,16,8.2,24.4,20.0,5.3,2,3,0,5,2,False
3,606,0,0,0,0,0,0,0,0,0,0,0,0,0,0,0.0,0.0,0.0,0.0,0,0,0,0,0,False
3,607,0,0,0,0,0,0,0,0,0,0,0,0,0,0,0.0,0.0,0.0,0.0,0,0,0,0,0,False
3,608,1,0,0,0,0,0,0,0,0,0,0,0,0,4,0.0,0.0,0.0,0.0,0,0,0,0,1,False
3,609,0,0,0,0,0,0,0,0,0,0,0,0,0,0,0.0,0.0,0.0,0.0,0,0,0,0,0,False
3,610,0,0,0,0,0,0,0,0,0,0,0,0,0,0,0.0,0.0,0.0,0.0,0,0,0,0,0,False
3,611,5,0,0,0,0,0,0,0,0,0,0,0,0,3,2.8,0.9,0.0,0.4,1,0,0,1,1,False
3,612,0,0,0,0,0,0,0,0,0,0,0,0,0,0,0.0,0.0,0.0,0.0,0,0,0,0,0,False
3,613,0,0,0,0,0,0,0,0,0,0,0,0,0,0,0.0,0.0,0.0,0.0,0,0,0,0,0,False
3,614,0,0,0,0,0,0,0,0,0,0,0,0,0,0,0.0,0.0,0.0,0.0,0,0,0,0,0,False
3,615,0,0,0,0,0,0,0,0,0,0,0,0,0,0,0.0,0.0,0.0,0.0,0,0,0,0,0,False
3,616,14,0,0,0,0,0,0,0,0,0,0,0,0,5,11.2,0.5,0.0,1.2,2,3,0,5,1,False
3,617,8,0,0,0,0,0,0,0,0,0,0,0,0,5,3.0,0.0,17.0,2.0,0,0,0,0,1,False
3,618,0,0,0,0,0,0,0,0,0,0,0,0,0,0,0.0,0.0,0.0,0.0,0,0,0,0,0,False
3,619,77,1,0,0,0,2,0,0,0,0,0,0,0,24,20.2,22.5,0.0,4.3,3,12,4,19,4,False
3,620,0,0,0,0,0,0,0,0,0,0,0,0,0,0,0.0,0.0,0.0,0.0,0,0,0,0,0,False
3,621,3,0,0,0,0,0,0,0,0,0,0,0,0,5,5.2,0.0,2.0,0.7,0,2,2,4,1,False
3,622,0,0,0,0,0,0,0,0,0,0,0,0,0,0,0.0,0.0,0.0,0.0,0,0,0,0,0,False
3,623,0,0,0,0,0,0,0,0,0,0,0,0,0,0,0.0,0.0,0.0,0.0,0,0,0,0,0,False
3,624,0,0,0,0,0,0,0,0,0,0,0,0,0,0,0.0,0.0,0.0,0.0,0,0,0,0,0,False
3,625,0,0,0,0,0,0,0,0,0,0,0,0,0,0,0.0,0.0,0.0,0.0,0,0,0,0,0,False
3,626,0,0,0,0,0,0,0,0,0,0,0,0,0,0,0.0,0.0,0.0,0.0,0,0,0,0,0,False
3,627,26,0,0,0,0,0,0,0,0,0,0,0,0,5,3.0,10.5,2.0,1.6,0,0,0,0,1,False
3,628,0,0,0,0,0,0,0,0,0,0,0,0,0,0,0.0,0.0,0.0,0.0,0,0,0,0,0,False
3,629,0,0,0,0,0,0,0,0,0,0,0,0,0,0,0.0,0.0,0.0,0.0,0,0,0,0,0,False
3,630,0,0,0,0,0,0,0,0,0,0,0,0,0,0,0.0,0.0,0.0,0.0,0,0,0,0,0,False
3,631,0,0,0,0,0,0,0,0,0,0,0,0,0,0,0.0,0.0,0.0,0.0,0,0,0,0,0,False
3,632,0,0,0,0,0,0,0,0,0,0,0,0,0,0,0.0,0.0,0.0,0.0,0,0,0,0,0,False
3,633,0,0,0,0,0,0,0,0,0,0,0,0,0,0,0.0,0.0,0.0,0.0,0,0,0,0,0,False
3,634,27,0,0,0,0,0,0,0,0,0,0,0,0,4,0.0,0.8,6.0,0.7,0,1,0,1,1,False
3,635,11,0,0,0,0,0,0,0,0,0,0,0,0,3,3.6,1.3,9.0,1.4,0,0,1,1,1,False
3,636,0,0,0,0,0,0,0,0,0,0,0,0,0,0,0.0,0.0,0.0,0.0,0,0,0,0,0,False
3,637,0,0,0,0,0,0,0,0,0,0,0,0,0,0,0.0,0.0,0.0,0.0,0,0,0,0,0,False
3,638,26,0,0,0,0,0,0,0,0,0,0,0,0,3,2.2,0.3,2.0,0.5,1,2,0,1,1,False
3,639,0,0,0,0,0,0,0,0,0,0,0,0,0,0,0.0,0.0,0.0,0.0,0,0,0,0,0,False
3,640,24,0,0,0,0,0,0,0,0,0,0,0,0,4,3.2,0.5,7.0,1.1,0,0,0,0,1,False
3,641,0,0,0,0,0,0,0,0,0,0,0,0,0,0,0.0,0.0,0.0,0.0,0,0,0,0,0,False
3,642,27,0,0,0,0,0,0,0,0,0,0,0,0,5,3.2,10.8,0.0,1.4,0,1,0,1,1,False
3,643,16,0,1,0,0,0,0,0,0,0,0,0,0,20,33.2,0.7,17.0,5.1,0,0,0,0,7,False
3,644,73,1,0,0,0,2,0,0,0,0,0,0,0,8,4.2,0.2,1.0,0.5,2,3,1,6,2,False
3,645,0,0,0,0,0,0,0,0,0,0,0,0,0,0,0.0,0.0,0.0,0.0,0,0,0,0,0,False
3,646,16,0,0,0,0,0,0,0,0,0,0,0,0,3,0.0,0.5,0.0,0.1,0,0,0,0,1,False
3,647,1,0,0,0,0,0,0,0,0,0,0,0,0,2,2.0,0.3,0.0,0.2,0,0,1,1,1,False
3,648,0,0,0,0,0,0,0,0,0,0,0,0,0,0,0.0,0.0,0.0,0.0,0,0,0,0,0,False
3,649,13,0,1,0,0,1,0,0,0,0,0,0,0,13,33.4,0.8,7.0,4.1,0,0,0,0,7,False
3,650,0,0,0,0,0,0,0,0,0,0,0,0,0,0,0.0,0.0,0.0,0.0,0,0,0,0,0,False
3,651,0,0,0,0,0,0,0,0,0,0,0,0,0,0,0.0,0.0,0.0,0.0,0,0,0,0,0,False
3,652,0,0,0,0,0,0,0,0,0,0,0,0,0,0,0.0,0.0,0.0,0.0,0,0,0,0,0,False
3,653,0,0,0,0,0,0,0,0,0,0,0,0,0,0,0.0,0.0,0.0,0.0,0,0,0,0,0,False
3,654,0,0,0,0,0,0,0,0,0,0,0,0,0,0,0.0,0.0,0.0,0.0,0,0,0,0,0,False
4,1,90,1,0,0,1,0,0,1,0,0,0,2,3,38,37.8,0.2,0.0,3.8,2,14,0,0,14,True
4,2,0,0,0,0,0,0,0,0,0,0,0,0,0,0,0.0,0.0,0.0,0.0,0,0,0,0,0,False
4,3,0,0,0,0,0,0,0,0,0,0,0,0,0,0,0.0,0.0,0.0,0.0,0,0,0,0,0,False
4,4,90,1,0,0,1,0,0,0,0,1,0,0,2,30,20.6,1.5,1.0,2.3,10,2,1,11,9,False
4,5,45,0,0,0,0,0,0,0,0,0,0,0,0,3,6.0,1.9,0.0,0.8,2,5,1,3,1,False
4,6,0,0,0,0,0,0,0,0,0,0,0,0,0,0,0.0,0.0,0.0,0.0,0,0,0,0,0,False
4,7,45,1,0,0,0,0,0,0,0,0,0,0,0,2,0.0,1.4,0.0,0.0,0,0,0,0,1,False
4,8,90,1,0,0,1,0,0,0,0,0,0,0,0,18,8.8,1.7,7.0,1.8,4,2,0,4,6,False
4,9,0,0,0,0,0,0,0,0,0,0,0,0,0,0,0.0,0.0,0.0,0.0,0,0,0,0,0,False
4,10,45,1,0,0,0,0,0,0,0,0,0,0,0,4,4.2,0.8,6.0,1.1,1,0,2,3,1,False
4,11,0,0,0,0,0,0,0,0,0,0,0,0,0,0,0.0,0.0,0.0,0.0,0,0,0,0,0,False
4,12,90,1,1,0,1,0,0,0,0,0,0,0,0,28,45.4,16.9,57.0,11.9,2,4,1,7,8,False
4,13,80,1,0,1,1,0,0,0,0,0,0,0,0,27,45.0,36.4,0.0,8.1,6,2,2,10,6,False
4,14,9,0,0,0,0,0,0,0,0,0,0,0,0,3,0.2,0.0,2.0,0.2,0,0,0,0,1,False
4,15,84,1,0,0,1,0,0,0,0,0,0,0,0,26,19.4,58.2,2.0,8.0,1,3,1,5,3,False
4,16,0,0,0,0,0,0,0,0,0,0,0,0,0,0,0.0,0.0,0.0,0.0,0,0,0,0,0,False
4,17,5,0,0,0,0,0,0,0,0,0,0,0,0,3,0.2,0.1,0.0,0.0,0,0,0,0,1,False
4,18,0,0,0,0,0,0,0,0,0,0,0,0,0,0,0.0,0.0,0.0,0.0,0,0,0,0,0,False
4,19,9,0,0,0,0,0,0,0,0,0,0,0,0,5,3.4,0.2,0.0,0.4,0,1,1,2,1,False
4,20,0,0,0,0,0,0,0,0,0,0,0,0,0,0,0.0,0.0,0.0,0.0,0,0,0,0,0,False
4,21,0,0,0,0,0,0,0,0,0,0,0,0,0,0,0.0,0.0,0.0,0.0,0,0,0,0,0,False
4,22,0,0,0,0,0,0,0,0,0,0,0,0,0,0,0.0,0.0,0.0,0.0,0,0,0,0,0,False
4,23,0,0,0,0,0,0,0,0,0,0,0,0,0,0,0.0,0.0,0.0,0.0,0,0,0,0,0,False
4,24,0,0,0,0,0,0,0,0,0,0,0,0,0,0,0.0,0.0,0.0,0.0,0,0,0,0,0,False
4,25,0,0,0,0,0,0,0,0,0,0,0,0,0,0,0.0,0.0,0.0,0.0,0,0,0,0,0,False
4,26,90,1,0,0,1,0,0,0,0,1,0,0,0,0,1.6,12.4,32.0,4.6,1,1,0,2,1,False
4,27,0,0,0,0,0,0,0,0,0,0,0,0,0,0,0.0,0.0,0.0,0.0,0,0,0,0,0,False
4,28,90,1,0,0,0,2,0,0,0,0,0,3,0,10,19.6,0.0,0.0,2.0,0,10,0,0,2,False
4,29,0,0,0,0,0,0,0,0,0,0,0,0,0,0,0.0,0.0,0.0,0.0,0,0,0,0,0,False
4,30,0,0,0,0,0,0,0,0,0,0,0,0,0,0,0.0,0.0,0.0,0.0,0,0,0,0,0,False
4,31,90,1,0,0,1,0,0,0,0,0,0,0,0,16,11.8,0.2,0.0,1.2,6,1,2,8,6,False
4,32,0,0,0,0,0,0,0,0,0,0,0,0,0,0,0.0,0.0,0.0,0.0,0,0,0,0,0,False
4,33,65,0,0,0,0,2,0,0,0,1,0,0,0,0,15.6,0.6,4.0,2.0,4,2,1,5,0,False
4,34,24,1,0,0,0,0,0,0,0,0,0,0,0,4,0.2,0.4,2.0,0.3,0,0,0,0,1,False
4,35,0,0,0,0,0,0,0,0,0,0,0,0,0,0,0.0,0.0,0.0,0.0,0,0,0,0,0,False
4,36,90,1,0,0,0,2,0,0,0,0,0,0,0,7,10.2,3.4,24.0,3.8,3,6,1,4,1,False
4,37,90,1,0,0,0,2,0,0,0,0,0,0,0,2,16.4,1.1,35.0,5.3,2,0,0,2,1,False
4,38,0,0,0,0,0,0,0,0,0,0,0,0,0,0,0.0,0.0,0.0,0.0,0,0,0,0,0,False
4,39,0,0,0,0,0,0,0,0,0,0,0,0,0,0,0.0,0.0,0.0,0.0,0,0,0,0,0,False
4,40,90,1,1,0,0,2,0,0,0,0,0,0,1,31,43.2,5.9,42.0,9.1,0,4,2,6,8,False
4,41,62,1,0,0,0,1,0,0,0,0,0,0,0,8,0.0,3.9,0.0,0.1,0,5,0,5,2,False
4,42,0,0,0,0,0,0,0,0,0,0,0,0,0,0,0.0,0.0,0.0,0.0,0,0,0,0,0,False
4,43,66,1,0,0,0,1,0,0,0,0,0,0,0,15,12.2,13.8,4.0,3.0,3,0,2,5,2,False
4,44,0,0,0,0,0,0,0,0,0,0,0,0,0,0,0.0,0.0,0.0,0.0,0,0,0,0,0,False
4,45,90,1,0,1,0,2,0,0,0,0,0,0,1,30,26.4,31.4,0.0,5.8,2,6,1,9,6,False
4,46,62,1,0,0,0,1,0,0,0,0,0,0,0,14,6.0,2.7,7.0,1.6,0,3,4,7,2,False
4,47,90,1,0,0,0,2,0,0,0,0,0,0,0,17,11.6,12.4,2.0,2.6,1,1,3,5,2,False
4,48,0,0,0,0,0,0,0,0,0,0,0,0,0,0,0.0,0.0,0.0,0.0,0,0,0,0,0,False
4,49,0,0,0,0,0,0,0,0,0,0,0,0,0,0,0.0,0.0,0.0,0.0,0,0,0,0,0,False
4,50,0,0,0,0,0,0,0,0,0,0,0,0,0,0,0.0,0.0,0.0,0.0,0,0,0,0,0,False
4,51,45,1,0,0,0,0,0,0,0,0,0,0,0,3,2.0,11.5,2.0,1.6,1,0,0,1,1,False
4,52,45,0,1,0,0,2,0,0,0,0,0,0,0,24,34.4,2.3,23.0,6.0,1,1,0,2,6,False
4,53,27,0,0,0,0,1,0,0,0,0,0,0,0,3,2.6,4.0,0.0,0.7,0,1,1,2,1,False
4,54,0,0,0,0,0,0,0,0,0,0,0,0,0,0,0.0,0.0,0.0,0.0,0,0,0,0,0,False
4,55,0,0,0,0,0,0,0,0,0,0,0,0,0,0,0.0,0.0,0.0,0.0,0,0,0,0,0,False
4,56,45,0,0,0,0,2,0,0,0,0,0,0,0,4,1.2,1.5,2.0,0.5,0,1,0,1,1,False
4,57,90,1,0,0,0,2,0,0,0,0,0,0,0,0,0.0,0.0,0.0,0.0,0,10,0,0,1,False
4,58,0,0,0,0,0,0,0,0,0,0,0,0,0,0,0.0,0.0,0.0,0.0,0,0,0,0,0,False
4,59,0,0,0,0,0,0,0,0,0,0,0,0,0,0,0.0,0.0,0.0,0.0,0,0,0,0,0,False
4,60,90,1,0,0,0,2,0,0,0,1,0,0,0,5,22.0,11.4,0.0,3.3,10,3,1,11,2,False
4,61,90,1,0,0,0,2,0,0,0,0,0,0,0,23,38.6,18.0,28.0,8.5,8,3,8,16,3,False
4,62,0,0,0,0,0,0,0,0,0,0,0,0,0,0,0.0,0.0,0.0,0.0,0,0,0,0,0,False
4,63,0,0,0,0,0,0,0,0,0,0,0,0,0,0,0.0,0.0,0.0,0.0,0,0,0,0,0,False
4,64,90,1,0,0,0,2,0,0,0,1,0,0,0,-1,11.4,2.0,0.0,1.3,5,4,1,6,0,False
4,65,0,0,0,0,0,0,0,0,0,0,0,0,0,0,0.0,0.0,0.0,0.0,0,0,0,0,0,False
4,66,0,0,0,0,0,0,0,0,0,0,0,0,0,0,0.0,0.0,0.0,0.0,0,0,0,0,0,False
4,67,81,1,0,0,0,2,0,0,0,0,0,0,0,7,5.6,17.8,20.0,4.3,2,0,1,3,2,False
4,68,82,1,1,0,0,2,0,0,0,1,0,0,2,44,49.4,58.3,37.0,14.5,2,5,1,8,8,False
4,69,90,1,0,0,0,2,0,0,0,0,0,0,0,19,22.2,46.1,10.0,7.8,6,7,2,15,4,False
4,70,65,1,1,0,0,2,0,0,0,0,0,0,1,31,40.0,3.3,43.0,8.6,1,3,0,4,8,False
4,71,8,0,0,0,0,0,0,0,0,1,0,0,0,-1,0.6,0.3,0.0,0.1,2,0,0,2,0,False
4,72,8,0,0,0,0,0,0,0,0,0,0,0,0,6,1.6,1.5,7.0,1.0,0,3,1,4,1,False
4,73,81,1,0,0,0,2,0,0,0,0,0,0,0,16,13.0,5.9,7.0,2.6,3,5,2,10,2,False
4,74,7,0,0,0,0,0,0,0,0,1,0,0,0,-1,4.2,0.3,2.0,0.7,2,1,0,3,0,False
4,75,24,0,0,0,0,0,0,0,0,0,0,0,0,7,6.6,14.4,4.0,2.5,3,4,0,7,1,False
4,76,0,0,0,0,0,0,0,0,0,0,0,0,0,0,0.0,0.0,0.0,0.0,0,0,0,0,0,False
4,77,0,0,0,0,0,0,0,0,0,0,0,0,0,0,0.0,0.0,0.0,0.0,0,0,0,0,0,False
4,78,0,0,0,0,0,0,0,0,0,0,0,0,0,0,0.0,0.0,0.0,0.0,0,0,0,0,0,False
4,79,90,1,0,1,0,2,0,0,0,0,0,0,0,22,22.8,40.0,4.0,6.7,1,3,0,4,5,False
4,80,0,0,0,0,0,0,0,0,0,0,0,0,0,0,0.0,0.0,0.0,0.0,0,0,0,0,0,False
4,81,1,0,0,0,0,0,0,0,0,0,0,0,0,3,0.0,0.5,0.0,0.1,0,0,0,0,1,False
4,82,90,1,0,0,0,2,0,0,0,0,0,8,0,19,44.0,0.0,0.0,4.4,1,11,0,0,3,False
4,83,0,0,0,0,0,0,0,0,0,0,0,0,0,0,0.0,0.0,0.0,0.0,0,0,0,0,0,False
4,84,0,0,0,0,0,0,0,0,0,0,0,0,0,0,0.0,0.0,0.0,0.0,0,0,0,0,0,False
4,85,0,0,0,0,0,0,0,0,0,0,0,0,0,0,0.0,0.0,0.0,0.0,0,0,0,0,0,False
4,86,59,1,0,0,0,2,0,0,0,0,0,0,0,0,0.8,1.6,6.0,0.8,1,0,1,2,1,False
4,87,90,1,0,0,0,2,0,0,0,0,0,0,0,0,15.2,0.5,8.0,2.4,7,1,2,9,1,False
4,88,19,0,0,0,0,0,0,0,0,0,0,0,0,5,5.4,14.1,0.0,2.0,1,1,0,1,1,False
4,89,0,0,0,0,0,0,0,0,0,0,0,0,0,0,0.0,0.0,0.0,0.0,0,0,0,0,0,False
4,90,70,1,0,0,0,2,0,0,0,0,0,0,0,4,10.0,2.1,6.0,1.8,5,4,2,7,1,False
4,91,90,1,0,0,0,5,0,0,0,0,0,0,0,-11,18.0,0.7,4.0,2.3,8,1,2,10,2,False
4,92,0,0,0,0,0,0,0,0,0,0,0,0,0,0,0.0,0.0,0.0,0.0,0,0,0,0,0,False
4,93,90,1,0,0,0,2,0,0,0,0,0,0,0,5,22.2,0.5,8.0,3.1,10,3,2,12,3,False
4,94,90,1,2,0,0,2,0,0,0,0,0,0,3,49,70.8,8.3,28.0,10.7,0,3,1,4,15,True
4,95,30,0,0,0,0,0,0,0,0,0,0,0,0,4,2.0,1.7,6.0,1.0,1,3,0,4,1,False
4,96,30,0,0,0,0,0,0,0,0,0,0,0,0,3,0.0,7.8,6.0,1.3,1,3,0,4,1,False
4,97,0,0,0,0,0,0,0,0,0,0,0,0,0,0,0.0,0.0,0.0,0.0,0,0,0,0,0,False
4,98,90,1,0,0,0,2,0,0,0,0,0,0,0,20,28.4,14.4,0.0,4.3,11,6,3,20,4,False
4,99,0,0,0,0,0,0,0,0,0,0,0,0,0,0,0.0,0.0,0.0,0.0,0,0,0,0,0,False
4,100,0,0,0,0,0,0,0,0,0,0,0,0,0,0,0.0,0.0,0.0,0.0,0,0,0,0,0,False
4,101,0,0,0,0,0,0,0,0,0,0,0,0,0,0,0.0,0.0,0.0,0.0,0,0,0,0,0,False
4,102,59,1,0,1,0,2,0,0,0,0,0,0,0,19,22.0,22.8,4.0,4.9,2,3,0,5,4,False
4,103,0,0,0,0,0,0,0,0,0,0,0,0,0,0,0.0,0.0,0.0,0.0,0,0,0,0,0,False
4,104,72,1,0,0,0,3,0,0,0,0,0,0,0,11,6.2,0.9,21.0,2.8,2,4,1,7,2,False
4,105,59,1,0,0,0,2,0,0,0,0,0,0,0,12,14.6,15.3,2.0,3.2,5,4,2,11,1,False
4,106,90,1,0,0,0,2,0,0,0,1,0,0,0,3,0.0,16.0,10.0,2.4,0,1,0,1,1,False
4,107,0,0,0,0,0,0,0,0,0,0,0,0,0,0,0.0,0.0,0.0,0.0,0,0,0,0,0,False
4,108,0,0,0,0,0,0,0,0,0,0,0,0,0,0,0.0,0.0,0.0,0.0,0,0,0,0,0,False
4,109,90,1,0,0,1,0,0,0,0,0,0,6,0,39,47.8,0.0,0.0,4.8,3,7,0,0,8,False
4,110,90,1,0,0,0,5,0,0,0,0,0,2,0,-5,18.0,0.0,0.0,1.8,1,11,0,0,0,False
4,111,0,0,0,0,0,0,0,0,0,0,0,0,0,0,0.0,0.0,0.0,0.0,0,0,0,0,0,False
4,112,90,1,0,0,1,0,0,0,0,0,0,0,0,27,38.4,15.2,7.0,6.1,11,2,2,13,8,False
4,113,90,1,0,0,1,0,0,0,0,0,0,0,0,24,6.4,15.4,0.0,2.2,2,1,0,2,6,False
4,114,77,1,0,0,1,0,0,0,0,0,0,0,0,25,11.6,14.3,2.0,2.8,8,5,1,9,6,False
4,115,90,1,0,1,1,0,0,0,0,0,0,0,2,41,24.8,46.9,3.0,7.5,1,4,0,1,11,True
4,116,90,1,1,0,1,0,0,0,0,0,0,0,0,39,57.2,4.3,7.0,6.9,5,2,1,6,12,True
4,117,0,0,0,0,0,0,0,0,0,0,0,0,0,0,0.0,0.0,0.0,0.0,0,0,0,0,0,False
4,118,0,0,0,0,0,0,0,0,0,0,0,0,0,0,0.0,0.0,0.0,0.0,0,0,0,0,0,False
4,119,6,0,0,0,0,0,0,0,0,0,0,0,0,3,1.2,0.3,0.0,0.2,1,1,0,1,1,False
4,120,0,0,0,0,0,0,0,0,0,0,0,0,0,0,0.0,0.0,0.0,0.0,0,0,0,0,0,False
4,121,0,0,0,0,0,0,0,0,0,0,0,0,0,0,0.0,0.0,0.0,0.0,0,0,0,0,0,False
4,122,0,0,0,0,0,0,0,0,0,0,0,0,0,0,0.0,0.0,0.0,0.0,0,0,0,0,0,False
4,123,0,0,0,0,0,0,0,0,0,0,0,0,0,0,0.0,0.0,0.0,0.0,0,0,0,0,0,False
4,124,90,1,1,2,1,0,0,0,0,0,0,0,3,56,83.8,79.1,18.0,18.1,2,2,2,6,17,True
4,125,0,0,0,0,0,0,0,0,0,0,0,0,0,0,0.0,0.0,0.0,0.0,0,0,0,0,0,False
4,126,6,0,0,0,0,0,0,0,0,0,0,0,0,4,2.2,10.5,0.0,1.3,0,1,0,1,1,False
4,127,83,1,0,0,1,0,0,0,0,0,0,0,0,6,2.4,9.0,9.0,2.0,1,2,0,3,3,False
4,128,0,0,0,0,0,0,0,0,0,0,0,0,0,0,0.0,0.0,0.0,0.0,0,0,0,0,0,False
4,129,90,1,1,0,1,0,0,0,0,0,0,0,0,38,39.0,6.8,27.0,7.3,0,6,1,7,8,False
4,130,0,0,0,0,0,0,0,0,0,0,0,0,0,0,0.0,0.0,0.0,0.0,0,0,0,0,0,False
4,131,0,0,0,0,0,0,0,0,0,0,0,0,0,0,0.0,0.0,0.0,0.0,0,0,0,0,0,False
4,132,0,0,0,0,0,0,0,0,0,0,0,0,0,0,0.0,0.0,0.0,0.0,0,0,0,0,0,False
4,133,0,0,0,0,0,0,0,0,0,0,0,0,0,0,0.0,0.0,0.0,0.0,0,0,0,0,0,False
4,134,0,0,0,0,0,0,0,0,0,0,0,0,0,0,0.0,0.0,0.0,0.0,0,0,0,0,0,False
4,135,0,0,0,0,0,0,0,0,0,0,0,0,0,0,0.0,0.0,0.0,0.0,0,0,0,0,0,False
4,136,12,0,0,0,0,0,0,0,0,0,0,0,0,4,7.2,10.6,4.0,2.2,1,0,0,1,1,False
4,137,0,0,0,0,0,0,0,0,0,0,0,0,0,0,0.0,0.0,0.0,0.0,0,0,0,0,0,False
4,138,83,1,1,1,1,0,0,0,0,0,0,0,1,40,33.0,7.0,38.0,7.8,2,4,1,7,10,False
4,139,0,0,0,0,0,0,0,0,0,0,0,0,0,0,0.0,0.0,0.0,0.0,0,0,0,0,0,False
4,140,0,0,0,0,0,0,0,0,0,0,0,0,0,0,0.0,0.0,0.0,0.0,0,0,0,0,0,False
4,141,0,0,0,0,0,0,0,0,0,0,0,0,0,0,0.0,0.0,0.0,0.0,0,0,0,0,0,False
4,142,90,1,0,0,0,2,0,0,0,0,0,0,0,11,19.8,10.4,15.0,4.5,2,4,2,4,1,False
4,143,0,0,0,0,0,0,0,0,0,0,0,0,0,0,0.0,0.0,0.0,0.0,0,0,0,0,0,False
4,144,77,1,0,0,0,2,0,0,0,0,0,0,0,7,14.0,23.3,6.0,4.3,5,4,0,5,1,False
4,145,85,1,0,0,0,2,0,0,0,0,0,0,0,10,18.4,4.7,4.0,2.7,4,4,2,6,1,False
4,146,0,0,0,0,0,0,0,0,0,0,0,0,0,0,0.0,0.0,0.0,0.0,0,0,0,0,0,False
4,147,5,0,0,0,0,0,0,0,0,0,0,0,0,5,9.0,0.2,0.0,0.9,2,1,2,4,1,False
4,148,45,1,0,0,0,2,0,0,0,0,0,0,0,-8,3.8,2.9,2.0,0.9,2,2,1,3,0,False
4,149,90,1,0,0,0,2,0,0,0,0,0,0,0,8,26.8,12.2,4.0,4.3,6,6,0,6,1,False
4,150,0,0,0,0,0,0,0,0,0,0,0,0,0,0,0.0,0.0,0.0,0.0,0,0,0,0,0,False
4,151,0,0,0,0,0,0,0,0,0,0,0,0,0,0,0.0,0.0,0.0,0.0,0,0,0,0,0,False
4,152,0,0,0,0,0,0,0,0,0,0,0,0,0,0,0.0,0.0,0.0,0.0,0,0,0,0,0,False
4,153,33,1,0,0,0,3,0,0,0,0,1,0,0,-18,2.2,0.1,0.0,0.2,6,2,0,6,-3,False
4,154,90,1,0,1,0,2,0,0,0,0,0,0,0,28,18.6,37.6,12.0,6.8,0,3,0,3,5,False
4,155,81,1,0,0,1,0,0,0,0,1,0,0,0,17,10.4,20.7,15.0,4.6,4,4,2,10,2,False
4,156,85,1,0,0,0,2,0,0,0,0,0,0,0,17,15.8,31.3,27.0,7.4,3,3,1,7,2,False
4,157,4,0,0,0,0,0,0,0,0,0,0,0,0,6,5.0,0.5,21.0,2.7,0,0,1,1,1,False
4,158,0,0,0,0,0,0,0,0,0,0,0,0,0,0,0.0,0.0,0.0,0.0,0,0,0,0,0,False
4,159,0,0,0,0,0,0,0,0,0,0,0,0,0,0,0.0,0.0,0.0,0.0,0,0,0,0,0,False
4,160,0,0,0,0,0,0,0,0,0,0,0,0,0,0,0.0,0.0,0.0,0.0,0,0,0,0,0,False
4,161,68,1,0,0,0,2,0,0,0,0,0,0,0,14,7.4,4.9,0.0,1.2,3,5,1,9,2,False
4,162,0,0,0,0,0,0,0,0,0,0,0,0,0,0,0.0,0.0,0.0,0.0,0,0,0,0,0,False
4,163,0,0,0,0,0,0,0,0,0,0,0,0,0,0,0.0,0.0,0.0,0.0,0,0,0,0,0,False
4,164,0,0,0,0,0,0,0,0,0,0,0,0,0,0,0.0,0.0,0.0,0.0,0,0,0,0,0,False
4,165,90,1,1,1,0,2,0,0,0,0,0,0,3,44,54.4,15.7,31.0,10.1,2,0,0,2,12,True
4,166,45,1,0,0,0,0,0,0,0,1,0,0,0,0,0.0,2.0,2.0,0.2,0,0,0,0,0,False
4,167,90,1,1,0,0,1,0,0,0,1,0,0,0,25,28.6,12.6,38.0,7.9,1,2,1,4,5,False
4,168,0,0,0,0,0,0,0,0,0,0,0,0,0,0,0.0,0.0,0.0,0.0,0,0,0,0,0,False
4,169,0,0,0,0,0,0,0,0,0,0,0,0,0,0,0.0,0.0,0.0,0.0,0,0,0,0,0,False
4,170,0,0,0,0,0,0,0,0,0,0,0,0,0,0,0.0,0.0,0.0,0.0,0,0,0,0,0,False
4,171,0,0,0,0,0,0,0,0,0,0,0,0,0,0,0.0,0.0,0.0,0.0,0,0,0,0,0,False
4,172,0,0,0,0,0,0,0,0,0,0,0,0,0,0,0.0,0.0,0.0,0.0,0,0,0,0,0,False
4,173,90,1,0,0,0,5,0,0,0,0,0,0,0,-17,6.8,0.4,23.0,3.0,8,2,0,8,0,False
4,174,0,0,0,0,0,0,0,0,0,0,0,0,0,0,0.0,0.0,0.0,0.0,0,0,0,0,0,False
4,175,90,1,0,0,0,5,0,0,0,0,0,0,0,-5,18.8,11.6,4.0,3.4,6,3,1,7,0,False
4,176,90,1,0,0,0,5,0,0,0,0,0,0,0,-7,12.8,26.0,0.0,3.9,3,3,0,3,0,False
4,177,0,0,0,0,0,0,0,0,0,0,0,0,0,0,0.0,0.0,0.0,0.0,0,0,0,0,0,False
4,178,0,0,0,0,0,0,0,0,0,0,0,0,0,0,0.0,0.0,0.0,0.0,0,0,0,0,0,False
4,179,0,0,0,0,0,0,0,0,0,0,0,0,0,0,0.0,0.0,0.0,0.0,0,0,0,0,0,False
4,180,0,0,0,0,0,0,0,0,0,0,0,0,0,0,0.0,0.0,0.0,0.0,0,0,0,0,0,False
4,181,0,0,0,0,0,0,0,0,0,0,0,0,0,0,0.0,0.0,0.0,0.0,0,0,0,0,0,False
4,182,90,1,0,0,0,5,0,0,0,0,0,0,0,-12,18.2,10.3,4.0,3.3,8,0,0,8,0,False
4,183,72,1,0,0,0,3,0,0,0,0,0,0,0,11,10.8,55.5,25.0,9.1,2,3,0,5,2,False
4,184,83,1,0,0,0,4,0,0,0,0,0,0,0,9,5.6,5.8,2.0,1.3,1,1,1,3,2,False
4,185,0,0,0,0,0,0,0,0,0,0,0,0,0,0,0.0,0.0,0.0,0.0,0,0,0,0,0,False
4,186,59,1,0,0,0,2,0,0,0,0,0,0,0,5,6.0,1.0,44.0,5.1,2,2,0,4,1,False
4,187,0,0,0,0,0,0,0,0,0,0,0,0,0,0,0.0,0.0,0.0,0.0,0,0,0,0,0,False
4,188,6,0,0,0,0,1,0,0,0,0,0,0,0,3,0.4,0.4,0.0,0.1,0,0,0,0,1,False
4,189,0,0,0,0,0,0,0,0,0,0,0,0,0,0,0.0,0.0,0.0,0.0,0,0,0,0,0,False
4,190,0,0,0,0,0,0,0,0,0,0,0,0,0,0,0.0,0.0,0.0,0.0,0,0,0,0,0,False
4,191,0,0,0,0,0,0,0,0,0,0,0,0,0,0,0.0,0.0,0.0,0.0,0,0,0,0,0,False
4,192,0,0,0,0,0,0,0,0,0,0,0,0,0,0,0.0,0.0,0.0,0.0,0,0,0,0,0,False
4,193,0,0,0,0,0,0,0,0,0,0,0,0,0,0,0.0,0.0,0.0,0.0,0,0,0,0,0,False
4,194,17,0,0,0,0,2,0,0,0,0,0,0,0,7,6.0,0.5,26.0,3.3,0,0,0,0,1,False
4,195,0,0,0,0,0,0,0,0,0,0,0,0,0,0,0.0,0.0,0.0,0.0,0,0,0,0,0,False
4,196,0,0,0,0,0,0,0,0,0,0,0,0,0,0,0.0,0.0,0.0,0.0,0,0,0,0,0,False
4,197,0,0,0,0,0,0,0,0,0,0,0,0,0,0,0.0,0.0,0.0,0.0,0,0,0,0,0,False
4,198,0,0,0,0,0,0,0,0,0,0,0,0,0,0,0.0,0.0,0.0,0.0,0,0,0,0,0,False
4,199,90,1,0,0,0,3,0,0,0,0,0,3,0,3,18.8,0.0,0.0,1.9,1,7,0,0,2,False
4,200,4,0,0,0,0,0,0,0,0,0,0,0,0,4,3.6,0.0,0.0,0.4,2,0,1,3,1,False
4,201,90,1,0,0,0,1,0,0,0,0,0,0,0,23,31.6,55.9,39.0,12.7,3,4,4,7,2,False
4,202,90,1,0,0,0,3,0,0,0,1,0,0,0,2,22.4,5.9,0.0,2.8,12,6,1,13,2,False
4,203,0,0,0,0,0,0,0,0,0,0,0,0,0,0,0.0,0.0,0.0,0.0,0,0,0,0,0,False
4,204,76,1,0,0,0,2,0,0,0,0,0,0,0,6,7.8,18.1,0.0,2.6,1,8,0,1,1,False
4,205,0,0,0,0,0,0,0,0,0,0,0,0,0,0,0.0,0.0,0.0,0.0,0,0,0,0,0,False
4,206,0,0,0,0,0,0,0,0,0,0,0,0,0,0,0.0,0.0,0.0,0.0,0,0,0,0,0,False
4,207,0,0,0,0,0,0,0,0,0,0,0,0,0,0,0.0,0.0,0.0,0.0,0,0,0,0,0,False
4,208,0,0,0,0,0,0,0,0,0,0,0,0,0,0,0.0,0.0,0.0,0.0,0,0,0,0,0,False
4,209,74,1,0,0,1,0,0,0,0,0,0,0,0,13,11.2,29.0,6.0,4.6,2,2,2,6,3,False
4,210,76,1,0,0,0,2,0,0,0,0,0,0,0,13,5.2,11.8,3.0,2.0,1,3,1,5,2,False
4,211,36,1,0,0,0,1,0,0,0,0,0,0,0,4,0.0,2.7,2.0,0.5,0,1,0,1,1,False
4,212,13,0,0,0,0,1,0,0,0,0,0,0,0,6,5.6,15.0,0.0,2.1,1,2,1,4,1,False
4,213,6,0,0,0,0,1,0,0,0,0,0,0,0,3,2.2,0.3,0.0,0.3,1,0,0,1,1,False
4,214,83,1,0,2,0,2,0,0,0,0,0,0,0,30,36.2,21.9,2.0,6.0,0,0,1,1,8,False
4,215,0,0,0,0,0,0,0,0,0,0,0,0,0,0,0.0,0.0,0.0,0.0,0,0,0,0,0,False
4,216,0,0,0,0,0,0,0,0,0,0,0,0,0,0,0.0,0.0,0.0,0.0,0,0,0,0,0,False
4,217,0,0,0,0,0,0,0,0,0,0,0,0,0,0,0.0,0.0,0.0,0.0,0,0,0,0,0,False
4,218,0,0,0,0,0,0,0,0,0,0,0,0,0,0,0.0,0.0,0.0,0.0,0,0,0,0,0,False
4,219,0,0,0,0,0,0,0,0,0,0,0,0,0,0,0.0,0.0,0.0,0.0,0,0,0,0,0,False
4,220,0,0,0,0,0,0,0,0,0,0,0,0,0,0,0.0,0.0,0.0,0.0,0,0,0,0,0,False
4,221,0,0,0,0,0,0,0,0,0,0,0,0,0,0,0.0,0.0,0.0,0.0,0,0,0,0,0,False
4,222,83,1,1,0,0,2,0,0,0,0,0,0,2,39,40.8,12.8,31.0,8.5,0,1,1,2,8,False
4,223,0,0,0,0,0,0,0,0,0,0,0,0,0,0,0.0,0.0,0.0,0.0,0,0,0,0,0,False
4,224,0,0,0,0,0,0,0,0,0,0,0,0,0,0,0.0,0.0,0.0,0.0,0,0,0,0,0,False
4,225,0,0,0,0,0,0,0,0,0,0,0,0,0,0,0.0,0.0,0.0,0.0,0,0,0,0,0,False
4,226,90,1,0,0,1,0,0,0,0,0,0,2,0,25,11.6,0.0,0.0,1.2,2,11,0,0,6,False
4,227,0,0,0,0,0,0,0,0,0,0,0,0,0,0,0.0,0.0,0.0,0.0,0,0,0,0,0,False
4,228,0,0,0,0,0,0,0,0,0,0,0,0,0,0,0.0,0.0,0.0,0.0,0,0,0,0,0,False
4,229,90,1,0,0,1,0,0,0,0,0,0,0,2,32,19.2,1.8,0.0,2.1,3,3,5,8,8,False
4,230,90,1,0,0,1,0,0,0,0,0,0,0,0,27,30.0,3.4,0.0,3.3,8,2,1,9,6,False
4,231,0,0,0,0,0,0,0,0,0,0,0,0,0,0,0.0,0.0,0.0,0.0,0,0,0,0,0,False
4,232,15,0,0,0,0,0,0,0,0,0,0,0,0,2,1.0,0.0,0.0,0.1,1,1,0,1,1,False
4,233,90,1,0,0,1,0,0,0,0,0,0,0,3,38,24.4,11.3,4.0,4.0,4,4,7,11,11,True
4,234,0,0,0,0,0,0,0,0,0,0,0,0,0,0,0.0,0.0,0.0,0.0,0,0,0,0,0,False
4,235,0,0,0,0,0,0,0,0,0,0,0,0,0,0,0.0,0.0,0.0,0.0,0,0,0,0,0,False
4,236,90,1,0,0,1,0,0,0,0,1,0,0,0,16,15.0,19.0,28.0,6.2,2,4,0,6,2,False
4,237,45,0,0,0,0,0,0,0,0,0,0,0,0,15,9.8,1.8,2.0,1.4,3,6,1,10,1,False
4,238,25,0,0,0,0,0,0,0,0,0,0,0,0,4,3.4,1.2,2.0,0.7,2,1,1,4,1,False
4,239,90,1,0,0,1,0,0,0,0,1,0,0,0,23,23.6,5.1,7.0,3.6,3,8,6,17,4,False
4,240,21,0,0,0,0,0,0,0,0,1,0,0,0,2,3.0,0.2,0.0,0.3,1,0,1,2,0,False
4,241,0,0,0,0,0,0,0,0,0,0,0,0,0,0,0.0,0.0,0.0,0.0,0,0,0,0,0,False
4,242,64,1,0,0,1,0,0,0,0,0,0,0,0,13,6.4,15.4,5.0,2.7,1,2,0,3,3,False
4,243,0,0,0,0,0,0,0,0,0,0,0,0,0,0,0.0,0.0,0.0,0.0,0,0,0,0,0,False
4,244,90,1,0,0,1,0,0,0,0,0,0,0,0,6,12.4,4.5,2.0,1.9,3,2,0,5,3,False
4,245,0,0,0,0,0,0,0,0,0,0,0,0,0,0,0.0,0.0,0.0,0.0,0,0,0,0,0,False
4,246,0,0,0,0,0,0,0,0,0,0,0,0,0,0,0.0,0.0,0.0,0.0,0,0,0,0,0,False
4,247,15,0,0,0,0,0,0,0,0,0,0,0,0,3,3.2,10.8,4.0,1.8,1,0,0,1,1,False
4,248,0,0,0,0,0,0,0,0,0,0,0,0,0,0,0.0,0.0,0.0,0.0,0,0,0,0,0,False
4,249,90,1,0,0,1,0,0,0,0,0,0,0,0,5,3.2,14.0,57.0,7.4,1,1,0,2,2,False
4,250,90,1,0,0,1,0,0,0,0,0,0,3,2,29,25.4,0.0,0.0,2.5,1,8,0,0,9,False
4,251,0,0,0,0,0,0,0,0,0,0,0,0,0,0,0.0,0.0,0.0,0.0,0,0,0,0,0,False
4,252,0,0,0,0,0,0,0,0,0,0,0,0,0,0,0.0,0.0,0.0,0.0,0,0,0,0,0,False
4,253,0,0,0,0,0,0,0,0,0,0,0,0,0,0,0.0,0.0,0.0,0.0,0,0,0,0,0,False
4,254,90,1,0,0,1,0,0,0,0,0,0,0,0,25,17.6,22.1,6.0,4.6,7,4,2,9,6,False
4,255,0,0,0,0,0,0,0,0,0,0,0,0,0,0,0.0,0.0,0.0,0.0,0,0,0,0,0,False
4,256,27,0,0,0,0,0,0,0,0,1,0,0,0,-1,1.6,0.3,2.0,0.4,3,0,0,3,0,False
4,257,90,1,0,0,1,0,0,0,0,0,0,0,0,27,23.4,0.7,21.0,4.5,7,3,1,8,6,False
4,258,71,1,0,0,1,0,0,0,0,0,0,0,0,23,11.2,0.8,2.0,1.4,3,3,2,5,6,False
4,259,90,1,0,0,0,2,0,0,0,0,0,0,0,8,15.0,1.8,2.0,1.9,6,5,1,7,1,False
4,260,18,0,0,0,0,1,0,0,0,0,0,0,0,4,3.2,4.7,0.0,0.8,1,0,1,2,1,False
4,261,76,1,0,0,1,0,0,0,0,0,0,0,0,15,7.6,33.7,10.0,5.1,0,3,1,4,3,False
4,262,13,0,0,0,0,0,0,0,0,0,0,0,0,3,1.2,0.5,0.0,0.2,1,1,0,2,1,False
4,263,18,0,0,0,0,0,0,0,0,0,0,0,0,4,0.2,3.3,1.0,0.5,0,2,1,3,1,False
4,264,62,1,0,0,1,0,0,0,0,0,0,0,0,12,10.0,30.0,4.0,4.4,2,4,1,7,3,False
4,265,90,1,0,0,1,0,0,0,0,0,0,0,0,14,18.6,11.7,6.0,3.6,4,2,3,9,3,False
4,266,0,0,0,0,0,0,0,0,0,0,0,0,0,0,0.0,0.0,0.0,0.0,0,0,0,0,0,False
4,267,76,1,0,0,0,2,0,0,0,1,0,0,0,8,10.2,23.5,2.0,3.6,5,4,1,10,1,False
4,268,76,1,0,0,1,0,0,0,0,0,0,0,0,19,11.4,14.3,37.0,6.3,0,2,2,4,3,False
4,269,0,0,0,0,0,0,0,0,0,0,0,0,0,0,0.0,0.0,0.0,0.0,0,0,0,0,0,False
4,270,0,0,0,0,0,0,0,0,0,0,0,0,0,0,0.0,0.0,0.0,0.0,0,0,0,0,0,False
4,271,13,0,0,0,0,0,0,0,0,0,0,0,0,4,2.0,0.3,2.0,0.4,1,0,0,1,1,False
4,272,0,0,0,0,0,0,0,0,0,0,0,0,0,0,0.0,0.0,0.0,0.0,0,0,0,0,0,False
4,273,0,0,0,0,0,0,0,0,0,0,0,0,0,0,0.0,0.0,0.0,0.0,0,0,0,0,0,False
4,274,0,0,0,0,0,0,0,0,0,0,0,0,0,0,0.0,0.0,0.0,0.0,0,0,0,0,0,False
4,275,0,0,0,0,0,0,0,0,0,0,0,0,0,0,0.0,0.0,0.0,0.0,0,0,0,0,0,False
4,276,0,0,0,0,0,0,0,0,0,0,0,0,0,0,0.0,0.0,0.0,0.0,0,0,0,0,0,False
4,277,90,1,0,0,0,2,0,0,0,1,0,0,0,-1,14.2,0.5,6.0,2.1,12,6,2,14,2,False
4,278,0,0,0,0,0,0,0,0,0,0,0,0,0,0,0.0,0.0,0.0,0.0,0,0,0,0,0,False
4,279,90,1,0,0,0,2,0,0,0,0,0,0,0,-6,5.4,1.3,6.0,1.3,2,2,1,3,1,False
4,280,81,1,0,0,0,2,0,0,0,0,0,0,0,2,5.6,10.9,5.0,2.2,2,4,1,3,1,False
4,281,0,0,0,0,0,0,0,0,0,0,0,0,0,0,0.0,0.0,0.0,0.0,0,0,0,0,0,False
4,282,90,1,0,1,0,2,0,0,0,0,0,0,0,20,32.4,33.5,0.0,6.6,6,2,1,7,4,False
4,283,0,0,0,0,0,0,0,0,0,0,0,0,0,0,0.0,0.0,0.0,0.0,0,0,0,0,0,False
4,284,0,0,0,0,0,0,0,0,0,0,0,0,0,0,0.0,0.0,0.0,0.0,0,0,0,0,0,False
4,285,0,0,0,0,0,0,0,0,0,0,0,0,0,0,0.0,0.0,0.0,0.0,0,0,0,0,0,False
4,286,59,1,2,0,0,1,0,0,0,0,0,0,2,43,68.2,11.7,31.0,11.1,0,0,1,1,13,True
4,287,0,0,0,0,0,0,0,0,0,0,0,0,0,0,0.0,0.0,0.0,0.0,0,0,0,0,0,False
4,288,0,0,0,0,0,0,0,0,0,0,0,0,0,0,0.0,0.0,0.0,0.0,0,0,0,0,0,False
4,289,68,1,0,0,0,2,0,0,0,1,0,0,0,2,11.0,0.4,0.0,1.1,5,3,2,10,1,False
4,290,90,1,0,0,0,2,0,0,0,0,0,0,0,22,19.2,26.9,7.0,5.3,3,5,3,11,2,False
4,291,0,0,0,0,0,0,0,0,0,0,0,0,0,0,0.0,0.0,0.0,0.0,0,0,0,0,0,False
4,292,0,0,0,0,0,0,0,0,0,0,0,0,0,0,0.0,0.0,0.0,0.0,0,0,0,0,0,False
4,293,0,0,0,0,0,0,0,0,0,0,0,0,0,0,0.0,0.0,0.0,0.0,0,0,0,0,0,False
4,294,0,0,0,0,0,0,0,0,0,0,0,0,0,0,0.0,0.0,0.0,0.0,0,0,0,0,0,False
4,295,81,1,0,1,0,2,0,0,0,1,0,0,0,17,23.6,10.8,19.0,5.3,2,0,1,3,4,False
4,296,0,0,0,0,0,0,0,0,0,0,0,0,0,0,0.0,0.0,0.0,0.0,0,0,0,0,0,False
4,297,0,0,0,0,0,0,0,0,0,0,0,0,0,0,0.0,0.0,0.0,0.0,0,0,0,0,0,False
4,298,0,0,0,0,0,0,0,0,0,0,0,0,0,0,0.0,0.0,0.0,0.0,0,0,0,0,0,False
4,299,0,0,0,0,0,0,0,0,0,0,0,0,0,0,0.0,0.0,0.0,0.0,0,0,0,0,0,False
4,300,0,0,0,0,0,0,0,0,0,0,0,0,0,0,0.0,0.0,0.0,0.0,0,0,0,0,0,False
4,301,0,0,0,0,0,0,0,0,0,0,0,0,0,0,0.0,0.0,0.0,0.0,0,0,0,0,0,False
4,302,0,0,0,0,0,0,0,0,0,0,0,0,0,0,0.0,0.0,0.0,0.0,0,0,0,0,0,False
4,303,0,0,0,0,0,0,0,0,0,0,0,0,0,0,0.0,0.0,0.0,0.0,0,0,0,0,0,False
4,304,90,1,0,0,0,2,0,0,0,0,0,0,0,5,29.6,30.8,4.0,6.4,7,2,2,9,1,False
4,305,90,1,1,2,0,2,0,0,0,0,0,0,1,35,54.8,17.1,39.0,11.1,2,0,0,2,14,True
4,306,87,1,0,0,0,2,0,0,0,0,0,0,0,7,18.8,2.0,0.0,2.1,6,4,0,6,1,False
4,307,0,0,0,0,0,0,0,0,0,0,0,0,0,0,0.0,0.0,0.0,0.0,0,0,0,0,0,False
4,308,0,0,0,0,0,0,0,0,0,0,0,0,0,0,0.0,0.0,0.0,0.0,0,0,0,0,0,False
4,309,0,0,0,0,0,0,0,0,0,0,0,0,0,0,0.0,0.0,0.0,0.0,0,0,0,0,0,False
4,310,0,0,0,0,0,0,0,0,0,0,0,0,0,0,0.0,0.0,0.0,0.0,0,0,0,0,0,False
4,311,0,0,0,0,0,0,0,0,0,0,0,0,0,0,0.0,0.0,0.0,0.0,0,0,0,0,0,False
4,312,0,0,0,0,0,0,0,0,0,0,0,0,0,0,0.0,0.0,0.0,0.0,0,0,0,0,0,False
4,313,62,1,0,0,0,1,0,0,0,1,0,0,0,8,5.0,13.0,21.0,3.9,0,1,1,2,1,False
4,314,0,0,0,0,0,0,0,0,0,0,0,0,0,0,0.0,0.0,0.0,0.0,0,0,0,0,0,False
4,315,61,1,0,0,0,1,0,0,0,1,0,0,0,6,6.2,11.3,6.0,2.4,2,3,2,7,1,False
4,316,62,1,1,1,0,1,0,0,0,0,0,0,3,45,46.6,12.4,33.0,9.2,0,2,0,2,12,True
4,317,0,0,0,0,0,0,0,0,0,0,0,0,0,0,0.0,0.0,0.0,0.0,0,0,0,0,0,False
4,318,28,0,0,0,0,1,0,0,0,0,0,0,0,6,3.4,0.8,9.0,1.3,0,3,0,3,1,False
4,319,0,0,0,0,0,0,0,0,0,0,0,0,0,0,0.0,0.0,0.0,0.0,0,0,0,0,0,False
4,320,0,0,0,0,0,0,0,0,0,0,0,0,0,0,0.0,0.0,0.0,0.0,0,0,0,0,0,False
4,321,0,0,0,0,0,0,0,0,0,0,0,0,0,0,0.0,0.0,0.0,0.0,0,0,0,0,0,False
4,322,0,0,0,0,0,0,0,0,0,0,0,0,0,0,0.0,0.0,0.0,0.0,0,0,0,0,0,False
4,323,0,0,0,0,0,0,0,0,0,0,0,0,0,0,0.0,0.0,0.0,0.0,0,0,0,0,0,False
4,324,0,0,0,0,0,0,0,0,0,0,0,0,0,0,0.0,0.0,0.0,0.0,0,0,0,0,0,False
4,325,0,0,0,0,0,0,0,0,0,0,0,0,0,0,0.0,0.0,0.0,0.0,0,0,0,0,0,False
4,326,0,0,0,0,0,0,0,0,0,0,0,0,0,0,0.0,0.0,0.0,0.0,0,0,0,0,0,False
4,327,0,0,0,0,0,0,0,0,0,0,0,0,0,0,0.0,0.0,0.0,0.0,0,0,0,0,0,False
4,328,12,0,0,0,0,0,0,0,0,0,0,0,0,4,11.2,0.8,0.0,1.2,4,0,0,4,1,False
4,329,0,0,0,0,0,0,0,0,0,0,0,0,0,0,0.0,0.0,0.0,0.0,0,0,0,0,0,False
4,330,82,1,1,0,1,0,0,0,0,0,0,0,3,45,47.8,18.5,71.0,13.7,1,1,2,3,15,True
4,331,72,1,0,0,1,0,0,0,0,0,0,0,0,26,10.0,8.6,4.0,2.3,1,2,3,4,6,False
4,332,90,1,0,0,0,1,0,0,0,0,0,0,0,11,18.4,25.6,4.0,4.8,3,1,2,5,2,False
4,333,0,0,0,0,0,0,0,0,0,0,0,0,0,0,0.0,0.0,0.0,0.0,0,0,0,0,0,False
4,334,90,1,0,1,0,1,0,0,0,0,0,0,0,27,37.0,10.5,2.0,5.0,10,5,1,11,7,False
4,335,87,1,0,0,1,0,0,0,0,0,0,0,0,16,12.0,40.4,12.0,6.4,3,5,2,10,3,False
4,336,71,1,1,0,1,0,0,0,0,0,0,0,1,35,41.4,17.8,21.0,8.0,1,3,2,6,9,False
4,337,18,0,0,0,0,1,0,0,0,0,0,0,0,4,0.2,0.3,2.0,0.3,0,1,0,1,1,False
4,338,90,1,0,1,0,1,0,0,0,0,0,0,0,25,8.0,1.7,4.0,1.4,2,9,1,12,7,False
4,339,2,0,0,0,0,1,0,0,0,0,0,0,0,4,0.0,0.0,0.0,0.0,0,0,0,0,1,False
4,340,0,0,0,0,0,0,0,0,0,0,0,0,0,0,0.0,0.0,0.0,0.0,0,0,0,0,0,False
4,341,0,0,0,0,0,0,0,0,0,0,0,0,0,0,0.0,0.0,0.0,0.0,0,0,0,0,0,False
4,342,0,0,0,0,0,0,0,0,0,0,0,0,0,0,0.0,0.0,0.0,0.0,0,0,0,0,0,False
4,343,7,0,0,0,0,1,0,0,0,0,0,0,0,4,0.0,0.0,3.0,0.3,0,2,0,2,1,False
4,344,0,0,0,0,0,0,0,0,0,0,0,0,0,0,0.0,0.0,0.0,0.0,0,0,0,0,0,False
4,345,71,1,0,1,1,0,0,0,0,0,0,0,0,24,9.2,3.1,2.0,1.4,1,2,2,5,6,False
4,346,77,1,1,1,1,0,0,0,0,1,0,0,2,37,51.0,12.2,67.0,13.0,1,4,0,5,10,False
4,347,12,0,0,0,0,1,0,0,0,0,0,0,0,4,0.2,0.3,0.0,0.1,0,1,0,1,1,False
4,348,0,0,0,0,0,0,0,0,0,0,0,0,0,0,0.0,0.0,0.0,0.0,0,0,0,0,0,False
4,349,0,0,0,0,0,0,0,0,0,0,0,0,0,0,0.0,0.0,0.0,0.0,0,0,0,0,0,False
4,350,90,1,0,0,1,0,0,0,0,0,0,3,2,29,21.0,0.0,0.0,2.1,0,14,0,0,9,False
4,351,0,0,0,0,0,0,0,0,0,0,0,0,0,0,0.0,0.0,0.0,0.0,0,0,0,0,0,False
4,352,0,0,0,0,0,0,0,0,0,0,0,0,0,0,0.0,0.0,0.0,0.0,0,0,0,0,0,False
4,353,0,0,0,0,0,0,0,0,0,0,0,0,0,0,0.0,0.0,0.0,0.0,0,0,0,0,0,False
4,354,0,0,0,0,0,0,0,0,0,0,0,0,0,0,0.0,0.0,0.0,0.0,0,0,0,0,0,False
4,355,0,0,0,0,0,0,0,0,0,0,0,0,0,0,0.0,0.0,0.0,0.0,0,0,0,0,0,False
4,356,90,1,0,0,1,0,0,0,0,0,0,0,0,25,25.8,12.8,0.0,3.9,10,1,0,10,8,False
4,357,18,0,0,0,0,0,0,0,0,0,0,0,0,12,13.0,24.9,2.0,4.0,3,1,1,4,1,False
4,358,45,0,0,0,0,0,0,0,0,0,0,0,0,6,9.8,7.1,0.0,1.7,2,0,1,3,1,False
4,359,0,0,0,0,0,0,0,0,0,0,0,0,0,0,0.0,0.0,0.0,0.0,0,0,0,0,0,False
4,360,0,0,0,0,0,0,0,0,0,0,0,0,0,0,0.0,0.0,0.0,0.0,0,0,0,0,0,False
4,361,0,0,0,0,0,0,0,0,0,0,0,0,0,0,0.0,0.0,0.0,0.0,0,0,0,0,0,False
4,362,90,1,0,0,1,0,0,0,0,0,0,0,3,36,20.2,3.3,0.0,2.4,4,5,1,5,9,False
4,363,0,0,0,0,0,0,0,0,0,0,0,0,0,0,0.0,0.0,0.0,0.0,0,0,0,0,0,False
4,364,45,1,0,0,0,0,0,0,0,0,0,0,0,2,2.8,1.6,0.0,0.4,2,3,1,3,1,False
4,365,0,0,0,0,0,0,0,0,0,0,0,0,0,0,0.0,0.0,0.0,0.0,0,0,0,0,0,False
4,366,90,1,0,0,1,0,0,0,0,0,0,0,0,14,7.6,31.8,12.0,5.1,2,6,1,9,3,False
4,367,30,0,0,0,0,0,0,0,0,0,0,0,0,3,0.8,1.3,7.0,0.9,0,2,0,2,1,False
4,368,90,1,0,0,1,0,0,0,0,0,0,0,0,25,16.0,55.7,9.0,8.1,3,3,0,6,3,False
4,369,18,0,0,0,0,0,0,0,0,0,0,0,0,-1,0.0,0.8,4.0,0.3,1,0,0,1,1,False
4,370,0,0,0,0,0,0,0,0,0,0,0,0,0,0,0.0,0.0,0.0,0.0,0,0,0,0,0,False
4,371,59,1,0,0,0,0,0,0,0,0,0,0,0,13,19.6,11.4,2.0,3.3,7,1,2,10,1,False
4,372,30,0,0,0,0,0,0,0,0,0,0,0,0,7,9.2,22.4,4.0,3.6,2,1,1,4,1,False
4,373,0,0,0,0,0,0,0,0,0,0,0,0,0,0,0.0,0.0,0.0,0.0,0,0,0,0,0,False
4,374,0,0,0,0,0,0,0,0,0,0,0,0,0,0,0.0,0.0,0.0,0.0,0,0,0,0,0,False
4,375,0,0,0,0,0,0,0,0,0,0,0,0,0,0,0.0,0.0,0.0,0.0,0,0,0,0,0,False
4,376,0,0,0,0,0,0,0,0,0,0,0,0,0,0,0.0,0.0,0.0,0.0,0,0,0,0,0,False
4,377,59,1,0,0,0,0,0,0,0,0,0,0,0,5,3.4,1.4,37.0,4.2,0,2,0,2,1,False
4,378,0,0,0,0,0,0,0,0,0,0,0,0,0,0,0.0,0.0,0.0,0.0,0,0,0,0,0,False
4,379,90,1,0,0,1,0,0,0,0,0,0,0,0,5,1.2,2.8,28.0,3.2,0,1,0,1,2,False
4,380,0,0,0,0,0,0,0,0,0,0,0,0,0,0,0.0,0.0,0.0,0.0,0,0,0,0,0,False
4,381,0,0,0,0,0,0,0,0,0,0,0,0,0,0,0.0,0.0,0.0,0.0,0,0,0,0,0,False
4,382,0,0,0,0,0,0,0,0,0,0,0,0,0,0,0.0,0.0,0.0,0.0,0,0,0,0,0,False
4,383,0,0,0,0,0,0,0,0,0,0,0,0,0,0,0.0,0.0,0.0,0.0,0,0,0,0,0,False
4,384,90,1,0,0,1,0,0,0,0,0,0,3,0,29,20.6,0.0,0.0,2.1,0,10,0,0,7,False
4,385,90,1,0,0,0,1,0,0,0,0,0,4,0,17,29.0,0.0,0.0,2.9,4,8,0,0,3,False
4,386,0,0,0,0,0,0,0,0,0,0,0,0,0,0,0.0,0.0,0.0,0.0,0,0,0,0,0,False
4,387,8,0,0,0,0,0,0,0,0,0,0,0,0,3,0.0,0.5,0.0,0.1,0,1,0,0,1,False
4,388,90,1,0,0,1,0,0,0,0,0,0,0,0,27,16.6,0.6,2.0,1.9,7,3,0,7,6,False
4,389,90,1,0,0,1,0,0,0,0,0,0,0,1,34,31.2,1.5,0.0,3.3,9,8,2,11,9,False
4,390,90,1,0,0,1,0,0,0,0,0,0,0,0,24,17.4,0.2,2.0,2.0,7,2,0,7,6,False
4,391,90,1,0,1,1,0,0,0,0,1,0,0,3,36,16.4,1.1,4.0,2.2,3,3,4,7,11,False
4,392,0,0,0,0,0,0,0,0,0,0,0,0,0,0,0.0,0.0,0.0,0.0,0,0,0,0,0,False
4,393,0,0,0,0,0,0,0,0,0,0,0,0,0,0,0.0,0.0,0.0,0.0,0,0,0,0,0,False
4,394,0,0,0,0,0,0,0,0,0,0,0,0,0,0,0.0,0.0,0.0,0.0,0,0,0,0,0,False
4,395,0,0,0,0,0,0,0,0,0,0,0,0,0,0,0.0,0.0,0.0,0.0,0,0,0,0,0,False
4,396,0,0,0,0,0,0,0,0,0,0,0,0,0,0,0.0,0.0,0.0,0.0,0,0,0,0,0,False
4,397,90,1,0,0,1,0,0,0,0,0,0,0,0,7,2.2,16.1,6.0,2.4,0,2,1,3,3,False
4,398,22,1,0,0,0,0,0,0,0,0,1,0,0,-4,0.0,12.1,6.0,1.6,0,0,0,0,-2,False
4,399,45,1,0,0,0,0,0,0,0,0,0,0,0,4,1.6,6.6,4.0,1.2,1,0,0,1,1,False
4,400,0,0,0,0,0,0,0,0,0,0,0,0,0,0,0.0,0.0,0.0,0.0,0,0,0,0,0,False
4,401,76,1,0,0,1,0,0,0,0,0,0,0,0,9,3.2,11.6,14.0,2.9,0,5,0,5,2,False
4,402,0,0,0,0,0,0,0,0,0,0,0,0,0,0,0.0,0.0,0.0,0.0,0,0,0,0,0,False
4,403,90,1,0,0,1,0,0,0,0,0,0,0,0,22,20.8,53.7,28.0,10.3,1,5,0,6,3,False
4,404,0,0,0,0,0,0,0,0,0,0,0,0,0,0,0.0,0.0,0.0,0.0,0,0,0,0,0,False
4,405,18,1,0,0,0,0,0,0,0,0,0,0,0,3,0.0,0.1,0.0,0.0,0,1,0,1,1,False
4,406,0,0,0,0,0,0,0,0,0,0,0,0,0,0,0.0,0.0,0.0,0.0,0,0,0,0,0,False
4,407,0,0,0,0,0,0,0,0,0,0,0,0,0,0,0.0,0.0,0.0,0.0,0,0,0,0,0,False
4,408,0,0,0,0,0,0,0,0,0,0,0,0,0,0,0.0,0.0,0.0,0.0,0,0,0,0,0,False
4,409,0,0,0,0,0,0,0,0,0,0,0,0,0,0,0.0,0.0,0.0,0.0,0,0,0,0,0,False
4,410,0,0,0,0,0,0,0,0,0,0,0,0,0,0,0.0,0.0,0.0,0.0,0,0,0,0,0,False
4,411,90,1,1,0,1,0,0,0,0,0,0,0,3,36,34.0,1.6,37.0,7.3,0,3,0,3,9,False
4,412,90,1,0,0,0,1,0,0,0,0,0,1,0,5,6.6,0.0,0.0,0.7,1,5,0,0,2,False
4,413,0,0,0,0,0,0,0,0,0,0,0,0,0,0,0.0,0.0,0.0,0.0,0,0,0,0,0,False
4,414,0,0,0,0,0,0,0,0,0,0,0,0,0,0,0.0,0.0,0.0,0.0,0,0,0,0,0,False
4,415,90,1,0,0,0,1,0,0,0,0,0,0,0,19,19.6,18.7,4.0,4.2,3,3,6,12,4,False
4,416,0,0,0,0,0,0,0,0,0,0,0,0,0,0,0.0,0.0,0.0,0.0,0,0,0,0,0,False
4,417,90,1,0,0,0,1,0,0,0,0,0,0,0,9,6.2,16.5,3.0,2.6,2,9,1,3,2,False
4,418,90,1,0,0,0,1,0,0,0,1,0,0,0,4,9.4,1.6,11.0,2.2,4,6,1,5,1,False
4,419,90,1,0,0,0,1,0,0,0,0,0,0,0,14,20.2,3.4,7.0,3.1,3,5,3,6,2,False
4,420,0,0,0,0,0,0,0,0,0,0,0,0,0,0,0.0,0.0,0.0,0.0,0,0,0,0,0,False
4,421,0,0,0,0,0,0,0,0,0,0,0,0,0,0,0.0,0.0,0.0,0.0,0,0,0,0,0,False
4,422,0,0,0,0,0,0,0,0,0,0,0,0,0,0,0.0,0.0,0.0,0.0,0,0,0,0,0,False
4,423,0,0,0,0,0,0,0,0,0,0,0,0,0,0,0.0,0.0,0.0,0.0,0,0,0,0,0,False
4,424,0,0,0,0,0,0,0,0,0,0,0,0,0,0,0.0,0.0,0.0,0.0,0,0,0,0,0,False
4,425,0,0,0,0,0,0,0,0,0,0,0,0,0,0,0.0,0.0,0.0,0.0,0,0,0,0,0,False
4,426,90,1,0,0,0,1,0,0,0,0,0,0,0,17,17.0,31.4,7.0,5.5,1,4,2,7,2,False
4,427,90,1,0,0,0,1,0,0,0,0,0,0,0,9,11.2,32.8,24.0,6.8,1,3,1,5,2,False
4,428,90,1,0,0,0,1,0,0,0,0,0,0,0,8,2.4,14.3,15.0,3.2,0,1,1,2,2,False
4,429,82,1,0,0,0,1,0,0,0,0,0,0,0,6,5.4,14.1,29.0,4.9,2,2,1,5,2,False
4,430,0,0,0,0,0,0,0,0,0,0,0,0,0,0,0.0,0.0,0.0,0.0,0,0,0,0,0,False
4,431,0,0,0,0,0,0,0,0,0,0,0,0,0,0,0.0,0.0,0.0,0.0,0,0,0,0,0,False
4,432,90,1,0,0,0,1,0,0,0,0,0,0,0,20,19.8,37.2,1.0,5.8,4,9,0,13,4,False
4,433,0,0,0,0,0,0,0,0,0,0,0,0,0,0,0.0,0.0,0.0,0.0,0,0,0,0,0,False
4,434,0,0,0,0,0,0,0,0,0,0,0,0,0,0,0.0,0.0,0.0,0.0,0,0,0,0,0,False
4,435,0,0,0,0,0,0,0,0,0,0,0,0,0,0,0.0,0.0,0.0,0.0,0,0,0,0,0,False
4,436,0,0,0,0,0,0,0,0,0,0,0,0,0,0,0.0,0.0,0.0,0.0,0,0,0,0,0,False
4,437,0,0,0,0,0,0,0,0,0,0,0,0,0,0,0.0,0.0,0.0,0.0,0,0,0,0,0,False
4,438,0,0,0,0,0,0,0,0,0,0,0,0,0,0,0.0,0.0,0.0,0.0,0,0,0,0,0,False
4,439,23,0,0,0,0,0,0,0,0,0,0,0,0,4,1.2,0.7,4.0,0.6,0,2,0,2,1,False
4,440,7,0,0,0,0,0,0,0,0,0,0,0,0,4,4.4,4.8,0.0,0.9,1,2,0,3,1,False
4,441,0,0,0,0,0,0,0,0,0,0,0,0,0,0,0.0,0.0,0.0,0.0,0,0,0,0,0,False
4,442,0,0,0,0,0,0,0,0,0,0,0,0,0,0,0.0,0.0,0.0,0.0,0,0,0,0,0,False
4,443,0,0,0,0,0,0,0,0,0,0,0,0,0,0,0.0,0.0,0.0,0.0,0,0,0,0,0,False
4,444,0,0,0,0,0,0,0,0,0,0,0,0,0,0,0.0,0.0,0.0,0.0,0,0,0,0,0,False
4,445,90,1,0,0,0,4,0,0,0,0,0,0,0,-6,22.6,0.9,0.0,2.4,11,1,0,11,2,False
4,446,0,0,0,0,0,0,0,0,0,0,0,0,0,0,0.0,0.0,0.0,0.0,0,0,0,0,0,False
4,447,90,1,0,0,0,4,0,0,0,0,0,0,0,2,31.2,0.3,0.0,3.2,15,4,2,17,2,False
4,448,0,0,0,0,0,0,0,0,0,0,0,0,0,0,0.0,0.0,0.0,0.0,0,0,0,0,0,False
4,449,90,1,0,0,0,4,0,0,0,0,0,0,0,9,21.0,3.9,7.0,3.2,2,4,4,6,0,False
4,450,32,0,0,1,0,1,0,0,0,1,0,0,0,9,4.8,3.8,4.0,1.3,1,4,2,3,3,False
4,451,0,0,0,0,0,0,0,0,0,0,0,0,0,0,0.0,0.0,0.0,0.0,0,0,0,0,0,False
4,452,45,0,1,0,0,0,0,0,0,0,0,0,1,29,35.4,3.9,11.0,5.0,1,1,1,3,7,False
4,453,90,1,0,0,0,4,0,0,0,0,0,0,0,13,12.2,16.8,30.0,5.9,3,3,0,6,2,False
4,454,0,0,0,0,0,0,0,0,0,0,0,0,0,0,0.0,0.0,0.0,0.0,0,0,0,0,0,False
4,455,90,1,0,0,1,0,0,0,0,0,0,0,0,16,12.2,30.7,6.0,4.9,5,6,0,11,3,False
4,456,0,0,0,0,0,0,0,0,0,0,0,0,0,0,0.0,0.0,0.0,0.0,0,0,0,0,0,False
4,457,56,1,0,0,0,3,0,0,0,1,0,0,0,2,1.2,3.7,2.0,0.7,0,3,1,4,0,False
4,458,0,0,0,0,0,0,0,0,0,0,0,0,0,0,0.0,0.0,0.0,0.0,0,0,0,0,0,False
4,459,79,1,0,0,0,4,1,0,0,0,0,0,0,9,6.6,4.5,0.0,1.1,3,6,1,10,0,False
4,460,32,0,0,0,0,1,0,0,0,0,0,0,0,8,7.6,13.3,18.0,3.9,1,2,1,4,1,False
4,461,33,0,1,0,0,1,0,0,0,0,0,0,0,24,36.6,5.3,21.0,6.3,0,2,0,2,6,False
4,462,71,0,0,0,0,4,0,0,0,0,0,0,0,14,12.0,20.2,0.0,3.2,3,2,2,7,2,False
4,463,0,0,0,0,0,0,0,0,0,0,0,0,0,0,0.0,0.0,0.0,0.0,0,0,0,0,0,False
4,464,90,1,0,0,0,4,0,0,0,0,0,0,0,3,2.2,21.5,12.0,3.6,2,2,1,5,2,False
4,465,0,0,0,0,0,0,0,0,0,0,0,0,0,0,0.0,0.0,0.0,0.0,0,0,0,0,0,False
4,466,0,0,0,0,0,0,0,0,0,0,0,0,0,0,0.0,0.0,0.0,0.0,0,0,0,0,0,False
4,467,90,1,0,0,0,1,0,0,0,0,0,5,0,19,35.0,0.0,0.0,3.5,2,11,0,0,3,False
4,468,0,0,0,0,0,0,0,0,0,0,0,0,0,0,0.0,0.0,0.0,0.0,0,0,0,0,0,False
4,469,90,1,0,0,0,1,0,0,0,0,0,0,0,9,8.8,19.9,10.0,3.9,2,1,1,3,2,False
4,470,0,0,0,0,0,0,0,0,0,0,0,0,0,0,0.0,0.0,0.0,0.0,0,0,0,0,0,False
4,471,0,0,0,0,0,0,0,0,0,0,0,0,0,0,0.0,0.0,0.0,0.0,0,0,0,0,0,False
4,472,90,1,0,1,0,1,0,0,0,1,0,0,0,18,33.0,10.9,0.0,4.4,10,6,2,12,6,False
4,473,90,1,0,0,0,1,0,0,0,0,0,0,0,11,17.4,1.7,0.0,1.9,5,2,3,8,2,False
4,474,0,0,0,0,0,0,0,0,0,0,0,0,0,0,0.0,0.0,0.0,0.0,0,0,0,0,0,False
4,475,0,0,0,0,0,0,0,0,0,0,0,0,0,0,0.0,0.0,0.0,0.0,0,0,0,0,0,False
4,476,0,0,0,0,0,0,0,0,0,0,0,0,0,0,0.0,0.0,0.0,0.0,0,0,0,0,0,False
4,477,0,0,0,0,0,0,0,0,0,0,0,0,0,0,0.0,0.0,0.0,0.0,0,0,0,0,0,False
4,478,0,0,0,0,0,0,0,0,0,0,0,0,0,0,0.0,0.0,0.0,0.0,0,0,0,0,0,False
4,479,0,0,0,0,0,0,0,0,0,0,0,0,0,0,0.0,0.0,0.0,0.0,0,0,0,0,0,False
4,480,90,1,0,1,0,1,0,0,0,0,0,0,3,42,39.0,98.5,26.0,16.4,0,3,1,4,8,False
4,481,90,1,0,0,1,0,0,0,0,0,0,0,0,18,15.2,3.3,0.0,1.9,5,6,3,14,5,False
4,482,0,0,0,0,0,0,0,0,0,0,0,0,0,0,0.0,0.0,0.0,0.0,0,0,0,0,0,False
4,483,74,1,0,0,0,1,0,0,0,1,0,0,0,1,0.0,12.5,38.0,4.7,0,2,0,2,1,False
4,484,0,0,0,0,0,0,0,0,0,0,0,0,0,0,0.0,0.0,0.0,0.0,0,0,0,0,0,False
4,485,0,0,0,0,0,0,0,0,0,0,0,0,0,0,0.0,0.0,0.0,0.0,0,0,0,0,0,False
4,486,81,1,0,0,0,1,0,0,0,1,0,0,0,18,14.8,27.3,10.0,5.2,4,5,3,12,3,False
4,487,0,0,0,0,0,0,0,0,0,0,0,0,0,0,0.0,0.0,0.0,0.0,0,0,0,0,0,False
4,488,8,0,0,0,0,0,0,0,0,0,0,0,0,2,2.4,0.4,2.0,0.5,1,0,1,2,1,False
4,489,0,0,0,0,0,0,0,0,0,0,0,0,0,0,0.0,0.0,0.0,0.0,0,0,0,0,0,False
4,490,1,0,0,0,0,0,0,0,0,0,0,0,0,3,0.0,0.0,0.0,0.0,0,0,0,0,1,False
4,491,15,0,1,0,0,0,0,0,0,0,0,0,2,34,36.4,11.0,17.0,6.4,0,3,0,3,7,False
4,492,52,1,0,0,0,5,0,0,0,0,1,0,0,-5,0.0,10.9,10.0,1.9,0,1,1,2,-2,False
4,493,0,0,0,0,0,0,0,0,0,0,0,0,0,0,0.0,0.0,0.0,0.0,0,0,0,0,0,False
4,494,0,0,0,0,0,0,0,0,0,0,0,0,0,0,0.0,0.0,0.0,0.0,0,0,0,0,0,False
4,495,0,0,0,0,0,0,0,0,0,0,0,0,0,0,0.0,0.0,0.0,0.0,0,0,0,0,0,False
4,496,90,1,0,0,1,0,0,0,0,0,0,3,0,29,19.8,0.0,0.0,2.0,4,3,0,0,7,False
4,497,0,0,0,0,0,0,0,0,0,0,0,0,0,0,0.0,0.0,0.0,0.0,0,0,0,0,0,False
4,498,0,0,0,0,0,0,0,0,0,0,0,0,0,0,0.0,0.0,0.0,0.0,0,0,0,0,0,False
4,499,0,0,0,0,0,0,0,0,0,0,0,0,0,0,0.0,0.0,0.0,0.0,0,0,0,0,0,False
4,500,0,0,0,0,0,0,0,0,0,0,0,0,0,0,0.0,0.0,0.0,0.0,0,0,0,0,0,False
4,501,90,1,0,0,0,2,0,0,0,0,0,0,0,6,16.8,11.0,2.0,3.0,4,3,0,4,1,False
4,502,90,1,0,0,1,0,0,0,0,0,0,0,1,30,10.8,31.5,8.0,5.0,2,3,0,2,7,False
4,503,90,1,0,0,1,0,0,0,0,0,0,0,0,27,15.0,3.1,0.0,1.8,6,4,0,6,6,False
4,504,77,1,0,0,1,0,0,0,0,0,0,0,0,27,16.2,1.8,13.0,3.1,8,4,1,9,6,False
4,505,0,0,0,0,0,0,0,0,0,0,0,0,0,0,0.0,0.0,0.0,0.0,0,0,0,0,0,False
4,506,0,0,0,0,0,0,0,0,0,0,0,0,0,0,0.0,0.0,0.0,0.0,0,0,0,0,0,False
4,507,0,0,0,0,0,0,0,0,0,0,0,0,0,0,0.0,0.0,0.0,0.0,0,0,0,0,0,False
4,508,0,0,0,0,0,0,0,0,0,0,0,0,0,0,0.0,0.0,0.0,0.0,0,0,0,0,0,False
4,509,0,0,0,0,0,0,0,0,0,0,0,0,0,0,0.0,0.0,0.0,0.0,0,0,0,0,0,False
4,510,0,0,0,0,0,0,0,0,0,0,0,0,0,0,0.0,0.0,0.0,0.0,0,0,0,0,0,False
4,511,0,0,0,0,0,0,0,0,0,0,0,0,0,0,0.0,0.0,0.0,0.0,0,0,0,0,0,False
4,512,27,0,0,0,0,0,0,0,0,0,0,0,0,8,6.0,12.8,6.0,2.5,0,1,1,2,1,False
4,513,0,0,0,0,0,0,0,0,0,0,0,0,0,0,0.0,0.0,0.0,0.0,0,0,0,0,0,False
4,514,27,0,0,0,0,0,0,0,0,0,0,0,0,3,0.6,3.2,9.0,1.3,0,0,0,0,1,False
4,515,13,0,0,0,0,0,0,0,0,0,0,0,0,3,6.8,3.8,0.0,1.1,2,1,0,3,1,False
4,516,62,1,0,0,1,0,0,0,0,0,0,0,0,15,22.6,7.9,0.0,3.1,5,2,3,10,3,False
4,517,0,0,0,0,0,0,0,0,0,0,0,0,0,0,0.0,0.0,0.0,0.0,0,0,0,0,0,False
4,518,0,0,0,0,0,0,0,0,0,0,0,0,0,0,0.0,0.0,0.0,0.0,0,0,0,0,0,False
4,519,0,0,0,0,0,0,0,0,0,0,0,0,0,0,0.0,0.0,0.0,0.0,0,0,0,0,0,False
4,520,27,0,0,0,0,0,0,0,0,0,0,0,0,8,8.0,7.9,7.0,2.3,1,2,1,4,1,False
4,521,0,0,0,0,0,0,0,0,0,0,0,0,0,0,0.0,0.0,0.0,0.0,0,0,0,0,0,False
4,522,84,1,0,0,1,0,0,0,0,0,0,0,0,13,9.6,6.7,10.0,2.6,4,5,2,11,3,False
4,523,0,0,0,0,0,0,0,0,0,0,0,0,0,0,0.0,0.0,0.0,0.0,0,0,0,0,0,False
4,524,0,0,0,0,0,0,0,0,0,0,0,0,0,0,0.0,0.0,0.0,0.0,0,0,0,0,0,False
4,525,62,1,0,0,1,0,0,0,0,0,0,0,0,15,3.0,13.0,22.0,3.8,0,2,2,4,3,False
4,526,62,1,0,0,1,0,0,0,0,0,0,0,0,4,0.0,4.3,6.0,0.8,0,2,0,2,2,False
4,527,0,0,0,0,0,0,0,0,0,0,0,0,0,0,0.0,0.0,0.0,0.0,0,0,0,0,0,False
4,528,0,0,0,0,0,0,0,0,0,0,0,0,0,0,0.0,0.0,0.0,0.0,0,0,0,0,0,False
4,529,90,1,0,0,0,2,0,0,0,0,0,3,0,9,27.2,0.0,0.0,2.7,1,3,0,0,2,False
4,530,0,0,0,0,0,0,0,0,0,0,0,0,0,0,0.0,0.0,0.0,0.0,0,0,0,0,0,False
4,531,0,0,0,0,0,0,0,0,0,0,0,0,0,0,0.0,0.0,0.0,0.0,0,0,0,0,0,False
4,532,90,1,0,0,0,2,0,0,0,1,0,0,0,0,9.0,10.8,9.0,2.9,5,3,1,6,0,False
4,533,90,1,0,0,0,2,0,0,0,1,0,0,0,-5,10.4,4.9,46.0,6.1,3,3,3,6,0,False
4,534,0,0,0,0,0,0,0,0,0,0,0,0,0,0,0.0,0.0,0.0,0.0,0,0,0,0,0,False
4,535,0,0,0,0,0,0,0,0,0,0,0,0,0,0,0.0,0.0,0.0,0.0,0,0,0,0,0,False
4,536,90,1,0,0,0,2,0,0,0,0,1,0,0,-12,0.0,1.4,0.0,0.0,6,3,1,7,-2,False
4,537,0,0,0,0,0,0,0,0,0,0,0,0,0,0,0.0,0.0,0.0,0.0,0,0,0,0,0,False
4,538,0,0,0,0,0,0,0,0,0,0,0,0,0,0,0.0,0.0,0.0,0.0,0,0,0,0,0,False
4,539,0,0,0,0,0,0,0,0,0,0,0,0,0,0,0.0,0.0,0.0,0.0,0,0,0,0,0,False
4,540,0,0,0,0,0,0,0,0,0,0,0,0,0,0,0.0,0.0,0.0,0.0,0,0,0,0,0,False
4,541,75,1,0,0,0,1,0,0,0,0,0,0,0,5,5.8,1.8,15.0,2.3,2,4,0,2,2,False
4,542,90,1,0,0,0,2,0,0,1,0,0,0,0,6,6.8,29.7,26.0,6.3,0,4,0,4,0,False
4,543,0,0,0,0,0,0,0,0,0,0,0,0,0,0,0.0,0.0,0.0,0.0,0,0,0,0,0,False
4,544,90,1,0,0,0,2,0,0,0,1,0,0,0,19,14.6,44.0,0.0,5.9,2,8,1,11,1,False
4,545,90,1,0,0,0,2,0,0,0,0,0,0,0,11,11.0,1.3,1.0,1.3,4,3,3,10,2,False
4,546,0,0,0,0,0,0,0,0,0,0,0,0,0,0,0.0,0.0,0.0,0.0,0,0,0,0,0,False
4,547,0,0,0,0,0,0,0,0,0,0,0,0,0,0,0.0,0.0,0.0,0.0,0,0,0,0,0,False
4,548,0,0,0,0,0,0,0,0,0,0,0,0,0,0,0.0,0.0,0.0,0.0,0,0,0,0,0,False
4,549,0,0,0,0,0,0,0,0,0,0,0,0,0,0,0.0,0.0,0.0,0.0,0,0,0,0,0,False
4,550,0,0,0,0,0,0,0,0,0,0,0,0,0,0,0.0,0.0,0.0,0.0,0,0,0,0,0,False
4,551,69,1,0,0,0,1,0,0,0,0,0,0,0,7,2.2,0.9,2.0,0.5,0,1,2,3,2,False
4,552,90,1,0,0,0,2,0,0,0,1,0,0,0,4,0.0,11.5,14.0,2.4,0,4,0,4,1,False
4,553,20,0,0,0,0,1,0,0,0,0,0,0,0,1,1.2,0.1,0.0,0.1,0,0,1,1,1,False
4,554,0,0,0,0,0,0,0,0,0,0,0,0,0,0,0.0,0.0,0.0,0.0,0,0,0,0,0,False
4,555,0,0,0,0,0,0,0,0,0,0,0,0,0,0,0.0,0.0,0.0,0.0,0,0,0,0,0,False
4,556,0,0,0,0,0,0,0,0,0,0,0,0,0,0,0.0,0.0,0.0,0.0,0,0,0,0,0,False
4,557,80,1,0,0,1,0,0,0,0,0,0,0,0,10,3.8,7.3,2.0,1.3,1,1,1,3,3,False
4,558,90,1,0,0,0,1,0,0,0,1,0,0,0,18,21.8,15.2,17.0,5.4,3,7,6,16,3,False
4,559,10,0,0,0,0,0,0,0,0,0,0,0,0,4,1.4,0.3,0.0,0.2,0,1,1,2,1,False
4,560,0,0,0,0,0,0,0,0,0,0,0,0,0,0,0.0,0.0,0.0,0.0,0,0,0,0,0,False
4,561,0,0,0,0,0,0,0,0,0,0,0,0,0,0,0.0,0.0,0.0,0.0,0,0,0,0,0,False
4,562,27,0,0,0,0,1,0,0,0,0,0,0,0,1,0.0,2.3,0.0,0.0,0,0,0,0,1,False
4,563,0,0,0,0,0,0,0,0,0,0,0,0,0,0,0.0,0.0,0.0,0.0,0,0,0,0,0,False
4,564,90,1,0,0,0,2,0,0,0,0,0,2,0,6,15.0,0.0,0.0,1.5,3,9,0,0,1,False
4,565,90,1,0,0,0,2,0,0,0,0,0,0,0,19,18.2,9.4,0.0,2.8,1,6,6,13,4,False
4,566,90,1,0,0,0,2,0,0,0,0,0,0,0,-2,18.0,5.3,11.0,3.4,10,5,0,10,3,False
4,567,90,1,0,0,0,4,0,0,0,0,0,3,0,2,29.4,0.0,0.0,2.9,3,4,0,0,1,False
4,568,21,0,0,0,0,0,0,0,0,1,0,0,0,7,1.6,2.9,2.0,0.7,1,1,0,2,0,False
4,569,76,1,0,0,1,0,0,0,0,0,0,0,0,5,4.4,10.9,10.0,2.5,1,2,0,3,2,False
4,570,0,0,0,0,0,0,0,0,0,0,0,0,0,0,0.0,0.0,0.0,0.0,0,0,0,0,0,False
4,571,13,0,0,0,0,0,0,0,0,0,0,0,0,8,9.0,21.3,2.0,3.2,1,0,1,2,1,False
4,572,90,1,0,0,0,2,0,0,0,0,0,5,0,15,29.4,0.0,0.0,2.9,2,15,0,0,2,False
4,573,0,0,0,0,0,0,0,0,0,0,0,0,0,0,0.0,0.0,0.0,0.0,0,0,0,0,0,False
4,574,0,0,0,0,0,0,0,0,0,0,0,0,0,0,0.0,0.0,0.0,0.0,0,0,0,0,0,False
4,575,17,0,0,0,0,2,0,0,0,0,0,0,0,3,0.0,10.5,0.0,1.0,0,0,0,0,1,False
4,576,59,1,0,0,0,1,0,0,0,0,0,0,0,3,0.0,1.8,1.0,0.2,0,3,2,5,1,False
4,577,53,0,0,0,0,2,0,0,0,0,0,0,0,6,10.2,1.3,4.0,1.6,4,3,1,5,0,False
4,578,0,0,0,0,0,0,0,0,0,0,0,0,0,0,0.0,0.0,0.0,0.0,0,0,0,0,0,False
4,579,71,1,0,0,1,0,0,0,0,0,0,0,0,24,9.8,1.8,2.0,1.4,3,5,1,4,6,False
4,580,90,1,0,0,1,0,0,0,0,0,0,0,0,19,29.0,3.4,0.0,3.2,8,8,1,17,5,False
4,581,90,1,0,0,0,1,0,0,0,0,0,0,0,10,24.6,0.4,11.0,3.6,13,3,1,14,4,False
4,582,0,0,0,0,0,0,0,0,0,0,0,0,0,0,0.0,0.0,0.0,0.0,0,0,0,0,0,False
4,583,45,0,0,0,0,0,0,0,0,0,0,0,0,4,2.0,1.7,2.0,0.6,1,1,0,1,1,False
4,584,0,0,0,0,0,0,0,0,0,0,0,0,0,0,0.0,0.0,0.0,0.0,0,0,0,0,0,False
4,585,31,0,0,0,0,1,0,0,0,0,0,0,0,-1,1.6,0.4,0.0,0.2,1,0,0,1,1,False
4,586,58,1,0,0,0,1,0,0,0,0,0,0,0,3,12.6,0.2,0.0,1.3,5,0,2,7,1,False
4,587,0,0,0,0,0,0,0,0,0,0,0,0,0,0,0.0,0.0,0.0,0.0,0,0,0,0,0,False
4,588,90,1,1,0,0,3,0,0,0,0,0,0,0,4,40.4,16.0,31.0,8.7,3,4,2,5,7,False
4,589,0,0,0,0,0,0,0,0,0,0,0,0,0,0,0.0,0.0,0.0,0.0,0,0,0,0,0,False
4,590,0,0,0,0,0,0,0,0,0,0,0,0,0,0,0.0,0.0,0.0,0.0,0,0,0,0,0,False
4,591,90,1,0,0,0,2,0,0,0,0,0,0,0,7,2.2,13.8,13.0,2.9,1,4,0,5,2,False
4,592,2,0,0,0,0,0,0,0,0,0,0,0,0,5,2.2,0.2,0.0,0.2,0,1,1,1,1,False
4,593,57,1,0,0,0,3,0,0,0,0,0,0,0,-3,10.4,2.7,0.0,1.3,3,4,3,6,0,False
4,594,0,0,0,0,0,0,0,0,0,0,0,0,0,0,0.0,0.0,0.0,0.0,0,0,0,0,0,False
4,595,6,0,0,0,0,1,0,0,0,0,0,0,0,3,0.0,0.3,0.0,0.0,0,0,0,0,1,False
4,596,0,0,0,0,0,0,0,0,0,0,0,0,0,0,0.0,0.0,0.0,0.0,0,0,0,0,0,False
4,597,90,1,0,0,0,2,0,0,0,0,0,5,0,17,38.6,0.0,0.0,3.9,2,9,0,0,2,False
4,598,90,1,0,0,0,1,0,0,0,0,0,0,0,8,18.6,0.9,10.0,3.0,8,3,1,9,2,False
4,599,30,0,0,0,0,3,0,0,0,0,0,0,0,3,1.0,0.2,0.0,0.1,1,0,0,1,1,False
4,600,12,0,0,0,0,0,0,0,0,0,0,0,0,2,0.0,1.1,13.0,1.2,0,1,0,1,1,False
4,601,0,0,0,0,0,0,0,0,0,0,0,0,0,0,0.0,0.0,0.0,0.0,0,0,0,0,0,False
4,602,0,0,0,0,0,0,0,0,0,0,0,0,0,0,0.0,0.0,0.0,0.0,0,0,0,0,0,False
4,603,0,0,0,0,0,0,0,0,0,0,0,0,0,0,0.0,0.0,0.0,0.0,0,0,0,0,0,False
4,604,0,0,0,0,0,0,0,0,0,0,0,0,0,0,0.0,0.0,0.0,0.0,0,0,0,0,0,False
4,605,64,1,1,0,1,0,0,0,0,0,0,0,0,29,47.4,12.8,43.0,10.3,2,2,2,6,8,False
4,606,0,0,0,0,0,0,0,0,0,0,0,0,0,0,0.0,0.0,0.0,0.0,0,0,0,0,0,False
4,607,0,0,0,0,0,0,0,0,0,0,0,0,0,0,0.0,0.0,0.0,0.0,0,0,0,0,0,False
4,608,0,0,0,0,0,0,0,0,0,0,0,0,0,0,0.0,0.0,0.0,0.0,0,0,0,0,0,False
4,609,0,0,0,0,0,0,0,0,0,0,0,0,0,0,0.0,0.0,0.0,0.0,0,0,0,0,0,False
4,610,0,0,0,0,0,0,0,0,0,0,0,0,0,0,0.0,0.0,0.0,0.0,0,0,0,0,0,False
4,611,90,1,0,0,0,2,0,0,0,0,0,0,0,11,26.0,13.3,0.0,3.9,7,1,5,12,3,False
4,612,0,0,0,0,0,0,0,0,0,0,0,0,0,0,0.0,0.0,0.0,0.0,0,0,0,0,0,False
4,613,0,0,0,0,0,0,0,0,0,0,0,0,0,0,0.0,0.0,0.0,0.0,0,0,0,0,0,False
4,614,0,0,0,0,0,0,0,0,0,0,0,0,0,0,0.0,0.0,0.0,0.0,0,0,0,0,0,False
4,615,0,0,0,0,0,0,0,0,0,0,0,0,0,0,0.0,0.0,0.0,0.0,0,0,0,0,0,False
4,616,0,0,0,0,0,0,0,0,0,0,0,0,0,0,0.0,0.0,0.0,0.0,0,0,0,0,0,False
4,617,30,0,0,0,0,1,0,0,0,0,0,0,0,3,7.2,18.5,21.0,4.7,1,1,0,2,1,False
4,618,0,0,0,0,0,0,0,0,0,0,0,0,0,0,0.0,0.0,0.0,0.0,0,0,0,0,0,False
4,619,90,1,0,0,0,2,0,0,0,0,0,0,0,14,18.0,5.9,2.0,2.6,5,5,3,13,4,False
4,620,30,0,0,0,0,0,0,0,0,0,0,0,0,4,3.4,1.0,0.0,0.4,1,1,0,1,1,False
4,621,0,0,0,0,0,0,0,0,0,0,0,0,0,0,0.0,0.0,0.0,0.0,0,0,0,0,0,False
4,622,0,0,0,0,0,0,0,0,0,0,0,0,0,0,0.0,0.0,0.0,0.0,0,0,0,0,0,False
4,623,0,0,0,0,0,0,0,0,0,0,0,0,0,0,0.0,0.0,0.0,0.0,0,0,0,0,0,False
4,624,0,0,0,0,0,0,0,0,0,0,0,0,0,0,0.0,0.0,0.0,0.0,0,0,0,0,0,False
4,625,0,0,0,0,0,0,0,0,0,0,0,0,0,0,0.0,0.0,0.0,0.0,0,0,0,0,0,False
4,626,0,0,0,0,0,0,0,0,0,0,0,0,0,0,0.0,0.0,0.0,0.0,0,0,0,0,0,False
4,627,71,1,0,0,1,0,0,0,0,0,0,0,0,9,5.6,13.6,8.0,2.7,0,2,3,5,3,False
4,628,0,0,0,0,0,0,0,0,0,0,0,0,0,0,0.0,0.0,0.0,0.0,0,0,0,0,0,False
4,629,0,0,0,0,0,0,0,0,0,0,0,0,0,0,0.0,0.0,0.0,0.0,0,0,0,0,0,False
4,630,0,0,0,0,0,0,0,0,0,0,0,0,0,0,0.0,0.0,0.0,0.0,0,0,0,0,0,False
4,631,27,0,0,0,0,1,0,0,0,0,0,0,0,6,9.0,15.2,19.0,4.3,0,1,1,2,1,False
4,632,0,0,0,0,0,0,0,0,0,0,0,0,0,0,0.0,0.0,0.0,0.0,0,0,0,0,0,False
4,633,90,1,0,0,0,3,0,0,0,0,0,0,0,10,24.6,11.9,4.0,4.1,9,4,2,11,3,False
4,634,57,1,0,0,0,3,0,0,0,0,0,0,0,5,2.2,10.9,4.0,1.7,0,1,1,2,1,False
4,635,13,0,0,0,0,0,0,0,0,0,0,0,0,3,0.0,0.5,0.0,0.1,0,1,0,1,1,False
4,636,0,0,0,0,0,0,0,0,0,0,0,0,0,0,0.0,0.0,0.0,0.0,0,0,0,0,0,False
4,637,8,0,0,0,0,0,0,0,0,0,0,0,0,3,0.0,0.5,0.0,0.0,0,1,0,1,1,False
4,638,8,0,0,0,0,0,0,0,0,1,0,0,0,0,0.0,0.3,7.0,0.7,0,2,0,0,0,False
4,639,25,0,0,1,0,0,0,0,0,0,0,0,0,10,18.8,13.1,2.0,3.4,2,1,1,4,4,False
4,640,27,0,1,0,0,1,0,0,0,0,0,0,0,32,35.0,1.3,44.0,8.0,1,1,0,2,5,False
4,641,18,0,0,0,0,1,0,0,0,0,0,0,0,1,4.4,10.3,0.0,1.5,1,2,1,2,1,False
4,642,30,0,0,0,0,1,0,0,0,0,0,0,0,6,5.6,14.8,4.0,2.4,0,4,0,4,1,False
4,643,13,0,0,0,0,1,0,0,0,0,0,0,0,1,0.2,3.5,4.0,0.8,1,0,0,1,1,False
4,644,90,1,0,0,0,3,0,0,0,0,0,0,0,24,25.2,4.9,27.0,5.7,2,6,8,16,4,False
4,645,0,0,0,0,0,0,0,0,0,0,0,0,0,0,0.0,0.0,0.0,0.0,0,0,0,0,0,False
4,646,14,0,0,0,0,1,0,0,0,0,0,0,0,2,0.0,0.8,6.0,0.6,0,0,0,0,1,False
4,647,0,0,0,0,0,0,0,0,0,0,0,0,0,0,0.0,0.0,0.0,0.0,0,0,0,0,0,False
4,648,0,0,0,0,0,0,0,0,0,0,0,0,0,0,0.0,0.0,0.0,0.0,0,0,0,0,0,False
4,649,74,1,0,0,1,0,0,0,0,0,0,0,0,23,10.0,12.0,1.0,2.3,3,4,2,5,6,False
4,650,90,1,0,0,1,0,0,0,0,0,0,0,0,23,18.6,3.3,0.0,2.2,11,3,1,12,8,False
4,651,0,0,0,0,0,0,0,0,0,0,0,0,0,0,0.0,0.0,0.0,0.0,0,0,0,0,0,False
4,652,0,0,0,0,0,0,0,0,0,0,0,0,0,0,0.0,0.0,0.0,0.0,0,0,0,0,0,False
4,653,0,0,0,0,0,0,0,0,0,0,0,0,0,0,0.0,0.0,0.0,0.0,0,0,0,0,0,False
4,654,0,0,0,0,0,0,0,0,0,0,0,0,0,0,0.0,0.0,0.0,0.0,0,0,0,0,0,False
4,655,0,0,0,0,0,0,0,0,0,0,0,0,0,0,0.0,0.0,0.0,0.0,0,0,0,0,0,False
4,656,0,0,0,0,0,0,0,0,0,0,0,0,0,0,0.0,0.0,0.0,0.0,0,0,0,0,0,False
4,657,0,0,0,0,0,0,0,0,0,0,0,0,0,0,0.0,0.0,0.0,0.0,0,0,0,0,0,False
4,658,0,0,0,0,0,0,0,0,0,0,0,0,0,0,0.0,0.0,0.0,0.0,0,0,0,0,0,False
4,659,0,0,0,0,0,0,0,0,0,0,0,0,0,0,0.0,0.0,0.0,0.0,0,0,0,0,0,False
5,1,90,1,0,0,0,3,0,0,0,0,0,2,0,6,20.6,0.0,0.0,2.1,0,14,1,0,1,False
5,2,0,0,0,0,0,0,0,0,0,0,0,0,0,0,0.0,0.0,0.0,0.0,0,0,0,0,0,False
5,3,0,0,0,0,0,0,0,0,0,0,0,0,0,0,0.0,0.0,0.0,0.0,0,0,0,0,0,False
5,4,90,1,0,0,0,3,0,0,0,0,0,0,0,6,25.8,13.1,0.0,3.9,6,4,3,9,1,False
5,5,59,1,0,0,0,3,0,0,0,0,0,0,0,-6,4.2,2.3,0.0,0.7,0,2,2,2,0,False
5,6,0,0,0,0,0,0,0,0,0,0,0,0,0,0,0.0,0.0,0.0,0.0,0,0,0,0,0,False
5,7,0,0,0,0,0,0,0,0,0,0,0,0,0,0,0.0,0.0,0.0,0.0,0,0,0,0,0,False
5,8,90,1,0,0,0,3,0,0,0,0,0,0,0,-3,11.2,23.7,20.0,5.5,2,5,3,5,1,False
5,9,0,0,0,0,0,0,0,0,0,0,0,0,0,0,0.0,0.0,0.0,0.0,0,0,0,0,0,False
5,10,0,0,0,0,0,0,0,0,0,0,0,0,0,0,0.0,0.0,0.0,0.0,0,0,0,0,0,False
5,11,0,0,0,0,0,0,0,0,0,0,0,0,0,0,0.0,0.0,0.0,0.0,0,0,0,0,0,False
5,12,80,1,0,0,0,3,0,0,0,0,0,0,0,14,15.8,46.8,36.0,9.9,0,1,1,2,2,False
5,13,90,1,0,0,0,3,0,0,0,1,0,0,0,13,10.6,18.1,1.0,3.0,2,4,2,8,1,False
5,14,17,0,0,0,0,0,0,0,0,0,0,0,0,5,1.2,2.1,4.0,0.7,0,0,0,0,1,False
5,15,72,1,0,0,0,3,0,0,0,0,0,0,0,10,0.0,6.2,5.0,1.1,1,1,0,2,2,False
5,16,0,0,0,0,0,0,0,0,0,0,0,0,0,0,0.0,0.0,0.0,0.0,0,0,0,0,0,False
5,17,30,0,0,0,0,0,0,0,0,0,0,0,0,4,3.4,0.8,2.0,0.6,1,3,0,4,1,False
5,18,0,0,0,0,0,0,0,0,0,0,0,0,0,0,0.0,0.0,0.0,0.0,0,0,0,0,0,False
5,19,30,0,0,0,0,0,0,0,0,0,0,0,0,2,0.0,0.8,18.0,1.9,1,0,0,1,1,False
5,20,9,0,0,0,0,0,0,0,0,0,0,0,0,4,2.0,14.8,0.0,1.7,0,0,0,0,1,False
5,21,0,0,0,0,0,0,0,0,0,0,0,0,0,0,0.0,0.0,0.0,0.0,0,0,0,0,0,False
5,22,0,0,0,0,0,0,0,0,0,0,0,0,0,0,0.0,0.0,0.0,0.0,0,0,0,0,0,False
5,23,0,0,0,0,0,0,0,0,0,0,0,0,0,0,0.0,0.0,0.0,0.0,0,0,0,0,0,False
5,24,0,0,0,0,0,0,0,0,0,0,0,0,0,0,0.0,0.0,0.0,0.0,0,0,0,0,0,False
5,25,17,0,0,0,0,0,0,0,0,0,0,0,0,5,0.0,14.6,0.0,1.4,0,0,0,0,1,False
5,26,90,1,0,0,0,3,0,0,0,0,0,0,0,5,5.2,5.3,28.0,3.9,2,1,0,3,2,False
5,27,0,0,0,0,0,0,0,0,0,0,0,0,0,0,0.0,0.0,0.0,0.0,0,0,0,0,0,False
5,28,90,1,0,0,0,3,0,0,0,0,0,3,0,7,26.0,10.0,0.0,3.6,0,6,0,0,2,False
5,29,0,0,0,0,0,0,0,0,0,0,0,0,0,0,0.0,0.0,0.0,0.0,0,0,0,0,0,False
5,30,0,0,0,0,0,0,0,0,0,0,0,0,0,0,0.0,0.0,0.0,0.0,0,0,0,0,0,False
5,31,90,1,0,0,0,3,0,0,0,0,0,0,0,2,10.6,12.3,10.0,3.3,4,3,0,4,1,False
5,32,45,0,0,0,0,2,0,0,0,1,0,0,0,-7,4.0,3.1,0.0,0.7,3,0,0,3,-1,False
5,33,90,1,0,0,0,2,0,0,0,0,0,0,0,10,27.4,0.6,0.0,2.8,12,3,1,13,3,False
5,34,0,0,0,0,0,0,0,0,0,0,0,0,0,0,0.0,0.0,0.0,0.0,0,0,0,0,0,False
5,35,0,0,0,0,0,0,0,0,0,0,0,0,0,0,0.0,0.0,0.0,0.0,0,0,0,0,0,False
5,36,0,0,0,0,0,0,0,0,0,0,0,0,0,0,0.0,0.0,0.0,0.0,0,0,0,0,0,False
5,37,90,1,0,0,0,2,0,0,0,0,0,0,0,1,18.8,10.0,0.0,2.9,6,2,0,6,1,False
5,38,0,0,0,0,0,0,0,0,0,0,0,0,0,0,0.0,0.0,0.0,0.0,0,0,0,0,0,False
5,39,0,0,0,0,0,0,0,0,0,0,0,0,0,0,0.0,0.0,0.0,0.0,0,0,0,0,0,False
5,40,90,1,0,0,0,3,0,0,0,0,0,0,0,17,10.0,20.6,30.0,6.1,2,6,0,8,2,False
5,41,90,1,1,0,0,2,0,0,0,0,0,0,3,50,61.0,36.3,35.0,13.2,2,6,7,15,12,True
5,42,0,0,0,0,0,0,0,0,0,0,0,0,0,0,0.0,0.0,0.0,0.0,0,0,0,0,0,False
5,43,90,1,0,0,0,1,0,0,0,0,0,0,0,22,18.2,22.3,6.0,4.7,2,8,3,13,4,False
5,44,0,0,0,0,0,0,0,0,0,0,0,0,0,0,0.0,0.0,0.0,0.0,0,0,0,0,0,False
5,45,83,1,0,1,1,0,0,0,0,0,0,0,0,19,23.0,33.5,0.0,5.7,2,4,0,6,6,False
5,46,6,0,0,0,0,2,0,0,0,0,0,0,0,3,0.6,0.8,0.0,0.1,1,3,0,4,1,False
5,47,83,1,0,1,1,0,0,0,0,0,0,0,0,26,21.0,13.2,4.0,3.8,1,3,2,6,6,False
5,48,0,0,0,0,0,0,0,0,0,0,0,0,0,0,0.0,0.0,0.0,0.0,0,0,0,0,0,False
5,49,0,0,0,0,0,0,0,0,0,0,0,0,0,0,0.0,0.0,0.0,0.0,0,0,0,0,0,False
5,50,0,0,0,0,0,0,0,0,0,0,0,0,0,0,0.0,0.0,0.0,0.0,0,0,0,0,0,False
5,51,18,0,0,0,0,2,0,0,0,0,0,0,0,2,0.0,1.2,0.0,0.0,0,0,0,0,1,False
5,52,0,0,0,0,0,0,0,0,0,0,0,0,0,0,0.0,0.0,0.0,0.0,0,0,0,0,0,False
5,53,71,1,1,1,1,0,0,0,0,0,0,0,2,45,63.2,25.8,60.0,14.9,2,4,1,7,13,True
5,54,90,1,0,0,0,2,0,0,0,0,0,0,0,13,22.6,13.8,0.0,3.6,5,3,5,13,4,False
5,55,0,0,0,0,0,0,0,0,0,0,0,0,0,0,0.0,0.0,0.0,0.0,0,0,0,0,0,False
5,56,2,0,0,0,0,1,0,0,0,0,0,0,0,3,0.0,2.4,0.0,0.2,0,0,0,0,1,False
5,57,90,1,0,0,0,1,0,0,0,0,0,2,0,12,18.2,0.0,0.0,1.8,0,12,0,0,2,False
5,58,0,0,0,0,0,0,0,0,0,0,0,0,0,0,0.0,0.0,0.0,0.0,0,0,0,0,0,False
5,59,0,0,0,0,0,0,0,0,0,0,0,0,0,0,0.0,0.0,0.0,0.0,0,0,0,0,0,False
5,60,90,1,0,0,0,1,0,0,0,0,0,0,0,15,43.6,5.1,0.0,4.9,11,3,4,15,4,False
5,61,90,1,0,0,0,1,0,0,0,0,0,0,0,6,12.6,11.8,5.0,2.9,5,3,2,7,2,False
5,62,0,0,0,0,0,0,0,0,0,0,0,0,0,0,0.0,0.0,0.0,0.0,0,0,0,0,0,False
5,63,0,0,0,0,0,0,0,0,0,0,0,0,0,0,0.0,0.0,0.0,0.0,0,0,0,0,0,False
5,64,74,1,0,0,0,1,0,0,0,0,0,0,0,3,0.0,0.8,0.0,0.0,0,2,0,0,2,False
5,65,0,0,0,0,0,0,0,0,0,0,0,0,0,0,0.0,0.0,0.0,0.0,0,0,0,0,0,False
5,66,0,0,0,0,0,0,0,0,0,0,0,0,0,0,0.0,0.0,0.0,0.0,0,0,0,0,0,False
5,67,87,1,0,0,0,1,0,0,0,0,0,0,0,17,8.4,16.9,8.0,3.3,1,1,2,4,2,False
5,68,74,1,0,0,0,1,0,0,0,0,0,0,0,14,10.8,19.1,4.0,3.4,0,3,3,6,2,False
5,69,90,1,0,0,0,1,0,0,0,0,0,0,0,17,8.2,40.5,13.0,6.2,0,8,0,8,2,False
5,70,0,0,0,0,0,0,0,0,0,0,0,0,0,0,0.0,0.0,0.0,0.0,0,0,0,0,0,False
5,71,15,0,0,0,0,0,0,0,0,0,0,0,0,3,2.8,0.3,0.0,0.3,1,1,0,2,1,False
5,72,2,0,0,0,0,0,0,0,0,0,0,0,0,3,0.2,0.8,2.0,0.3,0,0,0,0,1,False
5,73,87,1,0,0,0,1,0,0,0,0,0,0,0,13,15.4,12.9,0.0,2.8,5,6,2,13,4,False
5,74,15,0,0,0,0,0,0,0,0,0,0,0,0,4,5.0,21.7,0.0,2.7,0,2,0,2,1,False
5,75,74,1,0,0,0,1,0,0,0,0,0,0,0,0,0.0,2.4,27.0,2.4,0,5,0,5,2,False
5,76,2,0,0,0,0,0,0,0,0,0,0,0,0,3,0.2,0.1,0.0,0.0,0,0,0,0,1,False
5,77,0,0,0,0,0,0,0,0,0,0,0,0,0,0,0.0,0.0,0.0,0.0,0,0,0,0,0,False
5,78,0,0,0,0,0,0,0,0,0,0,0,0,0,0,0.0,0.0,0.0,0.0,0,0,0,0,0,False
5,79,90,1,0,0,0,1,0,0,0,0,0,0,0,12,11.0,3.4,50.0,6.4,1,2,2,5,2,False
5,80,0,0,0,0,0,0,0,0,0,0,0,0,0,0,0.0,0.0,0.0,0.0,0,0,0,0,0,False
5,81,0,0,0,0,0,0,0,0,0,0,0,0,0,0,0.0,0.0,0.0,0.0,0,0,0,0,0,False
5,82,90,1,0,0,1,0,0,0,0,0,0,2,0,27,16.4,0.0,0.0,1.6,2,8,0,0,6,False
5,83,0,0,0,0,0,0,0,0,0,0,0,0,0,0,0.0,0.0,0.0,0.0,0,0,0,0,0,False
5,84,0,0,0,0,0,0,0,0,0,0,0,0,0,0,0.0,0.0,0.0,0.0,0,0,0,0,0,False
5,85,0,0,0,0,0,0,0,0,0,0,0,0,0,0,0.0,0.0,0.0,0.0,0,0,0,0,0,False
5,86,80,1,0,0,1,0,0,0,0,0,0,0,0,15,19.0,15.1,24.0,5.8,5,3,1,9,3,False
5,87,90,1,0,0,1,0,0,0,0,0,0,0,1,29,19.4,11.3,4.0,3.5,9,3,0,9,7,False
5,88,68,1,0,0,1,0,0,0,0,0,0,0,0,20,2.6,1.0,0.0,0.4,1,2,1,2,6,False
5,89,0,0,0,0,0,0,0,0,0,0,0,0,0,0,0.0,0.0,0.0,0.0,0,0,0,0,0,False
5,90,21,0,0,0,0,0,0,0,0,0,0,0,0,5,11.2,0.3,0.0,1.2,4,0,0,4,1,False
5,91,90,1,0,0,1,0,0,0,0,0,0,0,0,24,50.8,0.3,0.0,5.1,19,1,0,19,8,False
5,92,0,0,0,0,0,0,0,0,0,0,0,0,0,0,0.0,0.0,0.0,0.0,0,0,0,0,0,False
5,93,90,1,0,1,1,0,0,0,0,0,0,0,3,43,53.0,10.8,4.0,6.8,15,3,1,16,14,True
5,94,90,1,0,2,1,0,0,0,0,0,0,0,0,27,11.4,3.5,31.0,4.6,2,4,1,7,9,False
5,95,9,0,0,0,0,0,0,0,0,0,0,0,0,2,0.2,0.0,0.0,0.0,0,0,0,0,1,False
5,96,86,1,0,0,1,0,0,0,0,0,0,0,0,15,13.2,23.2,5.0,4.1,2,4,4,10,3,False
5,97,0,0,0,0,0,0,0,0,0,0,0,0,0,0,0.0,0.0,0.0,0.0,0,0,0,0,0,False
5,98,90,1,0,0,1,0,0,0,0,0,0,0,0,13,18.0,5.8,2.0,2.6,2,4,3,9,3,False
5,99,0,0,0,0,0,0,0,0,0,0,0,0,0,0,0.0,0.0,0.0,0.0,0,0,0,0,0,False
5,100,3,0,1,0,0,0,0,0,0,0,0,0,0,23,33.2,0.3,33.0,6.7,0,0,0,0,6,False
5,101,90,1,0,0,0,3,0,0,0,0,0,0,0,16,16.6,10.4,0.0,2.7,2,7,1,10,2,False
5,102,68,1,0,0,1,0,0,0,0,0,0,0,0,19,23.4,21.0,7.0,5.1,3,5,2,10,3,False
5,103,0,0,0,0,0,0,0,0,0,0,0,0,0,0,0.0,0.0,0.0,0.0,0,0,0,0,0,False
5,104,90,1,0,0,1,0,0,0,0,0,0,0,0,10,9.2,1.8,0.0,1.1,4,3,2,9,3,False
5,105,80,1,1,0,1,0,0,0,0,0,0,0,2,31,36.6,11.0,37.0,8.5,1,1,0,2,10,False
5,106,90,1,1,0,1,0,0,0,0,1,0,0,0,26,28.2,16.0,30.0,7.4,0,2,1,3,5,False
5,107,0,0,0,0,0,0,0,0,0,0,0,0,0,0,0.0,0.0,0.0,0.0,0,0,0,0,0,False
5,108,0,0,0,0,0,0,0,0,0,0,0,0,0,0,0.0,0.0,0.0,0.0,0,0,0,0,0,False
5,109,90,1,0,0,1,0,0,0,0,0,0,2,0,27,20.0,0.0,0.0,2.0,0,4,0,0,6,False
5,110,90,1,0,1,1,0,0,0,0,0,0,2,2,38,29.0,10.0,0.0,3.9,0,10,0,0,11,True
5,111,0,0,0,0,0,0,0,0,0,0,0,0,0,0,0.0,0.0,0.0,0.0,0,0,0,0,0,False
5,112,90,1,1,0,0,3,0,0,0,1,0,0,0,17,62.0,30.4,17.0,10.9,6,4,3,9,6,False
5,113,75,1,0,0,1,0,0,0,0,1,0,0,0,18,9.4,13.5,5.0,2.8,3,3,0,3,5,False
5,114,90,1,0,0,1,0,0,0,0,0,0,0,0,24,13.0,5.2,2.0,2.0,5,2,2,7,6,False
5,115,90,1,0,0,1,0,0,0,0,1,0,0,1,30,14.6,33.8,4.0,5.2,3,4,4,7,6,False
5,116,0,0,0,0,0,0,0,0,0,0,0,0,0,0,0.0,0.0,0.0,0.0,0,0,0,0,0,False
5,117,0,0,0,0,0,0,0,0,0,0,0,0,0,0,0.0,0.0,0.0,0.0,0,0,0,0,0,False
5,118,0,0,0,0,0,0,0,0,0,0,0,0,0,0,0.0,0.0,0.0,0.0,0,0,0,0,0,False
5,119,14,0,0,0,0,0,0,0,0,0,0,0,0,2,1.2,3.0,0.0,0.4,1,0,0,1,1,False
5,120,4,0,0,0,0,0,0,0,0,0,0,0,0,5,2.4,0.0,0.0,0.2,0,1,1,1,1,False
5,121,0,0,0,0,0,0,0,0,0,0,0,0,0,0,0.0,0.0,0.0,0.0,0,0,0,0,0,False
5,122,0,0,0,0,0,0,0,0,0,0,0,0,0,0,0.0,0.0,0.0,0.0,0,0,0,0,0,False
5,123,0,0,0,0,0,0,0,0,0,0,0,0,0,0,0.0,0.0,0.0,0.0,0,0,0,0,0,False
5,124,90,1,1,1,1,0,0,0,0,0,0,0,3,47,58.4,30.3,16.0,10.5,3,1,1,5,14,True
5,125,14,0,0,0,0,0,0,0,0,0,0,0,0,2,0.4,0.3,4.0,0.5,0,2,0,2,1,False
5,126,4,0,0,0,0,0,0,0,0,0,0,0,0,2,6.0,0.0,19.0,2.5,2,0,0,2,1,False
5,127,85,1,0,1,1,0,0,0,0,0,0,0,0,19,29.0,22.6,4.0,5.6,1,7,5,13,8,False
5,128,0,0,0,0,0,0,0,0,0,0,0,0,0,0,0.0,0.0,0.0,0.0,0,0,0,0,0,False
5,129,90,1,0,0,1,0,0,0,0,0,0,0,0,7,5.6,12.3,17.0,3.5,2,4,1,7,3,False
5,130,0,0,0,0,0,0,0,0,0,0,0,0,0,0,0.0,0.0,0.0,0.0,0,0,0,0,0,False
5,131,0,0,0,0,0,0,0,0,0,0,0,0,0,0,0.0,0.0,0.0,0.0,0,0,0,0,0,False
5,132,0,0,0,0,0,0,0,0,0,0,0,0,0,0,0.0,0.0,0.0,0.0,0,0,0,0,0,False
5,133,0,0,0,0,0,0,0,0,0,0,0,0,0,0,0.0,0.0,0.0,0.0,0,0,0,0,0,False
5,134,0,0,0,0,0,0,0,0,0,0,0,0,0,0,0.0,0.0,0.0,0.0,0,0,0,0,0,False
5,135,0,0,0,0,0,0,0,0,0,0,0,0,0,0,0.0,0.0,0.0,0.0,0,0,0,0,0,False
5,136,70,1,0,0,0,1,0,0,0,0,0,0,0,8,7.2,21.8,8.0,3.7,1,2,1,4,2,False
5,137,0,0,0,0,0,0,0,0,0,0,0,0,0,0,0.0,0.0,0.0,0.0,0,0,0,0,0,False
5,138,75,1,1,1,1,0,0,0,0,1,0,0,2,40,48.2,11.3,38.0,9.8,0,3,1,4,10,True
5,139,0,0,0,0,0,0,0,0,0,0,0,0,0,0,0.0,0.0,0.0,0.0,0,0,0,0,0,False
5,140,0,0,0,0,0,0,0,0,0,0,0,0,0,0,0.0,0.0,0.0,0.0,0,0,0,0,0,False
5,141,0,0,0,0,0,0,0,0,0,0,0,0,0,0,0.0,0.0,0.0,0.0,0,0,0,0,0,False
5,142,0,0,0,0,0,0,0,0,0,0,0,0,0,0,0.0,0.0,0.0,0.0,0,0,0,0,0,False
5,143,0,0,0,0,0,0,0,0,0,0,0,0,0,0,0.0,0.0,0.0,0.0,0,0,0,0,0,False
5,144,0,0,0,0,0,0,0,0,0,0,0,0,0,0,0.0,0.0,0.0,0.0,0,0,0,0,0,False
5,145,70,1,0,0,0,1,0,0,0,0,0,0,0,11,22.8,0.8,0.0,2.4,13,4,2,15,4,False
5,146,0,0,0,0,0,0,0,0,0,0,0,0,0,0,0.0,0.0,0.0,0.0,0,0,0,0,0,False
5,147,0,0,0,0,0,0,0,0,0,0,0,0,0,0,0.0,0.0,0.0,0.0,0,0,0,0,0,False
5,148,0,0,0,0,0,0,0,0,0,0,0,0,0,0,0.0,0.0,0.0,0.0,0,0,0,0,0,False
5,149,90,1,0,0,0,3,0,0,0,0,0,0,0,1,15.6,2.4,2.0,2.0,7,4,0,7,1,False
5,150,0,0,0,0,0,0,0,0,0,0,0,0,0,0,0.0,0.0,0.0,0.0,0,0,0,0,0,False
5,151,19,0,0,0,0,2,0,0,0,0,0,0,0,-4,1.4,1.4,0.0,0.3,0,0,1,1,0,False
5,152,0,0,0,0,0,0,0,0,0,0,0,0,0,0,0.0,0.0,0.0,0.0,0,0,0,0,0,False
5,153,0,0,0,0,0,0,0,0,0,0,0,0,0,0,0.0,0.0,0.0,0.0,0,0,0,0,0,False
5,154,90,1,0,0,0,3,0,0,0,0,0,0,0,21,19.4,25.3,20.0,6.5,1,2,3,6,2,False
5,155,90,1,1,0,0,3,0,0,0,0,0,0,0,33,39.8,21.2,9.0,7.0,1,4,0,5,7,False
5,156,86,1,0,0,0,2,0,0,0,0,0,0,0,13,9.6,7.8,25.0,4.2,0,3,3,6,2,False
5,157,3,0,0,0,0,1,0,0,0,0,0,0,0,3,0.2,0.3,0.0,0.1,0,0,0,0,1,False
5,158,0,0,0,0,0,0,0,0,0,0,0,0,0,0,0.0,0.0,0.0,0.0,0,0,0,0,0,False
5,159,0,0,0,0,0,0,0,0,0,0,0,0,0,0,0.0,0.0,0.0,0.0,0,0,0,0,0,False
5,160,0,0,0,0,0,0,0,0,0,0,0,0,0,0,0.0,0.0,0.0,0.0,0,0,0,0,0,False
5,161,0,0,0,0,0,0,0,0,0,0,0,0,0,0,0.0,0.0,0.0,0.0,0,0,0,0,0,False
5,162,0,0,0,0,0,0,0,0,0,0,0,0,0,0,0.0,0.0,0.0,0.0,0,0,0,0,0,False
5,163,0,0,0,0,0,0,0,0,0,0,0,0,0,0,0.0,0.0,0.0,0.0,0,0,0,0,0,False
5,164,19,0,0,0,0,2,0,0,0,0,0,0,0,3,0.4,1.8,6.0,0.8,0,0,0,0,1,False
5,165,0,0,0,0,0,0,0,0,0,0,0,0,0,0,0.0,0.0,0.0,0.0,0,0,0,0,0,False
5,166,87,1,1,0,0,1,0,0,0,1,0,0,1,31,37.4,11.4,52.0,10.1,1,3,0,4,6,False
5,167,90,1,0,0,0,1,0,0,0,1,0,0,0,9,5.0,25.1,21.0,5.1,2,5,1,8,1,False
5,168,0,0,0,0,0,0,0,0,0,0,0,0,0,0,0.0,0.0,0.0,0.0,0,0,0,0,0,False
5,169,0,0,0,0,0,0,0,0,0,0,0,0,0,0,0.0,0.0,0.0,0.0,0,0,0,0,0,False
5,170,0,0,0,0,0,0,0,0,0,0,0,0,0,0,0.0,0.0,0.0,0.0,0,0,0,0,0,False
5,171,0,0,0,0,0,0,0,0,0,0,0,0,0,0,0.0,0.0,0.0,0.0,0,0,0,0,0,False
5,172,0,0,0,0,0,0,0,0,0,0,0,0,0,0,0.0,0.0,0.0,0.0,0,0,0,0,0,False
5,173,90,1,0,0,1,0,0,0,0,0,0,0,1,37,27.2,0.6,8.0,3.6,12,3,1,13,9,False
5,174,0,0,0,0,0,0,0,0,0,0,0,0,0,0,0.0,0.0,0.0,0.0,0,0,0,0,0,False
5,175,0,0,0,0,0,0,0,0,0,0,0,0,0,0,0.0,0.0,0.0,0.0,0,0,0,0,0,False
5,176,90,1,1,0,1,0,0,0,0,0,0,0,3,40,47.0,15.7,18.0,8.1,4,4,0,4,15,True
5,177,0,0,0,0,0,0,0,0,0,0,0,0,0,0,0.0,0.0,0.0,0.0,0,0,0,0,0,False
5,178,0,0,0,0,0,0,0,0,0,0,0,0,0,0,0.0,0.0,0.0,0.0,0,0,0,0,0,False
5,179,1,0,0,0,0,0,0,0,0,0,0,0,0,3,7.0,0.0,0.0,0.7,2,0,0,2,1,False
5,180,0,0,0,0,0,0,0,0,0,0,0,0,0,0,0.0,0.0,0.0,0.0,0,0,0,0,0,False
5,181,0,0,0,0,0,0,0,0,0,0,0,0,0,0,0.0,0.0,0.0,0.0,0,0,0,0,0,False
5,182,0,0,0,0,0,0,0,0,0,0,0,0,0,0,0.0,0.0,0.0,0.0,0,0,0,0,0,False
5,183,73,1,0,0,1,0,0,0,0,0,0,0,0,16,13.6,25.3,1.0,4.0,4,8,1,13,5,False
5,184,90,1,0,0,1,0,0,0,0,0,0,0,0,17,12.6,15.3,1.0,2.9,4,3,3,10,3,False
5,185,0,0,0,0,0,0,0,0,0,0,0,0,0,0,0.0,0.0,0.0,0.0,0,0,0,0,0,False
5,186,45,1,0,0,0,0,0,0,0,0,0,0,0,6,5.2,33.8,6.0,4.5,0,2,0,2,1,False
5,187,0,0,0,0,0,0,0,0,0,0,0,0,0,0,0.0,0.0,0.0,0.0,0,0,0,0,0,False
5,188,0,0,0,0,0,0,0,0,0,0,0,0,0,0,0.0,0.0,0.0,0.0,0,0,0,0,0,False
5,189,0,0,0,0,0,0,0,0,0,0,0,0,0,0,0.0,0.0,0.0,0.0,0,0,0,0,0,False
5,190,45,0,0,0,0,0,0,0,0,0,0,0,0,5,8.4,1.2,17.0,2.7,1,2,0,3,1,False
5,191,0,0,0,0,0,0,0,0,0,0,0,0,0,0,0.0,0.0,0.0,0.0,0,0,0,0,0,False
5,192,0,0,0,0,0,0,0,0,0,0,0,0,0,0,0.0,0.0,0.0,0.0,0,0,0,0,0,False
5,193,0,0,0,0,0,0,0,0,0,0,0,0,0,0,0.0,0.0,0.0,0.0,0,0,0,0,0,False
5,194,90,1,0,0,1,0,0,0,0,0,0,0,0,16,15.8,0.6,19.0,3.5,6,7,3,16,4,False
5,195,16,0,0,0,0,0,0,0,0,0,0,0,0,3,0.2,0.3,0.0,0.1,0,0,0,0,1,False
5,196,0,0,0,0,0,0,0,0,0,0,0,0,0,0,0.0,0.0,0.0,0.0,0,0,0,0,0,False
5,197,0,0,0,0,0,0,0,0,0,0,0,0,0,0,0.0,0.0,0.0,0.0,0,0,0,0,0,False
5,198,0,0,0,0,0,0,0,0,0,0,0,0,0,0,0.0,0.0,0.0,0.0,0,0,0,0,0,False
5,199,90,1,0,0,1,0,0,0,0,0,0,2,0,26,18.6,0.0,0.0,1.9,1,4,0,0,6,False
5,200,90,1,0,0,0,3,0,0,0,0,0,0,0,-1,29.4,1.3,4.0,3.5,11,3,1,12,3,False
5,201,82,1,0,0,0,1,0,0,0,0,0,0,0,5,4.0,3.8,15.0,2.3,2,3,1,3,2,False
5,202,90,1,0,0,1,0,0,0,0,0,0,0,0,29,22.6,0.5,0.0,2.3,8,3,2,10,8,False
5,203,90,1,0,0,1,0,0,0,0,0,0,0,0,26,19.8,17.2,2.0,3.9,9,5,1,10,8,False
5,204,90,1,0,0,1,0,0,0,0,0,0,0,1,30,19.2,3.7,6.0,2.9,3,8,5,8,7,False
5,205,0,0,0,0,0,0,0,0,0,0,0,0,0,0,0.0,0.0,0.0,0.0,0,0,0,0,0,False
5,206,0,0,0,0,0,0,0,0,0,0,0,0,0,0,0.0,0.0,0.0,0.0,0,0,0,0,0,False
5,207,0,0,0,0,0,0,0,0,0,0,0,0,0,0,0.0,0.0,0.0,0.0,0,0,0,0,0,False
5,208,8,0,0,0,0,0,0,0,0,0,0,0,0,3,0.0,0.5,0.0,0.1,0,0,0,0,1,False
5,209,65,1,0,0,1,0,0,0,0,0,0,0,0,6,0.0,0.6,10.0,1.0,1,4,3,8,3,False
5,210,90,1,0,0,1,0,0,0,0,1,0,0,0,13,20.0,26.8,13.0,6.0,4,1,2,7,2,False
5,211,81,1,0,0,1,0,0,0,0,1,0,0,0,10,9.4,8.3,10.0,2.8,2,3,0,5,2,False
5,212,0,0,0,0,0,0,0,0,0,0,0,0,0,0,0.0,0.0,0.0,0.0,0,0,0,0,0,False
5,213,45,0,0,0,0,0,0,0,0,1,0,0,0,3,15.4,0.5,11.0,2.7,6,3,2,11,0,False
5,214,90,1,0,0,1,0,0,0,0,0,0,0,0,12,1.8,4.0,27.0,3.3,0,9,1,10,3,False
5,215,0,0,0,0,0,0,0,0,0,0,0,0,0,0,0.0,0.0,0.0,0.0,0,0,0,0,0,False
5,216,0,0,0,0,0,0,0,0,0,0,0,0,0,0,0.0,0.0,0.0,0.0,0,0,0,0,0,False
5,217,0,0,0,0,0,0,0,0,0,0,0,0,0,0,0.0,0.0,0.0,0.0,0,0,0,0,0,False
5,218,0,0,0,0,0,0,0,0,0,0,0,0,0,0,0.0,0.0,0.0,0.0,0,0,0,0,0,False
5,219,0,0,0,0,0,0,0,0,0,0,0,0,0,0,0.0,0.0,0.0,0.0,0,0,0,0,0,False
5,220,0,0,0,0,0,0,0,0,0,0,0,0,0,0,0.0,0.0,0.0,0.0,0,0,0,0,0,False
5,221,0,0,0,0,0,0,0,0,0,0,0,0,0,0,0.0,0.0,0.0,0.0,0,0,0,0,0,False
5,222,81,1,0,0,1,0,0,0,0,0,0,0,0,10,13.2,15.1,13.0,4.1,3,0,0,3,2,False
5,223,0,0,0,0,0,0,0,0,0,0,0,0,0,0,0.0,0.0,0.0,0.0,0,0,0,0,0,False
5,224,8,0,0,0,0,0,0,0,0,0,0,0,0,2,0.0,0.6,0.0,0.0,0,1,0,1,1,False
5,225,0,0,0,0,0,0,0,0,0,0,0,0,0,0,0.0,0.0,0.0,0.0,0,0,0,0,0,False
5,226,90,1,0,0,1,0,0,0,0,0,0,4,1,34,35.0,0.0,0.0,3.5,1,7,0,0,8,False
5,227,0,0,0,0,0,0,0,0,0,0,0,0,0,0,0.0,0.0,0.0,0.0,0,0,0,0,0,False
5,228,0,0,0,0,0,0,0,0,0,0,0,0,0,0,0.0,0.0,0.0,0.0,0,0,0,0,0,False
5,229,90,1,0,1,1,0,0,0,0,0,0,0,3,43,36.0,10.7,1.0,4.8,11,5,1,12,14,True
5,230,90,1,0,0,1,0,0,0,0,0,0,0,0,27,32.6,0.9,0.0,3.4,14,3,0,14,8,False
5,231,0,0,0,0,0,0,0,0,0,0,0,0,0,0,0.0,0.0,0.0,0.0,0,0,0,0,0,False
5,232,1,0,0,0,0,0,0,0,0,0,0,0,0,3,2.0,0.0,0.0,0.2,1,1,0,1,1,False
5,233,90,1,0,0,1,0,0,0,0,1,0,0,0,29,18.8,7.1,7.0,3.3,3,11,3,6,5,False
5,234,0,0,0,0,0,0,0,0,0,0,0,0,0,0,0.0,0.0,0.0,0.0,0,0,0,0,0,False
5,235,0,0,0,0,0,0,0,0,0,0,0,0,0,0,0.0,0.0,0.0,0.0,0,0,0,0,0,False
5,236,90,1,0,0,1,0,0,0,0,0,0,0,0,10,1.6,31.2,28.0,6.1,0,5,2,7,3,False
5,237,74,1,0,1,0,3,0,0,0,0,0,0,0,31,7.6,28.6,10.0,4.6,1,3,0,4,5,False
5,238,78,1,0,0,1,0,0,0,0,0,0,0,0,22,11.2,57.6,8.0,7.7,0,7,0,7,3,False
5,239,90,1,0,0,1,0,0,0,0,0,0,0,0,14,10.0,19.2,4.0,3.3,4,5,0,9,3,False
5,240,45,0,0,0,0,0,0,0,0,0,0,0,0,6,6.2,11.3,10.0,2.8,0,5,2,7,1,False
5,241,0,0,0,0,0,0,0,0,0,0,0,0,0,0,0.0,0.0,0.0,0.0,0,0,0,0,0,False
5,242,11,0,0,0,0,0,0,0,0,0,0,0,0,4,0.4,0.8,4.0,0.5,0,2,0,2,1,False
5,243,0,0,0,0,0,0,0,0,0,0,0,0,0,0,0.0,0.0,0.0,0.0,0,0,0,0,0,False
5,244,90,1,0,0,1,0,0,0,0,1,0,0,0,13,5.0,26.3,4.0,3.5,1,2,2,5,2,False
5,245,24,0,0,0,0,0,0,0,0,0,0,0,0,10,7.2,24.4,26.0,5.8,0,0,0,0,1,False
5,246,0,0,0,0,0,0,0,0,0,0,0,0,0,0,0.0,0.0,0.0,0.0,0,0,0,0,0,False
5,247,1,0,0,0,0,0,0,0,0,0,0,0,0,3,0.2,0.1,0.0,0.0,0,0,0,0,1,False
5,248,0,0,0,0,0,0,0,0,0,0,0,0,0,0,0.0,0.0,0.0,0.0,0,0,0,0,0,False
5,249,90,1,1,0,1,0,0,0,0,0,0,0,0,28,34.4,12.3,27.0,7.4,2,3,0,5,6,False
5,250,90,1,0,0,0,1,0,0,0,0,0,5,0,18,34.6,0.0,0.0,3.5,2,8,0,0,3,False
5,251,0,0,0,0,0,0,0,0,0,0,0,0,0,0,0.0,0.0,0.0,0.0,0,0,0,0,0,False
5,252,0,0,0,0,0,0,0,0,0,0,0,0,0,0,0.0,0.0,0.0,0.0,0,0,0,0,0,False
5,253,10,0,0,0,0,1,0,0,0,0,0,0,0,0,10.0,0.0,0.0,1.0,5,0,0,5,1,False
5,254,90,1,0,0,0,1,0,0,0,0,0,0,0,19,30.0,30.0,0.0,6.0,4,4,3,7,2,False
5,255,0,0,0,0,0,0,0,0,0,0,0,0,0,0,0.0,0.0,0.0,0.0,0,0,0,0,0,False
5,256,0,0,0,0,0,0,0,0,0,0,0,0,0,0,0.0,0.0,0.0,0.0,0,0,0,0,0,False
5,257,90,1,0,1,0,1,0,0,0,0,0,0,1,26,26.6,1.8,17.0,4.5,6,7,2,8,6,False
5,258,90,1,0,0,0,1,0,0,0,1,0,0,0,3,20.6,5.2,2.0,2.8,9,4,0,9,1,False
5,259,90,1,0,0,0,1,0,0,0,0,0,0,0,13,31.4,10.5,5.0,4.7,10,4,0,10,4,False
5,260,0,0,0,0,0,0,0,0,0,0,0,0,0,0,0.0,0.0,0.0,0.0,0,0,0,0,0,False
5,261,70,1,0,0,1,0,0,0,0,0,0,0,2,27,21.0,63.3,26.0,11.0,1,5,1,7,5,False
5,262,0,0,0,0,0,0,0,0,0,0,0,0,0,0,0.0,0.0,0.0,0.0,0,0,0,0,0,False
5,263,19,0,0,0,0,1,0,0,0,0,0,0,0,6,5.2,0.1,17.0,2.2,1,1,0,2,1,False
5,264,70,1,0,0,1,0,0,0,0,0,0,0,0,6,4.0,3.7,8.0,1.6,1,3,2,6,3,False
5,265,76,1,0,0,1,0,0,0,0,0,0,0,0,16,10.0,15.4,7.0,3.2,2,0,0,2,3,False
5,266,0,0,0,0,0,0,0,0,0,0,0,0,0,0,0.0,0.0,0.0,0.0,0,0,0,0,0,False
5,267,72,1,0,0,0,1,0,0,0,0,0,0,0,14,9.6,16.8,0.0,2.6,2,3,1,6,2,False
5,268,79,1,0,0,1,0,0,0,0,1,0,0,0,10,3.2,6.8,46.0,5.6,1,4,0,5,2,False
5,269,0,0,0,0,0,0,0,0,0,0,0,0,0,0,0.0,0.0,0.0,0.0,0,0,0,0,0,False
5,270,0,0,0,0,0,0,0,0,0,0,0,0,0,0,0.0,0.0,0.0,0.0,0,0,0,0,0,False
5,271,10,0,0,0,0,1,0,0,0,1,0,0,0,-1,0.2,0.3,0.0,0.1,1,0,0,1,0,False
5,272,0,0,0,0,0,0,0,0,0,0,0,0,0,0,0.0,0.0,0.0,0.0,0,0,0,0,0,False
5,273,0,0,0,0,0,0,0,0,0,0,0,0,0,0,0.0,0.0,0.0,0.0,0,0,0,0,0,False
5,274,0,0,0,0,0,0,0,0,0,0,0,0,0,0,0.0,0.0,0.0,0.0,0,0,0,0,0,False
5,275,0,0,0,0,0,0,0,0,0,0,0,0,0,0,0.0,0.0,0.0,0.0,0,0,0,0,0,False
5,276,0,0,0,0,0,0,0,0,0,0,0,0,0,0,0.0,0.0,0.0,0.0,0,0,0,0,0,False
5,277,77,1,0,0,0,2,0,0,0,0,0,0,0,2,14.0,0.2,13.0,2.7,2,1,2,4,1,False
5,278,0,0,0,0,0,0,0,0,0,0,0,0,0,0,0.0,0.0,0.0,0.0,0,0,0,0,0,False
5,279,90,1,0,0,0,2,0,0,0,0,0,0,0,5,9.4,1.2,10.0,2.1,2,5,2,4,1,False
5,280,90,1,0,0,0,2,0,0,0,0,0,0,0,3,6.6,2.8,6.0,1.5,1,3,1,2,1,False
5,281,0,0,0,0,0,0,0,0,0,0,0,0,0,0,0.0,0.0,0.0,0.0,0,0,0,0,0,False
5,282,90,1,0,0,0,2,0,0,0,1,0,0,0,-1,12.2,38.8,0.0,5.1,4,2,1,5,0,False
5,283,0,0,0,0,0,0,0,0,0,0,0,0,0,0,0.0,0.0,0.0,0.0,0,0,0,0,0,False
5,284,0,0,0,0,0,0,0,0,0,0,0,0,0,0,0.0,0.0,0.0,0.0,0,0,0,0,0,False
5,285,0,0,0,0,0,0,0,0,0,0,0,0,0,0,0.0,0.0,0.0,0.0,0,0,0,0,0,False
5,286,82,1,0,1,0,2,0,0,0,1,0,0,0,22,33.0,29.1,41.0,10.3,0,5,6,11,4,False
5,287,0,0,0,0,0,0,0,0,0,0,0,0,0,0,0.0,0.0,0.0,0.0,0,0,0,0,0,False
5,288,0,0,0,0,0,0,0,0,0,0,0,0,0,0,0.0,0.0,0.0,0.0,0,0,0,0,0,False
5,289,45,1,0,0,0,2,0,0,0,1,0,0,0,6,7.8,14.5,0.0,2.2,0,0,2,2,0,False
5,290,77,1,0,0,0,2,0,0,0,0,0,0,0,9,4.2,23.8,9.0,3.7,1,2,0,3,2,False
5,291,0,0,0,0,0,0,0,0,0,0,0,0,0,0,0.0,0.0,0.0,0.0,0,0,0,0,0,False
5,292,0,0,0,0,0,0,0,0,0,0,0,0,0,0,0.0,0.0,0.0,0.0,0,0,0,0,0,False
5,293,0,0,0,0,0,0,0,0,0,0,0,0,0,0,0.0,0.0,0.0,0.0,0,0,0,0,0,False
5,294,0,0,0,0,0,0,0,0,0,0,0,0,0,0,0.0,0.0,0.0,0.0,0,0,0,0,0,False
5,295,90,1,0,0,0,2,0,0,0,1,0,0,0,5,3.0,12.6,20.0,3.6,3,3,0,6,1,False
5,296,0,0,0,0,0,0,0,0,0,0,0,0,0,0,0.0,0.0,0.0,0.0,0,0,0,0,0,False
5,297,0,0,0,0,0,0,0,0,0,0,0,0,0,0,0.0,0.0,0.0,0.0,0,0,0,0,0,False
5,298,0,0,0,0,0,0,0,0,0,0,0,0,0,0,0.0,0.0,0.0,0.0,0,0,0,0,0,False
5,299,0,0,0,0,0,0,0,0,0,0,0,0,0,0,0.0,0.0,0.0,0.0,0,0,0,0,0,False
5,300,90,1,0,0,0,1,0,0,0,0,0,1,0,10,12.0,0.0,0.0,1.2,2,17,0,0,2,False
5,301,0,0,0,0,0,0,0,0,0,0,0,0,0,0,0.0,0.0,0.0,0.0,0,0,0,0,0,False
5,302,0,0,0,0,0,0,0,0,0,0,0,0,0,0,0.0,0.0,0.0,0.0,0,0,0,0,0,False
5,303,0,0,0,0,0,0,0,0,0,0,0,0,0,0,0.0,0.0,0.0,0.0,0,0,0,0,0,False
5,304,90,1,0,0,0,1,0,0,0,0,0,0,0,12,28.6,10.5,2.0,4.1,9,5,0,9,2,False
5,305,90,1,0,0,0,1,0,0,0,0,0,0,0,2,10.4,6.3,9.0,2.6,5,2,0,5,2,False
5,306,0,0,0,0,0,0,0,0,0,0,0,0,0,0,0.0,0.0,0.0,0.0,0,0,0,0,0,False
5,307,0,0,0,0,0,0,0,0,0,0,0,0,0,0,0.0,0.0,0.0,0.0,0,0,0,0,0,False
5,308,0,0,0,0,0,0,0,0,0,0,0,0,0,0,0.0,0.0,0.0,0.0,0,0,0,0,0,False
5,309,0,0,0,0,0,0,0,0,0,0,0,0,0,0,0.0,0.0,0.0,0.0,0,0,0,0,0,False
5,310,0,0,0,0,0,0,0,0,0,0,0,0,0,0,0.0,0.0,0.0,0.0,0,0,0,0,0,False
5,311,0,0,0,0,0,0,0,0,0,0,0,0,0,0,0.0,0.0,0.0,0.0,0,0,0,0,0,False
5,312,0,0,0,0,0,0,0,0,0,0,0,0,0,0,0.0,0.0,0.0,0.0,0,0,0,0,0,False
5,313,65,1,0,0,0,1,0,0,0,0,0,0,0,10,10.0,30.1,2.0,4.2,2,2,0,4,2,False
5,314,0,0,0,0,0,0,0,0,0,0,0,0,0,0,0.0,0.0,0.0,0.0,0,0,0,0,0,False
5,315,66,1,0,0,0,1,0,0,0,0,1,0,0,4,3.2,18.8,21.0,4.3,2,2,0,4,-1,False
5,316,80,1,0,0,0,1,0,0,0,0,0,0,0,9,2.4,0.6,21.0,2.4,0,0,1,1,2,False
5,317,0,0,0,0,0,0,0,0,0,0,0,0,0,0,0.0,0.0,0.0,0.0,0,0,0,0,0,False
5,318,24,0,0,0,0,0,0,0,0,0,0,0,0,5,1.4,3.8,4.0,0.9,0,1,0,1,1,False
5,319,0,0,0,0,0,0,0,0,0,0,0,0,0,0,0.0,0.0,0.0,0.0,0,0,0,0,0,False
5,320,9,0,0,0,0,0,0,0,0,0,0,0,0,3,0.0,0.8,5.0,0.6,0,0,0,0,1,False
5,321,0,0,0,0,0,0,0,0,0,0,0,0,0,0,0.0,0.0,0.0,0.0,0,0,0,0,0,False
5,322,0,0,0,0,0,0,0,0,0,0,0,0,0,0,0.0,0.0,0.0,0.0,0,0,0,0,0,False
5,323,0,0,0,0,0,0,0,0,0,0,0,0,0,0,0.0,0.0,0.0,0.0,0,0,0,0,0,False
5,324,0,0,0,0,0,0,0,0,0,0,0,0,0,0,0.0,0.0,0.0,0.0,0,0,0,0,0,False
5,325,0,0,0,0,0,0,0,0,0,0,0,0,0,0,0.0,0.0,0.0,0.0,0,0,0,0,0,False
5,326,0,0,0,0,0,0,0,0,0,0,0,0,0,0,0.0,0.0,0.0,0.0,0,0,0,0,0,False
5,327,0,0,0,0,0,0,0,0,0,0,0,0,0,0,0.0,0.0,0.0,0.0,0,0,0,0,0,False
5,328,85,1,0,0,1,0,0,0,0,1,0,0,0,24,20.8,0.6,7.0,2.8,5,6,1,6,5,False
5,329,0,0,0,0,0,0,0,0,0,0,0,0,0,0,0.0,0.0,0.0,0.0,0,0,0,0,0,False
5,330,66,1,0,0,1,0,0,0,0,1,0,0,0,14,0.0,2.0,11.0,1.3,1,2,0,1,5,False
5,331,90,1,0,0,1,0,0,0,0,0,0,0,0,27,16.0,19.7,2.0,3.8,2,1,3,5,6,False
5,332,90,1,0,0,1,0,0,0,0,0,0,0,2,31,19.2,14.9,5.0,3.9,6,2,3,9,8,False
5,333,0,0,0,0,0,0,0,0,0,0,0,0,0,0,0.0,0.0,0.0,0.0,0,0,0,0,0,False
5,334,90,1,0,0,1,0,0,0,0,0,0,0,0,22,14.0,0.9,18.0,3.3,7,5,1,8,6,False
5,335,90,1,0,0,1,0,0,0,0,0,0,0,0,13,16.6,17.1,4.0,3.8,6,5,2,13,5,False
5,336,75,1,0,0,1,0,0,0,0,0,0,0,0,17,7.8,1.5,3.0,1.2,0,3,2,5,3,False
5,337,22,0,0,0,0,0,0,0,0,0,0,0,0,5,1.4,0.7,0.0,0.2,0,3,1,4,1,False
5,338,90,1,0,0,1,0,0,0,0,0,0,0,0,19,18.8,24.2,0.0,4.3,5,6,3,14,5,False
5,339,0,0,0,0,0,0,0,0,0,0,0,0,0,0,0.0,0.0,0.0,0.0,0,0,0,0,0,False
5,340,7,0,0,0,0,0,0,0,0,0,0,0,0,5,1.6,1.3,12.0,1.5,0,1,0,1,1,False
5,341,0,0,0,0,0,0,0,0,0,0,0,0,0,0,0.0,0.0,0.0,0.0,0,0,0,0,0,False
5,342,0,0,0,0,0,0,0,0,0,0,0,0,0,0,0.0,0.0,0.0,0.0,0,0,0,0,0,False
5,343,23,0,0,0,0,0,0,0,0,0,0,0,0,3,1.2,0.2,4.0,0.5,1,0,0,1,1,False
5,344,0,0,0,0,0,0,0,0,0,0,0,0,0,0,0.0,0.0,0.0,0.0,0,0,0,0,0,False
5,345,67,1,0,0,1,0,0,0,0,1,0,0,0,0,0.0,1.2,5.0,0.4,2,2,1,5,2,False
5,346,90,1,0,0,1,0,0,0,0,0,0,0,0,7,10.2,1.3,19.0,3.1,4,4,0,8,2,False
5,347,14,0,0,0,0,0,0,0,0,0,0,0,0,4,2.0,0.0,0.0,0.2,0,1,1,2,1,False
5,348,0,0,0,0,0,0,0,0,0,0,0,0,0,0,0.0,0.0,0.0,0.0,0,0,0,0,0,False
5,349,0,0,0,0,0,0,0,0,0,0,0,0,0,0,0.0,0.0,0.0,0.0,0,0,0,0,0,False
5,350,90,1,0,0,1,0,0,0,0,0,0,2,2,30,22.4,0.0,0.0,2.2,4,9,0,0,8,False
5,351,0,0,0,0,0,0,0,0,0,0,0,0,0,0,0.0,0.0,0.0,0.0,0,0,0,0,0,False
5,352,0,0,0,0,0,0,0,0,0,0,0,0,0,0,0.0,0.0,0.0,0.0,0,0,0,0,0,False
5,353,0,0,0,0,0,0,0,0,0,0,0,0,0,0,0.0,0.0,0.0,0.0,0,0,0,0,0,False
5,354,0,0,0,0,0,0,0,0,0,0,0,0,0,0,0.0,0.0,0.0,0.0,0,0,0,0,0,False
5,355,0,0,0,0,0,0,0,0,0,0,0,0,0,0,0.0,0.0,0.0,0.0,0,0,0,0,0,False
5,356,90,1,0,0,1,0,0,0,0,0,0,0,0,26,25.8,1.8,0.0,2.8,13,2,0,13,8,False
5,357,0,0,0,0,0,0,0,0,0,0,0,0,0,0,0.0,0.0,0.0,0.0,0,0,0,0,0,False
5,358,90,1,0,0,1,0,0,0,0,0,0,0,0,22,9.8,2.3,2.0,1.4,6,2,1,7,6,False
5,359,0,0,0,0,0,0,0,0,0,0,0,0,0,0,0.0,0.0,0.0,0.0,0,0,0,0,0,False
5,360,0,0,0,0,0,0,0,0,0,0,0,0,0,0,0.0,0.0,0.0,0.0,0,0,0,0,0,False
5,361,0,0,0,0,0,0,0,0,0,0,0,0,0,0,0.0,0.0,0.0,0.0,0,0,0,0,0,False
5,362,90,1,0,0,1,0,0,0,0,0,0,0,0,26,20.0,1.7,0.0,2.2,5,6,3,8,6,False
5,363,0,0,0,0,0,0,0,0,0,0,0,0,0,0,0.0,0.0,0.0,0.0,0,0,0,0,0,False
5,364,0,0,0,0,0,0,0,0,0,0,0,0,0,0,0.0,0.0,0.0,0.0,0,0,0,0,0,False
5,365,0,0,0,0,0,0,0,0,0,0,0,0,0,0,0.0,0.0,0.0,0.0,0,0,0,0,0,False
5,366,70,1,0,1,1,0,0,0,0,0,0,0,0,25,13.2,39.3,16.0,6.9,1,4,3,8,6,False
5,367,90,1,0,0,1,0,0,0,0,0,0,0,0,13,15.8,43.0,7.0,6.6,2,1,2,5,3,False
5,368,80,1,0,0,1,0,0,0,0,1,0,0,0,5,1.6,4.6,2.0,0.8,2,2,2,6,2,False
5,369,0,0,0,0,0,0,0,0,0,0,0,0,0,0,0.0,0.0,0.0,0.0,0,0,0,0,0,False
5,370,0,0,0,0,0,0,0,0,0,0,0,0,0,0,0.0,0.0,0.0,0.0,0,0,0,0,0,False
5,371,9,0,0,0,0,0,0,0,0,0,0,0,0,3,0.0,1.5,0.0,0.1,0,1,0,1,1,False
5,372,90,1,0,0,1,0,0,0,0,0,0,0,0,19,14.0,6.5,4.0,2.5,4,7,2,13,5,False
5,373,0,0,0,0,0,0,0,0,0,0,0,0,0,0,0.0,0.0,0.0,0.0,0,0,0,0,0,False
5,374,0,0,0,0,0,0,0,0,0,0,0,0,0,0,0.0,0.0,0.0,0.0,0,0,0,0,0,False
5,375,19,0,0,0,0,0,0,0,0,0,0,0,0,3,9.6,0.6,0.0,1.0,5,0,0,5,1,False
5,376,0,0,0,0,0,0,0,0,0,0,0,0,0,0,0.0,0.0,0.0,0.0,0,0,0,0,0,False
5,377,18,0,0,0,0,0,0,0,0,0,0,0,0,7,5.8,11.0,0.0,1.7,1,1,1,3,1,False
5,378,0,0,0,0,0,0,0,0,0,0,0,0,0,0,0.0,0.0,0.0,0.0,0,0,0,0,0,False
5,379,80,1,1,0,1,0,0,0,0,1,0,0,3,31,32.6,13.4,31.0,7.7,1,0,0,1,8,False
5,380,0,0,0,0,0,0,0,0,0,0,0,0,0,0,0.0,0.0,0.0,0.0,0,0,0,0,0,False
5,381,9,0,0,0,0,0,0,0,0,0,0,0,0,7,3.0,0.0,17.0,2.0,0,0,0,0,1,False
5,382,0,0,0,0,0,0,0,0,0,0,0,0,0,0,0.0,0.0,0.0,0.0,0,0,0,0,0,False
5,383,0,0,0,0,0,0,0,0,0,0,0,0,0,0,0.0,0.0,0.0,0.0,0,0,0,0,0,False
5,384,90,1,0,0,0,3,0,0,0,0,0,4,0,9,31.6,0.0,0.0,3.2,2,8,0,0,2,False
5,385,90,1,0,0,1,0,0,0,0,0,0,5,3,34,27.8,0.0,0.0,2.8,0,16,0,0,10,False
5,386,0,0,0,0,0,0,0,0,0,0,0,0,0,0,0.0,0.0,0.0,0.0,0,0,0,0,0,False
5,387,5,0,0,0,0,0,0,0,0,0,0,0,0,3,5.4,0.8,17.0,2.3,1,1,1,2,1,False
5,388,90,1,0,1,0,3,0,0,0,0,0,0,0,13,32.8,13.1,9.0,5.5,4,2,0,4,4,False
5,389,90,1,0,0,0,3,0,0,0,0,0,0,0,0,25.0,3.3,0.0,2.8,8,0,1,9,1,False
5,390,90,1,0,0,0,3,0,0,0,0,0,0,0,-7,4.8,0.3,7.0,1.2,4,0,0,4,1,False
5,391,90,1,0,1,0,3,0,0,0,0,0,0,0,22,34.0,11.4,2.0,4.7,7,6,0,7,4,False
5,392,0,0,0,0,0,0,0,0,0,0,0,0,0,0,0.0,0.0,0.0,0.0,0,0,0,0,0,False
5,393,0,0,0,0,0,0,0,0,0,0,0,0,0,0,0.0,0.0,0.0,0.0,0,0,0,0,0,False
5,394,0,0,0,0,0,0,0,0,0,0,0,0,0,0,0.0,0.0,0.0,0.0,0,0,0,0,0,False
5,395,0,0,0,0,0,0,0,0,0,0,0,0,0,0,0.0,0.0,0.0,0.0,0,0,0,0,0,False
5,396,0,0,0,0,0,0,0,0,0,0,0,0,0,0,0.0,0.0,0.0,0.0,0,0,0,0,0,False
5,397,90,1,2,1,0,3,0,0,0,0,0,0,2,65,95.6,34.2,42.0,17.2,2,3,2,7,17,True
5,398,0,0,0,0,0,0,0,0,0,0,0,0,0,0,0.0,0.0,0.0,0.0,0,0,0,0,0,False
5,399,84,1,1,0,0,3,0,0,0,0,0,0,1,35,42.8,43.6,27.0,11.3,2,3,0,5,8,False
5,400,15,0,0,0,0,0,0,0,0,0,0,0,0,7,3.6,13.8,5.0,2.2,1,1,0,2,1,False
5,401,90,1,0,0,0,3,0,0,0,0,0,0,0,8,5.6,6.4,6.0,1.8,0,3,1,4,2,False
5,402,0,0,0,0,0,0,0,0,0,0,0,0,0,0,0.0,0.0,0.0,0.0,0,0,0,0,0,False
5,403,90,1,0,0,0,3,0,0,0,0,0,0,0,29,24.4,59.0,53.0,13.6,2,3,0,5,2,False
5,404,0,0,0,0,0,0,0,0,0,0,0,0,0,0,0.0,0.0,0.0,0.0,0,0,0,0,0,False
5,405,0,0,0,0,0,0,0,0,0,0,0,0,0,0,0.0,0.0,0.0,0.0,0,0,0,0,0,False
5,406,0,0,0,0,0,0,0,0,0,0,0,0,0,0,0.0,0.0,0.0,0.0,0,0,0,0,0,False
5,407,0,0,0,0,0,0,0,0,0,0,0,0,0,0,0.0,0.0,0.0,0.0,0,0,0,0,0,False
5,408,0,0,0,0,0,0,0,0,0,0,0,0,0,0,0.0,0.0,0.0,0.0,0,0,0,0,0,False
5,409,0,0,0,0,0,0,0,0,0,0,0,0,0,0,0.0,0.0,0.0,0.0,0,0,0,0,0,False
5,410,0,0,0,0,0,0,0,0,0,0,0,0,0,0,0.0,0.0,0.0,0.0,0,0,0,0,0,False
5,411,90,1,1,0,0,3,0,0,0,0,0,0,0,25,28.6,2.0,57.0,8.8,2,0,0,2,6,False
5,412,90,1,0,0,0,1,0,0,0,0,0,6,0,22,47.2,0.0,0.0,4.7,0,5,0,0,4,False
5,413,0,0,0,0,0,0,0,0,0,0,0,0,0,0,0.0,0.0,0.0,0.0,0,0,0,0,0,False
5,414,0,0,0,0,0,0,0,0,0,0,0,0,0,0,0.0,0.0,0.0,0.0,0,0,0,0,0,False
5,415,6,0,0,1,0,0,0,0,0,0,0,0,0,12,18.4,11.2,11.0,4.1,2,0,0,2,4,False
5,416,0,0,0,0,0,0,0,0,0,0,0,0,0,0,0.0,0.0,0.0,0.0,0,0,0,0,0,False
5,417,90,1,0,0,0,1,0,0,0,0,0,0,0,11,8.6,15.0,7.0,3.1,1,7,1,2,2,False
5,418,90,1,0,0,0,1,0,0,0,0,0,0,0,17,17.2,17.1,12.0,4.6,4,4,1,5,2,False
5,419,90,1,0,0,0,1,1,0,0,0,0,0,0,6,12.4,13.3,22.0,4.8,4,1,0,4,0,False
5,420,0,0,0,0,0,0,0,0,0,0,0,0,0,0,0.0,0.0,0.0,0.0,0,0,0,0,0,False
5,421,0,0,0,0,0,0,0,0,0,0,0,0,0,0,0.0,0.0,0.0,0.0,0,0,0,0,0,False
5,422,0,0,0,0,0,0,0,0,0,0,0,0,0,0,0.0,0.0,0.0,0.0,0,0,0,0,0,False
5,423,83,1,0,0,0,1,0,0,0,0,0,0,0,7,6.6,6.0,4.0,1.7,3,1,0,3,2,False
5,424,0,0,0,0,0,0,0,0,0,0,0,0,0,0,0.0,0.0,0.0,0.0,0,0,0,0,0,False
5,425,0,0,0,0,0,0,0,0,0,0,0,0,0,0,0.0,0.0,0.0,0.0,0,0,0,0,0,False
5,426,90,1,0,0,0,1,0,0,0,0,0,0,0,15,14.0,58.8,13.0,8.6,0,5,1,6,2,False
5,427,90,1,0,0,0,1,0,0,0,0,0,0,0,23,14.6,46.3,30.0,9.1,2,1,1,4,2,False
5,428,90,1,1,0,0,1,0,0,0,0,0,0,3,32,42.4,35.2,26.0,10.4,1,2,0,3,10,False
5,429,76,1,0,0,0,1,0,0,0,0,0,0,0,15,16.6,53.7,58.0,12.8,2,0,0,2,2,False
5,430,10,0,0,0,0,0,0,0,0,0,0,0,0,3,0.6,1.1,5.0,0.7,0,1,0,1,1,False
5,431,0,0,0,0,0,0,0,0,0,0,0,0,0,0,0.0,0.0,0.0,0.0,0,0,0,0,0,False
5,432,79,1,0,0,0,1,0,0,0,0,0,0,0,18,11.2,17.4,9.0,3.8,1,10,1,12,4,False
5,433,0,0,0,0,0,0,0,0,0,0,0,0,0,0,0.0,0.0,0.0,0.0,0,0,0,0,0,False
5,434,0,0,0,0,0,0,0,0,0,0,0,0,0,0,0.0,0.0,0.0,0.0,0,0,0,0,0,False
5,435,0,0,0,0,0,0,0,0,0,0,0,0,0,0,0.0,0.0,0.0,0.0,0,0,0,0,0,False
5,436,0,0,0,0,0,0,0,0,0,0,0,0,0,0,0.0,0.0,0.0,0.0,0,0,0,0,0,False
5,437,0,0,0,0,0,0,0,0,0,0,0,0,0,0,0.0,0.0,0.0,0.0,0,0,0,0,0,False
5,438,0,0,0,0,0,0,0,0,0,0,0,0,0,0,0.0,0.0,0.0,0.0,0,0,0,0,0,False
5,439,0,0,0,0,0,0,0,0,0,0,0,0,0,0,0.0,0.0,0.0,0.0,0,0,0,0,0,False
5,440,13,0,0,0,0,0,0,0,0,0,0,0,0,4,3.2,10.1,0.0,1.3,1,0,0,1,1,False
5,441,0,0,0,0,0,0,0,0,0,0,0,0,0,0,0.0,0.0,0.0,0.0,0,0,0,0,0,False
5,442,0,0,0,0,0,0,0,0,0,0,0,0,0,0,0.0,0.0,0.0,0.0,0,0,0,0,0,False
5,443,0,0,0,0,0,0,0,0,0,0,0,0,0,0,0.0,0.0,0.0,0.0,0,0,0,0,0,False
5,444,0,0,0,0,0,0,0,0,0,0,0,0,0,0,0.0,0.0,0.0,0.0,0,0,0,0,0,False
5,445,90,1,0,0,0,1,0,0,0,0,0,0,0,13,31.4,1.4,2.0,3.5,13,3,0,13,4,False
5,446,24,0,0,0,0,1,0,0,0,0,0,0,0,1,25.0,10.5,0.0,3.6,7,0,0,7,1,False
5,447,90,1,0,0,0,1,0,0,0,0,0,0,0,12,35.2,0.8,17.0,5.3,17,1,1,18,4,False
5,448,0,0,0,0,0,0,0,0,0,0,0,0,0,0,0.0,0.0,0.0,0.0,0,0,0,0,0,False
5,449,90,1,1,0,0,1,0,0,0,0,0,0,3,38,65.6,29.2,24.0,11.9,9,7,1,10,13,True
5,450,0,0,0,0,0,0,0,0,0,0,0,0,0,0,0.0,0.0,0.0,0.0,0,0,0,0,0,False
5,451,0,0,0,0,0,0,0,0,0,0,0,0,0,0,0.0,0.0,0.0,0.0,0,0,0,0,0,False
5,452,59,1,0,0,0,3,0,0,0,0,0,0,0,12,4.2,1.8,6.0,1.2,2,4,0,6,1,False
5,453,90,1,0,2,0,1,0,0,0,0,0,0,1,34,47.6,36.8,27.0,11.1,4,5,0,9,9,False
5,454,0,0,0,0,0,0,0,0,0,0,0,0,0,0,0.0,0.0,0.0,0.0,0,0,0,0,0,False
5,455,83,1,0,0,0,3,0,0,0,0,0,0,0,18,16.8,17.6,10.0,4.4,1,4,6,11,2,False
5,456,0,0,0,0,0,0,0,0,0,0,0,0,0,0,0.0,0.0,0.0,0.0,0,0,0,0,0,False
5,457,90,1,0,0,0,1,0,0,0,1,0,0,0,12,9.4,19.7,4.0,3.3,3,3,2,8,1,False
5,458,0,0,0,0,0,0,0,0,0,0,0,0,0,0,0.0,0.0,0.0,0.0,0,0,0,0,0,False
5,459,90,1,0,0,0,1,0,0,0,0,0,0,0,19,21.8,15.6,0.0,3.7,7,5,4,16,4,False
5,460,86,1,1,0,0,1,0,0,0,0,0,0,3,38,40.2,7.3,22.0,7.0,1,4,1,6,10,False
5,461,16,0,0,0,0,0,0,0,0,0,0,0,0,2,1.0,0.0,0.0,0.1,1,1,0,2,1,False
5,462,65,1,0,0,1,0,0,0,0,0,0,0,0,18,16.0,30.3,0.0,4.6,2,3,2,7,3,False
5,463,0,0,0,0,0,0,0,0,0,0,0,0,0,0,0.0,0.0,0.0,0.0,0,0,0,0,0,False
5,464,90,1,0,0,0,1,0,0,1,0,0,0,0,0,8.8,5.2,20.0,3.4,2,3,0,5,0,False
5,465,0,0,0,0,0,0,0,0,0,0,0,0,0,0,0.0,0.0,0.0,0.0,0,0,0,0,0,False
5,466,0,0,0,0,0,0,0,0,0,0,0,0,0,0,0.0,0.0,0.0,0.0,0,0,0,0,0,False
5,467,90,1,0,0,0,1,0,0,0,0,0,2,0,10,13.8,0.0,0.0,1.4,0,9,0,0,2,False
5,468,0,0,0,0,0,0,0,0,0,0,0,0,0,0,0.0,0.0,0.0,0.0,0,0,0,0,0,False
5,469,90,1,0,0,0,1,0,0,0,0,0,0,0,19,20.6,61.8,16.0,9.8,1,8,1,2,2,False
5,470,0,0,0,0,0,0,0,0,0,0,0,0,0,0,0.0,0.0,0.0,0.0,0,0,0,0,0,False
5,471,0,0,0,0,0,0,0,0,0,0,0,0,0,0,0.0,0.0,0.0,0.0,0,0,0,0,0,False
5,472,90,1,0,0,0,1,0,0,0,0,0,0,0,16,30.0,24.3,9.0,6.3,10,2,1,11,4,False
5,473,0,0,0,0,0,0,0,0,0,0,0,0,0,0,0.0,0.0,0.0,0.0,0,0,0,0,0,False
5,474,90,1,0,0,0,1,0,0,0,1,0,0,0,5,14.2,11.8,1.0,2.7,6,3,2,8,1,False
5,475,0,0,0,0,0,0,0,0,0,0,0,0,0,0,0.0,0.0,0.0,0.0,0,0,0,0,0,False
5,476,0,0,0,0,0,0,0,0,0,0,0,0,0,0,0.0,0.0,0.0,0.0,0,0,0,0,0,False
5,477,0,0,0,0,0,0,0,0,0,0,0,0,0,0,0.0,0.0,0.0,0.0,0,0,0,0,0,False
5,478,7,0,0,0,0,0,0,0,0,0,0,0,0,5,4.0,16.6,2.0,2.3,0,0,0,0,1,False
5,479,0,0,0,0,0,0,0,0,0,0,0,0,0,0,0.0,0.0,0.0,0.0,0,0,0,0,0,False
5,480,90,1,0,0,0,1,0,0,0,0,0,0,0,25,22.4,81.4,6.0,11.0,0,2,0,2,2,False
5,481,90,1,0,0,0,3,0,0,0,0,0,0,0,15,13.4,4.7,1.0,1.9,4,3,2,9,2,False
5,482,0,0,0,0,0,0,0,0,0,0,0,0,0,0,0.0,0.0,0.0,0.0,0,0,0,0,0,False
5,483,58,1,0,0,0,1,0,0,0,0,0,0,0,3,1.4,25.3,16.0,4.3,1,0,0,1,1,False
5,484,0,0,0,0,0,0,0,0,0,0,0,0,0,0,0.0,0.0,0.0,0.0,0,0,0,0,0,False
5,485,0,0,0,0,0,0,0,0,0,0,0,0,0,0,0.0,0.0,0.0,0.0,0,0,0,0,0,False
5,486,82,1,0,0,0,1,0,0,0,0,0,0,0,17,13.6,27.0,18.0,5.9,1,2,1,4,2,False
5,487,0,0,0,0,0,0,0,0,0,0,0,0,0,0,0.0,0.0,0.0,0.0,0,0,0,0,0,False
5,488,7,0,0,0,0,0,0,0,0,0,0,0,0,3,1.4,0.3,0.0,0.2,0,0,0,0,1,False
5,489,0,0,0,0,0,0,0,0,0,0,0,0,0,0,0.0,0.0,0.0,0.0,0,0,0,0,0,False
5,490,17,0,0,0,0,0,0,0,0,0,0,0,0,4,1.0,2.3,0.0,0.3,0,0,0,0,1,False
5,491,31,0,0,0,0,0,0,0,0,0,0,0,0,4,3.4,9.2,14.0,2.7,0,3,0,3,1,False
5,492,0,0,0,0,0,0,0,0,0,0,0,0,0,0,0.0,0.0,0.0,0.0,0,0,0,0,0,False
5,493,0,0,0,0,0,0,0,0,0,0,0,0,0,0,0.0,0.0,0.0,0.0,0,0,0,0,0,False
5,494,0,0,0,0,0,0,0,0,0,0,0,0,0,0,0.0,0.0,0.0,0.0,0,0,0,0,0,False
5,495,0,0,0,0,0,0,0,0,0,0,0,0,0,0,0.0,0.0,0.0,0.0,0,0,0,0,0,False
5,496,90,1,0,0,0,3,0,0,0,0,0,3,0,5,27.2,0.0,0.0,2.7,0,5,0,0,2,False
5,497,0,0,0,0,0,0,0,0,0,0,0,0,0,0,0.0,0.0,0.0,0.0,0,0,0,0,0,False
5,498,0,0,0,0,0,0,0,0,0,0,0,0,0,0,0.0,0.0,0.0,0.0,0,0,0,0,0,False
5,499,18,1,0,0,0,0,0,0,0,0,0,0,0,4,0.0,3.9,1.0,0.5,0,0,1,1,1,False
5,500,0,0,0,0,0,0,0,0,0,0,0,0,0,0,0.0,0.0,0.0,0.0,0,0,0,0,0,False
5,501,90,1,0,0,0,5,0,0,0,0,0,0,0,-8,17.6,11.0,19.0,4.8,8,5,0,8,0,False
5,502,90,1,0,1,0,3,0,0,0,0,0,0,0,15,29.8,56.1,6.0,9.2,1,7,2,3,4,False
5,503,90,1,0,0,0,3,0,0,0,0,0,0,0,7,24.2,2.3,4.0,3.1,5,5,1,6,1,False
5,504,90,1,0,0,1,0,0,0,0,0,0,0,0,27,20.6,1.6,2.0,2.4,10,4,2,12,8,False
5,505,0,0,0,0,0,0,0,0,0,0,0,0,0,0,0.0,0.0,0.0,0.0,0,0,0,0,0,False
5,506,0,0,0,0,0,0,0,0,0,0,0,0,0,0,0.0,0.0,0.0,0.0,0,0,0,0,0,False
5,507,0,0,0,0,0,0,0,0,0,0,0,0,0,0,0.0,0.0,0.0,0.0,0,0,0,0,0,False
5,508,0,0,0,0,0,0,0,0,0,0,0,0,0,0,0.0,0.0,0.0,0.0,0,0,0,0,0,False
5,509,0,0,0,0,0,0,0,0,0,0,0,0,0,0,0.0,0.0,0.0,0.0,0,0,0,0,0,False
5,510,0,0,0,0,0,0,0,0,0,0,0,0,0,0,0.0,0.0,0.0,0.0,0,0,0,0,0,False
5,511,0,0,0,0,0,0,0,0,0,0,0,0,0,0,0.0,0.0,0.0,0.0,0,0,0,0,0,False
5,512,45,0,0,1,0,2,0,0,0,0,0,0,0,24,24.8,17.5,7.0,4.9,0,5,2,7,4,False
5,513,0,0,0,0,0,0,0,0,0,0,0,0,0,0,0.0,0.0,0.0,0.0,0,0,0,0,0,False
5,514,0,0,0,0,0,0,0,0,0,0,0,0,0,0,0.0,0.0,0.0,0.0,0,0,0,0,0,False
5,515,24,0,0,0,0,2,0,0,0,0,0,0,0,9,10.6,2.4,11.0,2.4,0,2,4,6,1,False
5,516,83,1,0,0,0,3,0,0,0,0,0,0,0,15,19.0,6.3,2.0,2.7,3,8,6,17,4,False
5,517,0,0,0,0,0,0,0,0,0,0,0,0,0,0,0.0,0.0,0.0,0.0,0,0,0,0,0,False
5,518,0,0,0,0,0,0,0,0,0,0,0,0,0,0,0.0,0.0,0.0,0.0,0,0,0,0,0,False
5,519,6,0,1,0,0,0,0,0,0,0,0,0,0,24,38.4,2.3,33.0,7.4,0,1,3,4,6,False
5,520,6,0,0,0,0,0,0,0,0,0,0,0,0,3,3.0,0.9,2.0,0.6,0,0,1,1,1,False
5,521,0,0,0,0,0,0,0,0,0,0,0,0,0,0,0.0,0.0,0.0,0.0,0,0,0,0,0,False
5,522,71,0,0,0,0,3,0,0,0,0,0,0,0,14,10.8,3.1,17.0,3.1,1,2,2,5,2,False
5,523,0,0,0,0,0,0,0,0,0,0,0,0,0,0,0.0,0.0,0.0,0.0,0,0,0,0,0,False
5,524,0,0,0,0,0,0,0,0,0,0,0,0,0,0,0.0,0.0,0.0,0.0,0,0,0,0,0,False
5,525,45,1,0,0,0,1,0,0,0,0,0,0,0,2,0.0,5.7,9.0,1.1,2,4,1,7,1,False
5,526,65,1,0,0,0,1,0,0,0,0,0,0,0,9,5.2,12.6,16.0,3.4,1,3,2,6,2,False
5,527,0,0,0,0,0,0,0,0,0,0,0,0,0,0,0.0,0.0,0.0,0.0,0,0,0,0,0,False
5,528,0,0,0,0,0,0,0,0,0,0,0,0,0,0,0.0,0.0,0.0,0.0,0,0,0,0,0,False
5,529,90,1,0,0,0,5,0,0,0,0,0,1,0,-8,14.4,0.0,0.0,1.4,2,4,0,0,0,False
5,530,0,0,0,0,0,0,0,0,0,0,0,0,0,0,0.0,0.0,0.0,0.0,0,0,0,0,0,False
5,531,0,0,0,0,0,0,0,0,0,0,0,0,0,0,0.0,0.0,0.0,0.0,0,0,0,0,0,False
5,532,90,1,0,0,0,5,0,0,0,0,0,0,0,-12,28.4,0.3,11.0,4.0,10,3,4,14,2,False
5,533,90,1,0,0,0,5,0,0,0,0,0,0,0,5,30.2,30.5,11.0,7.2,5,3,4,9,0,False
5,534,11,0,0,0,0,1,0,0,0,0,0,0,0,-2,0.4,0.4,8.0,0.9,0,0,1,1,1,False
5,535,0,0,0,0,0,0,0,0,0,0,0,0,0,0,0.0,0.0,0.0,0.0,0,0,0,0,0,False
5,536,0,0,0,0,0,0,0,0,0,0,0,0,0,0,0.0,0.0,0.0,0.0,0,0,0,0,0,False
5,537,0,0,0,0,0,0,0,0,0,0,0,0,0,0,0.0,0.0,0.0,0.0,0,0,0,0,0,False
5,538,0,0,0,0,0,0,0,0,0,0,0,0,0,0,0.0,0.0,0.0,0.0,0,0,0,0,0,False
5,539,0,0,0,0,0,0,0,0,0,0,0,0,0,0,0.0,0.0,0.0,0.0,0,0,0,0,0,False
5,540,0,0,0,0,0,0,0,0,0,0,0,0,0,0,0.0,0.0,0.0,0.0,0,0,0,0,0,False
5,541,78,1,0,1,0,4,0,0,0,0,0,0,0,5,22.8,12.8,2.0,3.8,2,3,2,4,3,False
5,542,90,1,0,1,0,5,0,0,0,0,0,0,0,33,33.8,72.8,2.0,10.9,2,0,1,3,5,False
5,543,0,0,0,0,0,0,0,0,0,0,0,0,0,0,0.0,0.0,0.0,0.0,0,0,0,0,0,False
5,544,90,1,0,0,0,5,0,0,0,0,0,0,0,25,24.6,37.3,0.0,6.2,3,2,3,8,2,False
5,545,67,1,0,0,0,4,0,0,0,0,0,0,0,9,0.0,3.3,1.0,0.3,1,2,0,3,2,False
5,546,0,0,0,0,0,0,0,0,0,0,0,0,0,0,0.0,0.0,0.0,0.0,0,0,0,0,0,False
5,547,0,0,0,0,0,0,0,0,0,0,0,0,0,0,0.0,0.0,0.0,0.0,0,0,0,0,0,False
5,548,0,0,0,0,0,0,0,0,0,0,0,0,0,0,0.0,0.0,0.0,0.0,0,0,0,0,0,False
5,549,0,0,0,0,0,0,0,0,0,0,0,0,0,0,0.0,0.0,0.0,0.0,0,0,0,0,0,False
5,550,0,0,0,0,0,0,0,0,0,0,0,0,0,0,0.0,0.0,0.0,0.0,0,0,0,0,0,False
5,551,59,1,0,1,0,4,0,0,0,0,0,0,0,13,21.4,11.7,13.0,4.6,3,1,0,4,4,False
5,552,90,1,3,0,0,5,0,0,0,0,0,0,3,92,104.0,16.1,84.0,20.4,0,0,0,0,17,True
5,553,22,0,0,0,0,1,0,0,0,0,0,0,0,3,0.2,0.3,0.0,0.1,0,1,1,2,1,False
5,554,0,0,0,0,0,0,0,0,0,0,0,0,0,0,0.0,0.0,0.0,0.0,0,0,0,0,0,False
5,555,0,0,0,0,0,0,0,0,0,0,0,0,0,0,0.0,0.0,0.0,0.0,0,0,0,0,0,False
5,556,0,0,0,0,0,0,0,0,0,0,0,0,0,0,0.0,0.0,0.0,0.0,0,0,0,0,0,False
5,557,72,1,0,0,0,3,0,0,0,0,0,0,0,9,5.0,6.2,6.0,1.7,1,1,1,3,2,False
5,558,90,1,0,0,0,1,0,0,0,0,0,0,0,16,13.6,5.8,4.0,2.3,2,3,2,7,2,False
5,559,3,0,0,0,0,0,0,0,0,0,0,0,0,3,6.2,0.1,0.0,0.6,2,1,1,4,1,False
5,560,0,0,0,0,0,0,0,0,0,0,0,0,0,0,0.0,0.0,0.0,0.0,0,0,0,0,0,False
5,561,0,0,0,0,0,0,0,0,0,0,0,0,0,0,0.0,0.0,0.0,0.0,0,0,0,0,0,False
5,562,16,0,0,0,0,0,0,0,0,0,0,0,0,5,2.2,0.3,4.0,0.7,0,0,1,1,1,False
5,563,0,0,0,0,0,0,0,0,0,0,0,0,0,0,0.0,0.0,0.0,0.0,0,0,0,0,0,False
5,564,0,0,0,0,0,0,0,0,0,0,0,0,0,0,0.0,0.0,0.0,0.0,0,0,0,0,0,False
5,565,21,0,0,0,0,0,0,0,0,1,0,0,0,0,2.2,0.0,0.0,0.2,1,1,1,3,0,False
5,566,90,1,0,0,0,1,0,0,0,1,0,0,0,8,32.8,1.5,2.0,3.6,13,2,2,15,3,False
5,567,90,1,0,0,0,1,0,0,0,0,0,3,0,14,17.0,0.0,0.0,1.7,3,12,0,0,3,False
5,568,86,1,0,0,0,2,0,0,0,0,0,0,0,21,11.2,4.3,5.0,2.1,2,4,3,9,2,False
5,569,79,1,0,0,1,0,0,0,0,0,0,0,0,3,0.0,14.8,12.0,2.3,1,1,0,2,2,False
5,570,19,0,0,0,0,1,0,0,0,0,0,0,0,5,5.8,10.3,0.0,1.6,1,2,1,4,1,False
5,571,17,0,0,0,0,0,0,0,0,0,0,0,0,1,0.0,1.0,0.0,0.0,0,0,0,0,1,False
5,572,90,1,0,0,0,2,0,1,0,1,0,3,0,16,48.2,0.0,0.0,4.8,0,11,1,0,6,False
5,573,0,0,0,0,0,0,0,0,0,0,0,0,0,0,0.0,0.0,0.0,0.0,0,0,0,0,0,False
5,574,0,0,0,0,0,0,0,0,0,0,0,0,0,0,0.0,0.0,0.0,0.0,0,0,0,0,0,False
5,575,90,1,0,0,1,0,0,0,0,0,0,0,0,10,5.0,11.7,0.0,1.7,2,2,1,5,3,False
5,576,0,0,0,0,0,0,0,0,0,0,0,0,0,0,0.0,0.0,0.0,0.0,0,0,0,0,0,False
5,577,45,1,0,0,0,0,0,0,0,0,0,0,0,4,10.6,10.6,2.0,2.3,3,0,0,3,1,False
5,578,0,0,0,0,0,0,0,0,0,0,0,0,0,0,0.0,0.0,0.0,0.0,0,0,0,0,0,False
5,579,90,1,0,0,1,0,0,0,0,0,0,0,1,28,12.0,2.8,2.0,1.7,3,6,2,5,7,False
5,580,90,1,0,0,0,1,0,0,0,0,0,0,0,16,40.0,3.4,0.0,4.3,11,0,2,13,4,False
5,581,72,1,0,0,0,1,0,0,0,0,0,0,0,4,7.8,0.6,8.0,1.6,5,7,0,5,2,False
5,582,0,0,0,0,0,0,0,0,0,0,0,0,0,0,0.0,0.0,0.0,0.0,0,0,0,0,0,False
5,583,90,1,0,0,0,3,0,0,0,0,0,0,0,7,17.6,27.2,4.0,4.9,6,3,3,9,1,False
5,584,0,0,0,0,0,0,0,0,0,0,0,0,0,0,0.0,0.0,0.0,0.0,0,0,0,0,0,False
5,585,90,1,0,0,0,2,0,0,0,0,0,0,0,11,23.6,22.4,11.0,5.7,7,5,1,8,1,False
5,586,0,0,0,0,0,0,0,0,0,0,0,0,0,0,0.0,0.0,0.0,0.0,0,0,0,0,0,False
5,587,0,0,0,0,0,0,0,0,0,0,0,0,0,0,0.0,0.0,0.0,0.0,0,0,0,0,0,False
5,588,90,1,0,0,1,0,0,0,0,0,0,0,0,23,15.8,2.5,2.0,2.0,4,11,2,6,6,False
5,589,12,0,0,0,0,0,0,0,0,0,0,0,0,5,3.2,11.0,2.0,1.6,0,0,1,1,1,False
5,590,0,0,0,0,0,0,0,0,0,0,0,0,0,0,0.0,0.0,0.0,0.0,0,0,0,0,0,False
5,591,73,1,0,0,0,1,0,0,0,0,0,0,0,11,4.4,12.9,25.0,4.2,0,5,0,5,2,False
5,592,90,1,0,0,0,1,0,0,0,0,0,0,0,17,20.0,11.4,9.0,4.0,5,10,3,8,2,False
5,593,0,0,0,0,0,0,0,0,0,0,0,0,0,0,0.0,0.0,0.0,0.0,0,0,0,0,0,False
5,594,0,0,0,0,0,0,0,0,0,0,0,0,0,0,0.0,0.0,0.0,0.0,0,0,0,0,0,False
5,595,0,0,0,0,0,0,0,0,0,0,0,0,0,0,0.0,0.0,0.0,0.0,0,0,0,0,0,False
5,596,90,1,0,0,0,2,0,0,0,0,0,0,0,11,19.4,11.5,1.0,3.2,13,9,0,13,3,False
5,597,90,1,0,0,0,2,0,0,0,0,0,5,0,17,36.2,0.0,0.0,3.6,3,12,0,0,2,False
5,598,90,1,0,0,1,0,0,0,0,0,0,0,0,27,20.8,2.3,17.0,4.0,4,1,0,4,6,False
5,599,0,0,0,0,0,0,0,0,0,0,0,0,0,0,0.0,0.0,0.0,0.0,0,0,0,0,0,False
5,600,0,0,0,0,0,0,0,0,0,0,0,0,0,0,0.0,0.0,0.0,0.0,0,0,0,0,0,False
5,601,0,0,0,0,0,0,0,0,0,0,0,0,0,0,0.0,0.0,0.0,0.0,0,0,0,0,0,False
5,602,0,0,0,0,0,0,0,0,0,0,0,0,0,0,0.0,0.0,0.0,0.0,0,0,0,0,0,False
5,603,0,0,0,0,0,0,0,0,0,0,0,0,0,0,0.0,0.0,0.0,0.0,0,0,0,0,0,False
5,604,0,0,0,0,0,0,0,0,0,0,0,0,0,0,0.0,0.0,0.0,0.0,0,0,0,0,0,False
5,605,5,0,0,0,0,0,0,0,0,0,0,0,0,9,2.2,10.3,6.0,1.9,0,0,1,1,1,False
5,606,0,0,0,0,0,0,0,0,0,0,0,0,0,0,0.0,0.0,0.0,0.0,0,0,0,0,0,False
5,607,0,0,0,0,0,0,0,0,0,0,0,0,0,0,0.0,0.0,0.0,0.0,0,0,0,0,0,False
5,608,15,0,0,0,0,0,0,0,0,0,0,0,0,3,0.2,0.8,4.0,0.5,0,0,0,0,1,False
5,609,0,0,0,0,0,0,0,0,0,0,0,0,0,0,0.0,0.0,0.0,0.0,0,0,0,0,0,False
5,610,0,0,0,0,0,0,0,0,0,0,0,0,0,0,0.0,0.0,0.0,0.0,0,0,0,0,0,False
5,611,45,1,0,0,0,0,0,0,0,0,0,0,0,6,10.4,1.4,0.0,1.2,4,0,2,6,1,False
5,612,90,1,0,0,0,5,0,0,0,1,0,0,0,-8,8.0,2.0,2.0,1.2,2,4,1,3,-1,False
5,613,0,0,0,0,0,0,0,0,0,0,0,0,0,0,0.0,0.0,0.0,0.0,0,0,0,0,0,False
5,614,0,0,0,0,0,0,0,0,0,0,0,0,0,0,0.0,0.0,0.0,0.0,0,0,0,0,0,False
5,615,0,0,0,0,0,0,0,0,0,0,0,0,0,0,0.0,0.0,0.0,0.0,0,0,0,0,0,False
5,616,0,0,0,0,0,0,0,0,0,0,0,0,0,0,0.0,0.0,0.0,0.0,0,0,0,0,0,False
5,617,27,0,1,0,0,0,0,0,0,0,0,0,0,25,39.2,25.1,17.0,8.1,0,0,0,0,6,False
5,618,0,0,0,0,0,0,0,0,0,0,0,0,0,0,0.0,0.0,0.0,0.0,0,0,0,0,0,False
5,619,80,1,0,0,0,1,0,0,0,0,0,0,0,15,10.0,6.2,0.0,1.6,2,3,1,6,2,False
5,620,9,0,0,0,0,0,0,0,0,0,0,0,0,3,2.2,0.3,0.0,0.3,1,0,0,1,1,False
5,621,0,0,0,0,0,0,0,0,0,0,0,0,0,0,0.0,0.0,0.0,0.0,0,0,0,0,0,False
5,622,0,0,0,0,0,0,0,0,0,0,0,0,0,0,0.0,0.0,0.0,0.0,0,0,0,0,0,False
5,623,0,0,0,0,0,0,0,0,0,0,0,0,0,0,0.0,0.0,0.0,0.0,0,0,0,0,0,False
5,624,0,0,0,0,0,0,0,0,0,0,0,0,0,0,0.0,0.0,0.0,0.0,0,0,0,0,0,False
5,625,0,0,0,0,0,0,0,0,0,0,0,0,0,0,0.0,0.0,0.0,0.0,0,0,0,0,0,False
5,626,0,0,0,0,0,0,0,0,0,0,0,0,0,0,0.0,0.0,0.0,0.0,0,0,0,0,0,False
5,627,71,1,0,0,1,0,0,0,0,0,0,0,0,8,2.2,3.3,21.0,2.7,0,3,0,3,3,False
5,628,0,0,0,0,0,0,0,0,0,0,0,0,0,0,0.0,0.0,0.0,0.0,0,0,0,0,0,False
5,629,0,0,0,0,0,0,0,0,0,0,0,0,0,0,0.0,0.0,0.0,0.0,0,0,0,0,0,False
5,630,0,0,0,0,0,0,0,0,0,0,0,0,0,0,0.0,0.0,0.0,0.0,0,0,0,0,0,False
5,631,6,0,0,0,0,2,0,0,0,0,0,0,0,2,0.0,0.0,0.0,0.0,0,0,0,0,1,False
5,632,0,0,0,0,0,0,0,0,0,0,0,0,0,0,0.0,0.0,0.0,0.0,0,0,0,0,0,False
5,633,0,0,0,0,0,0,0,0,0,0,0,0,0,0,0.0,0.0,0.0,0.0,0,0,0,0,0,False
5,634,73,1,0,0,0,1,0,0,0,0,0,0,0,7,1.2,0.8,5.0,0.7,0,1,1,2,2,False
5,635,13,0,0,0,0,1,0,0,0,0,0,0,0,3,3.2,0.1,0.0,0.3,2,2,0,4,1,False
5,636,0,0,0,0,0,0,0,0,0,0,0,0,0,0,0.0,0.0,0.0,0.0,0,0,0,0,0,False
5,637,12,0,0,0,0,0,0,0,0,0,0,0,0,5,2.4,11.2,2.0,1.6,0,1,0,1,1,False
5,638,0,0,0,0,0,0,0,0,0,0,0,0,0,0,0.0,0.0,0.0,0.0,0,0,0,0,0,False
5,639,84,1,1,0,1,0,0,0,0,0,0,0,0,27,33.4,4.8,37.0,7.5,2,7,0,9,8,False
5,640,9,0,0,0,0,0,0,0,0,1,0,0,0,-2,0.0,10.3,4.0,1.4,0,2,1,3,0,False
5,641,0,0,0,0,0,0,0,0,0,0,0,0,0,0,0.0,0.0,0.0,0.0,0,0,0,0,0,False
5,642,62,1,0,0,0,2,0,0,0,0,0,0,0,2,0.0,15.3,8.0,2.0,0,2,1,3,2,False
5,643,0,0,0,0,0,0,0,0,0,0,0,0,0,0,0.0,0.0,0.0,0.0,0,0,0,0,0,False
5,644,90,1,0,0,1,0,0,0,0,0,0,0,0,13,8.4,24.0,6.0,3.8,2,1,2,5,3,False
5,645,0,0,0,0,0,0,0,0,0,0,0,0,0,0,0.0,0.0,0.0,0.0,0,0,0,0,0,False
5,646,30,0,0,0,0,1,0,0,0,0,0,0,0,6,12.4,0.8,38.0,5.1,0,2,1,3,1,False
5,647,0,0,0,0,0,0,0,0,0,0,0,0,0,0,0.0,0.0,0.0,0.0,0,0,0,0,0,False
5,648,1,0,0,0,0,0,0,0,0,0,0,0,0,5,1.0,0.3,0.0,0.1,0,0,0,0,1,False
5,649,90,1,0,0,1,0,0,0,0,0,0,0,2,39,23.8,26.0,0.0,5.0,5,3,3,8,8,False
5,650,90,1,0,0,0,1,0,0,0,0,0,0,0,17,32.4,11.3,0.0,4.4,9,4,2,11,4,False
5,651,0,0,0,0,0,0,0,0,0,0,0,0,0,0,0.0,0.0,0.0,0.0,0,0,0,0,0,False
5,652,0,0,0,0,0,0,0,0,0,0,0,0,0,0,0.0,0.0,0.0,0.0,0,0,0,0,0,False
5,653,0,0,0,0,0,0,0,0,0,0,0,0,0,0,0.0,0.0,0.0,0.0,0,0,0,0,0,False
5,654,0,0,0,0,0,0,0,0,0,0,0,0,0,0,0.0,0.0,0.0,0.0,0,0,0,0,0,False
5,655,0,0,0,0,0,0,0,0,0,0,0,0,0,0,0.0,0.0,0.0,0.0,0,0,0,0,0,False
5,656,90,1,0,0,1,0,0,0,0,0,0,0,0,27,17.6,0.7,4.0,2.2,7,3,1,8,6,False
5,657,0,0,0,0,0,0,0,0,0,0,0,0,0,0,0.0,0.0,0.0,0.0,0,0,0,0,0,False
5,658,0,0,0,0,0,0,0,0,0,0,0,0,0,0,0.0,0.0,0.0,0.0,0,0,0,0,0,False
5,659,0,0,0,0,0,0,0,0,0,0,0,0,0,0,0.0,0.0,0.0,0.0,0,0,0,0,0,False
5,660,0,0,0,0,0,0,0,0,0,0,0,0,0,0,0.0,0.0,0.0,0.0,0,0,0,0,0,False
5,661,0,0,0,0,0,0,0,0,0,0,0,0,0,0,0.0,0.0,0.0,0.0,0,0,0,0,0,False
5,662,3,0,0,0,0,1,0,0,0,0,0,0,0,5,4.6,1.7,0.0,0.6,0,0,2,2,1,False
5,663,0,0,0,0,0,0,0,0,0,0,0,0,0,0,0.0,0.0,0.0,0.0,0,0,0,0,0,False
5,664,0,0,0,0,0,0,0,0,0,0,0,0,0,0,0.0,0.0,0.0,0.0,0,0,0,0,0,False
5,665,0,0,0,0,0,0,0,0,0,0,0,0,0,0,0.0,0.0,0.0,0.0,0,0,0,0,0,False
5,666,0,0,0,0,0,0,0,0,0,0,0,0,0,0,0.0,0.0,0.0,0.0,0,0,0,0,0,False
5,667,0,0,0,0,0,0,0,0,0,0,0,0,0,0,0.0,0.0,0.0,0.0,0,0,0,0,0,False
